Binomial,ID,1950,1951,1952,1953,1954,1955,1956,1957,1958,1959,1960,1961,1962,1963,1964,1965,1966,1967,1968,1969,1970,1971,1972,1973,1974,1975,1976,1977,1978,1979,1980,1981,1982,1983,1984,1985,1986,1987,1988,1989,1990,1991,1992,1993,1994,1995,1996,1997,1998,1999,2000,2001,2002,2003,2004,2005,2006,2007,2008,2009,2010,2011,2012,2013,2014,2015,2016,2017,2018,2019,2020,2021,2022,2023,2024,2025,2026,2027,2028,2029,2030,2031,2032,2033,2034,2035,2036,2037,2038,2039,2040,2041,2042,2043,2044,2045,2046,2047,2048,2049,2050,2051,2052,2053,2054,2055,2056,2057,2058,2059,2060,2061,2062,2063,2064,2065,2066,2067,2068,2069,2070,2071,2072,2073,2074,2075,2076,2077,2078,2079,2080,2081,2082,2083,2084,2085,2086,2087,2088,2089,2090,2091,2092,2093,2094,2095,2096,2097,2098,2099,2100,2101,2102
POB,1,NA,NA,NA,NA,NA,NA,NA,NA,NA,NA,NA,NA,NA,NA,NA,NA,NA,NA,NA,NA,NA,NA,NA,NA,NA,NA,NA,NA,NA,NA,NA,161.461953,161.46786,161.578127,162.116716,162.795987,163.503757,164.149301,164.912257,165.708268,166.467753,167.097125,167.713839,168.371218,168.943406,169.573762,170.282771,171.037151,171.618528,172.103288,172.651936,173.12813,173.553169,173.943516,174.309901,174.67138,175.021234,175.364257,175.706175,176.048468,176.38061,176.690941,176.986376,177.261266,177.509878,177.733125,177.950614,178.162074,178.358861,178.548367,178.729829,178.903957,179.071498,179.233056,179.389227,179.540112,179.680504,179.818186,179.95251,180.082689,180.208416,180.329815,180.446803,180.559614,180.669301,180.776159,180.880323,180.978788,181.07337,181.167665,181.26095,181.352825,181.443143,181.531915,181.619191,181.705019,181.789497,180.87327,180.351686,180.19346,180.083259,179.866817,179.590014,179.369667,179.087748,178.788337,178.387993,178.000164,177.609611,177.286798,176.984648,176.788945,176.369229,176.038317,175.712161,175.53852,175.494448,175.397982,175.282454,175.166654,175.05896,174.953065,174.861525,174.783863,174.715619,174.649951,174.597762,174.54747,174.514366,174.488358,174.482076,174.477561,174.477395,174.469226,174.455715,174.442849,174.430782,174.420337,174.411661,174.405217,174.401304,174.399808,174.400461,174.402923,174.403052,174.406031,174.411724,174.419436,174.428547,174.438804,174.449756,174.461274,182.137868
KWH,2,NA,NA,NA,NA,NA,NA,NA,NA,NA,NA,NA,NA,NA,NA,NA,NA,NA,NA,NA,NA,NA,NA,NA,NA,NA,NA,NA,NA,NA,NA,NA,136275.8177,135455.5801,134614.7671,133633.4667,131760.5554,129345.5655,127683.8982,124502.2925,120889.0862,117789.6956,113466.2492,108987.7666,105689.1351,102560.769,100158.4059,98356.35001,96744.38406,95172.73708,93690.19313,93106.03172,92998.54848,93197.93391,92945.74881,92917.61456,92742.06219,92631.94289,92795.90204,93173.62624,93139.40884,93292.01708,92730.5197,92180.68761,91621.72088,90875.17551,90514.22921,89944.99858,89593.48624,88922.37879,88859.49333,88647.08793,88412.07528,87685.82832,87802.58075,87628.77798,87309.7037,86794.08139,85959.84796,85348.80744,84646.63751,83907.97328,83525.23046,83410.92836,82831.15199,82864.61783,82887.8622,82542.7984,82098.08404,82007.80956,81815.50421,80816.11778,80441.42024,80356.15262,79516.7166,79855.54198,79391.51287,78631.1244,78591.52292,78748.72196,77977.95454,77879.73904,77768.80269,77454.59345,77069.15255,76675.39756,75862.65327,75656.86881,75409.77538,75441.35508,75343.41698,75102.40111,75132.33654,75008.46012,75341.60701,75448.27664,75662.1943,75222.0784,75171.45541,75125.42408,74889.22496,75095.80875,75351.28288,75535.59671,75316.16669,75575.80202,75986.2619,76041.47271,76824.39688,77019.53412,76696.33934,76964.79232,77020.67321,77196.82244,77215.63527,76803.03752,76959.42645,77254.75972,76968.81138,76968.7633,76802.71801,76300.00632,76636.7912,76789.2549,76198.34213,76207.01623,76308.82223,76457.09705,76402.95526,76257.51217,76272.29732,76061.34585,75961.43986,76947.30732
SWH,3,NA,NA,NA,NA,NA,NA,NA,NA,NA,NA,NA,NA,NA,NA,NA,NA,NA,NA,NA,NA,NA,NA,NA,NA,NA,NA,NA,NA,NA,NA,NA,73696.53038,72277.51875,70933.80443,69659.01491,68399.66015,66156.45723,64664.16267,64219.61675,63564.0346,62705.01459,61949.73921,61277.22636,61782.35698,60691.25361,60091.08714,59456.74065,59003.29703,58441.83293,57781.57288,57296.66695,56710.27432,56099.43515,56042.5627,56780.92364,55795.92349,55038.21501,54468.46833,54050.27611,54335.63705,54923.2502,53887.67161,53137.18274,52764.22193,52328.48386,52107.06623,51958.0049,51862.29845,51933.80203,52141.31131,51914.63189,51401.60715,51175.64052,50608.44781,50894.98269,50582.40456,50612.91794,50639.9125,50792.59208,50583.7725,50630.99395,50537.76734,51034.42086,50531.51225,51258.39405,50416.06095,49819.23598,49330.98182,49554.12127,50242.68043,49173.69033,48761.41262,48382.8698,47961.49833,48080.76199,47736.18469,47358.38758,47377.52282,47391.79526,47359.84785,47016.95309,47407.21774,47090.4567,47316.78937,47560.68001,47860.66705,47491.57424,47803.4607,47439.83646,47879.67208,47859.95248,48624.29472,48429.95363,49394.29793,49471.46231,49089.98404,49651.90071,48754.89727,48575.84495,48451.59676,48887.00084,48771.0456,49431.34651,49182.293,49828.4314,49498.88334,49661.23957,49177.79263,48774.13494,48526.44662,48517.0788,49470.62709,48835.45955,48250.5789,47820.66339,47607.18025,47300.69525,47082.80125,46931.4083,46699.72005,46254.55428,46157.51591,45980.06223,45349.70438,45284.22594,44894.23614,44838.80726,45190.34797,45182.88491,44838.72429,44543.58724,44503.21353,44471.49302
MWH,4,NA,NA,NA,NA,NA,NA,NA,NA,NA,NA,NA,NA,NA,NA,NA,NA,NA,NA,NA,NA,NA,NA,NA,NA,NA,NA,NA,NA,NA,NA,NA,951271.0075,957688.6523,962747.0995,964454.1966,964218.1025,943532.0101,935299.5761,948576.3949,954355.1295,959449.7978,962072.6452,962614.4628,964414.8049,964440.3844,966991.2608,971336.9791,975844.6613,974318.488,970647.8365,975231.6848,981784.0679,987074.7185,990929.9416,993708.6187,995628.0643,997073.9369,997980.6637,998802.4644,999366.5125,999683.2172,999473.4809,999559.3209,999497.364,999296.4787,998959.4181,998511.33,997955.6437,997319.3333,996591.4983,995797.9098,994929.3334,993957.954,993006.9874,992026.4477,991100.77,990260.4099,989614.2046,988899.3197,988097.9763,987196.503,986475.9405,985369.0371,984798.2981,983959.0251,983195.5177,982353.5832,981330.5412,980003.6207,978945.6333,978032.2019,977121.7427,976089.3098,974977.0788,973788.0001,972527.0091,971025.2911,959139.3118,957790.4648,956851.887,955013.8881,952214.3124,949716.7216,949832.9297,948248.329,947150.8348,942587.6366,938406.4725,936125.0363,937786.188,936561.1571,937377.0595,935293.5067,931476.2936,927789.9962,926766.2863,926497.3215,925796.8994,924567.8266,923028.3133,921188.8458,918904.3559,916735.3793,914647.497,912445.958,910119.7789,907625.1033,905058.5927,902593.2059,899953.1543,897412.0245,894820.9448,892144.9407,889392.9014,886500.1024,883368.2578,880594.8317,877838.6571,875153.7542,872250.3388,869504.2189,866693.9872,863884.5504,860201.239,857067.7478,854142.0593,851262.2989,848337.1372,845465.685,842279.1784,833392.4031,831858.8007,833705.6602
FWH,5,NA,NA,NA,NA,NA,NA,NA,NA,NA,NA,NA,NA,NA,NA,NA,NA,NA,NA,NA,NA,NA,NA,NA,NA,NA,NA,NA,NA,NA,NA,NA,968357.0367,972883.8552,977275.7267,979143.8621,979828.7495,972263.9777,970516.0288,975728.5296,977792.3782,980202.3712,981120.7156,981087.4746,982250.7465,982582.3518,983976.1905,986213.7701,988483.5166,987013.3711,983116.7586,981092.6496,980039.0214,978415.4108,976416.7773,974205.3607,971725.2779,970635.8343,971565.4003,972970.0369,974335.5639,975498.4846,977445.9199,979161.517,980493.4387,981497.1418,982208.7502,982661.3186,982878.9231,982888.6487,982702.6658,982334.7862,981794.0967,981103.6752,980270.9989,979305.3878,978215.225,977002.0053,975681.3665,974258.8527,972741.9147,971140.3047,969457.9282,967638.1811,966007.9831,964455.5025,962983.2965,961458.9647,959898.3282,958332.099,956757.7356,955182.2257,953632.0641,952054.9372,950439.9036,948742.1402,946921.1389,944988.7646,938798.1756,937896.6239,936778.8935,935030.5852,932704.9281,930632.5204,929959.7698,928625.8999,927382.1797,924410.4745,921485.6936,919309.4757,919170.8411,917855.4233,917603.2883,916263.6838,913674.4796,911229.0526,910057.5555,909033.8113,907863.3304,906465.1861,904900.5792,903194.2151,901250.0196,899350.3331,897374.2751,895321.5859,893195.4242,891012.0563,888745.1139,886471.1751,884126.4247,881774.7171,879386.6587,876955.7279,874481.5268,871972.8587,869329.117,866774.3582,864186.9806,861557.8371,858842.1212,856155.8066,853428.2372,850662.6549,847590.0173,844687.4961,841965.3679,839235.5277,836415.2093,833531.5366,830533.0683,825379.8106,822872.5414,823219.5733
BES,6,NA,NA,NA,NA,NA,NA,NA,NA,NA,NA,NA,NA,NA,NA,NA,NA,NA,NA,NA,NA,NA,NA,NA,NA,NA,NA,NA,NA,NA,NA,NA,5424.504092,5501.246113,5577.027066,5672.433549,5730.245817,5728.684517,5744.059527,5802.197081,5832.975105,5856.55249,5870.495965,5879.948076,5895.857458,5900.986771,5925.371321,5953.832291,5980.066825,5985.187032,5986.127186,6003.329263,6012.151947,6021.892638,6031.492725,6040.850438,6049.820467,6058.304622,6066.303032,6073.61228,6079.373206,6083.78102,6087.796288,6091.393787,6094.429273,6096.623241,6098.830829,6101.099614,6103.745768,6106.4819,6109.288796,6111.998986,6113.683643,6114.735863,6115.672834,6117.213545,6118.74866,6120.12717,6121.636412,6123.069437,6124.481706,6125.848342,6127.167992,6128.437568,6129.659934,6130.845754,6132.001015,6133.125252,6134.276251,6135.41281,6136.481465,6137.580108,6138.712618,6139.83538,6140.93643,6142.026394,6143.110202,6144.191523,6074.323705,6049.017175,6051.48783,6048.927928,6032.207768,6017.60264,6023.524528,6005.369913,5993.665996,5973.632383,5963.417776,5949.005867,5954.615187,5942.279194,5945.881271,5905.551292,5888.843321,5870.396841,5863.466845,5871.625065,5869.910524,5865.517797,5860.074159,5854.093084,5848.060887,5844.009928,5842.230972,5839.897235,5837.075274,5834.421141,5832.241433,5829.682988,5827.10792,5825.061065,5823.32886,5822.199234,5821.02726,5819.418834,5817.49679,5815.759386,5814.56603,5814.496286,5814.550784,5814.48113,5813.564368,5812.149032,5810.517942,5808.794269,5807.060766,5805.307976,5803.566577,5801.852765,5800.115754,5795.156145,5794.926431,5577.828492
HOS,7,NA,NA,NA,NA,NA,NA,NA,NA,NA,NA,NA,NA,NA,NA,NA,NA,NA,NA,NA,NA,NA,NA,NA,NA,NA,NA,NA,NA,NA,NA,NA,57430.12337,58046.09815,58801.07992,59559.14736,59893.07681,59914.10194,60224.76328,60264.36192,60394.91824,60501.19311,60516.86123,60683.5474,60891.92655,61014.84425,61205.14871,61450.49853,61618.95528,61825.92706,61883.26891,61737.95076,61718.30377,61743.43338,61733.17429,61738.39126,61810.80131,61921.81501,62041.30308,62169.24085,62273.68485,62399.56074,62528.57529,62420.55529,62245.16445,62181.48457,62111.70298,62113.81371,62133.96424,62125.31268,62172.35304,62237.26165,62246.7053,62306.94826,62364.75288,62407.05568,62498.58575,62440.3321,62154.06561,62021.0527,61951.49579,61892.66572,61842.86845,61812.03334,61796.87275,61831.81491,61910.68823,61930.45601,62045.20059,62092.51894,61950.99842,61716.27203,61566.45521,61466.26367,61423.89723,61528.78204,61396.93563,61347.75628,61037.5564,61197.00341,61313.10928,61201.06976,61176.4215,61178.0859,61087.58659,60807.75319,60883.98486,60723.13944,60668.72559,60720.274,60746.57328,60789.64774,60883.71392,60940.39052,61051.5108,61159.51968,61250.99712,61209.54409,61040.50598,60896.33197,60857.68464,60893.58721,60873.42728,60965.79306,61085.40238,61116.20811,61280.33456,61398.24192,61517.14668,61626.55637,61767.07318,61628.86639,61402.53559,61340.69359,61186.1492,61148.80769,61152.99061,61148.95165,61154.5764,61173.70727,61125.31728,61103.75547,61207.92189,61187.23434,60995.54293,60777.33747,60611.00475,60502.96358,60421.80571,60300.98155,60316.67677,60293.27076,60192.79415,60869.3146
RIS,8,NA,NA,NA,NA,NA,NA,NA,NA,NA,NA,NA,NA,NA,NA,NA,NA,NA,NA,NA,NA,NA,NA,NA,NA,NA,NA,NA,NA,NA,NA,NA,5174.628754,5186.451964,5198.355159,5216.040704,5212.064185,5187.889411,5185.942563,5216.693905,5233.354279,5248.046614,5263.354066,5274.142733,5277.147145,5285.870525,5289.57081,5300.500162,5324.299974,5330.75855,5340.237172,5345.000247,5351.039236,5348.973773,5348.094626,5351.949777,5347.985469,5355.301112,5355.15603,5352.918037,5353.750345,5363.133795,5364.219452,5366.777567,5367.373862,5363.439944,5364.3734,5372.327647,5372.466445,5373.056461,5371.275597,5367.14983,5370.392084,5368.830385,5372.943512,5373.591326,5372.473481,5370.534507,5370.67373,5375.716767,5375.2713,5372.494827,5376.67444,5374.084918,5372.284771,5370.076914,5366.542049,5365.365223,5363.327681,5360.247564,5359.517699,5358.086318,5355.652522,5354.721418,5353.899472,5351.463268,5351.263712,5350.194598,5332.005538,5322.097101,5321.635623,5324.159656,5323.493223,5316.237282,5319.293179,5317.790187,5312.571675,5300.435966,5293.958416,5282.21796,5282.490963,5283.938159,5285.252778,5268.192107,5254.859327,5244.078504,5240.873317,5242.917152,5241.931599,5244.543019,5245.651597,5244.479052,5241.043971,5239.970002,5237.17236,5232.697991,5230.298321,5227.277442,5222.078467,5218.735173,5219.737387,5213.780345,5215.588119,5210.146902,5209.153809,5205.113479,5204.570318,5199.793631,5203.623183,5201.194216,5196.12074,5190.4607,5186.96411,5185.923176,5185.5856,5181.225277,5174.166803,5173.848922,5169.642208,5169.835773,5167.679875,5163.216668,5156.361229,4022.016908
SBA,9,NA,NA,NA,NA,NA,NA,NA,NA,NA,NA,NA,NA,NA,NA,NA,NA,NA,NA,NA,NA,NA,NA,NA,NA,NA,NA,NA,NA,NA,NA,NA,24400.28638,24719.9523,25010.44439,25322.72621,25564.1852,25720.51735,25904.33054,26152.79862,26341.98458,26517.55207,26653.57137,26738.04881,26841.1384,26886.17392,26980.85415,27106.38976,27226.62469,27261.09133,27256.64066,27293.40147,27337.57181,27373.53711,27405.74839,27438.25918,27464.85023,27485.20724,27503.58336,27524.57839,27546.74887,27566.57178,27582.3289,27587.16231,27593.56903,27594.03102,27593.96799,27595.83117,27601.61342,27606.27113,27607.54284,27606.29757,27604.79033,27602.63718,27600.37138,27597.50063,27594.79213,27591.25545,27587.46229,27583.65294,27579.5496,27575.34146,27570.50492,27565.72911,27561.11213,27555.89789,27550.75029,27545.79995,27540.47609,27535.07175,27529.21433,27523.91139,27518.46347,27512.78603,27507.45421,27501.64112,27495.6346,27489.92008,27249.19404,27143.10307,27073.13178,27011.74216,26921.32546,26833.86829,26812.19369,26721.80872,26641.60103,26526.96024,26414.77073,26315.16871,26290.33592,26212.70547,26173.9324,26064.49754,25954.05824,25861.97753,25824.77948,25842.72221,25838.26366,25826.26064,25808.35622,25789.29493,25766.96813,25746.23288,25729.39408,25708.00577,25685.31788,25662.09352,25636.8648,25616.12235,25602.63636,25590.98899,25577.53417,25561.91093,25539.22952,25506.67419,25472.72492,25438.09083,25403.15565,25368.20808,25333.14261,25297.63114,25262.17166,25226.87388,25190.95502,25155.184,25118.13355,25081.93751,25045.39958,25009.6378,24972.30386,24934.15792,24895.17308,25484.48745
SBB,10,NA,NA,NA,NA,NA,NA,NA,NA,NA,NA,NA,NA,NA,NA,NA,NA,NA,NA,NA,NA,NA,NA,NA,NA,NA,NA,NA,NA,NA,NA,NA,5003.434407,5002.904533,5002.21676,5011.608662,5020.029058,5025.22824,5030.368471,5033.088536,5038.936644,5043.651795,5048.211928,5054.349047,5057.256614,5056.792361,5061.275911,5073.14089,5078.244719,5080.702432,5080.8746,5085.830292,5088.780635,5090.638885,5091.541486,5090.733438,5089.074063,5086.499364,5084.217204,5081.377162,5078.780095,5075.278954,5070.932425,5066.530476,5061.783921,5056.705463,5051.05986,5045.364427,5039.616371,5033.966015,5026.807956,5019.572318,5011.982583,5005.043802,4998.597862,4991.381377,4984.166371,4977.066259,4970.252716,4962.707602,4955.544047,4948.00152,4941.104195,4933.578596,4926.319351,4918.651536,4911.102535,4903.54987,4895.894213,4889.277813,4881.640836,4873.985379,4866.582815,4858.77434,4851.450436,4844.096113,4836.61801,4829.441848,4760.543682,4792.847119,4814.697282,4839.140303,4858.244613,4870.285238,4889.868082,4903.493609,4920.108563,4935.035432,4938.834663,4936.849012,4943.59977,4947.328366,4952.893061,4964.11891,4978.176421,4985.344126,4994.729605,5004.771128,5008.808712,5008.179099,5003.890772,4997.310023,4989.502021,4980.188899,4971.244628,4960.941355,4951.285036,4941.318884,4931.38611,4920.718275,4909.80309,4898.445426,4884.670056,4870.313715,4855.969651,4840.813823,4825.510674,4810.093741,4794.443725,4778.745998,4763.088119,4747.591005,4731.828372,4716.22203,4700.396369,4684.606629,4669.213793,4653.58687,4638.119998,4622.463473,4606.876141,4591.512075,4575.541897,4623.656593
SHO,11,NA,NA,NA,NA,NA,NA,NA,NA,NA,NA,NA,NA,NA,NA,NA,NA,NA,NA,NA,NA,NA,NA,NA,NA,NA,NA,NA,NA,NA,NA,NA,553167.332,566605.8754,576669.6864,587376.6669,594700.553,600405.5985,607207.5369,613847.3244,616734.621,619718.5868,622511.729,623139.5268,623065.911,625514.3213,625185.526,626155.5212,626443.7547,627863.9755,627999.7198,627613.5736,627362.2625,628130.0075,629068.9804,631428.6551,631536.5601,632608.3895,632616.9067,632773.1993,631463.299,631673.6252,631166.283,628893.9157,627240.8414,626333.5049,624716.8211,624559.9383,623228.4121,622486.5067,621409.7024,621993.2893,620568.297,620945.4198,617042.3911,616408.4931,615356.7132,614841.0975,615500.7612,615451.9711,614751.3186,615277.2819,614506.1845,613889.3541,612152.5518,611241.3403,610824.7689,611492.2821,611062.1755,612750.4253,609950.6908,609578.8942,611895.4935,612307.7307,610440.0456,609227.7367,609279.2185,609773.3246,603555.3474,604854.8653,607224.5089,608949.2293,611196.8867,616166.0026,617485.323,619355.9506,621160.4424,622792.1685,622903.4993,623204.6887,624401.8438,624853.9859,626657.4398,629142.9276,627739.5504,628329.8396,627945.812,629384.6893,629501.6538,631407.9515,632399.8521,635370.4892,636762.7795,637514.0146,635715.3136,635950.2517,635150.2316,635094.8498,633408.0051,633836.6141,633590.9657,633916.8534,633251.0331,633096.1225,631957.0557,632152.0773,631148.1193,631211.5332,631398.4947,631533.1067,630720.7584,628444.768,627503.2178,629725.3905,627971.8908,629287.1623,625595.2816,625350.0928,625488.5348,627174.1201,625476.7054,624094.8444,624055.3748,616034.4314
DEO,12,NA,NA,NA,NA,NA,NA,NA,NA,NA,NA,NA,NA,NA,NA,NA,NA,NA,NA,NA,NA,NA,NA,NA,NA,NA,NA,NA,NA,NA,NA,NA,1518031.604,1529841.208,1549963.126,1591992.552,1589501.421,1551293.497,1537375.685,1526441.329,1508866.849,1500264.057,1518391.918,1523462.903,1510618.635,1514517.495,1517176.278,1515906.462,1511981.013,1503220.082,1510646.208,1526366.037,1522573.768,1510401.352,1506280.496,1498597.532,1498910.939,1500864.971,1512415.96,1518767.984,1499986.301,1475163.902,1469317.651,1471698.106,1470903.916,1484489.444,1504918.364,1503396.157,1492540.093,1479970.43,1468545.961,1461807.807,1464134.911,1476281.385,1462592.387,1441787.681,1432353.371,1427781.914,1420064.889,1413894.025,1422943.007,1424014.903,1414038.381,1396877.188,1391755.699,1374588.833,1380828.504,1396645.046,1413674.305,1401964.493,1383861.844,1385200.561,1384296.837,1401642.103,1408378.041,1395321.835,1383339.323,1374815.959,1361260.781,1375502.695,1404416.069,1404330.371,1390992.64,1384560.242,1379153.029,1390384.578,1416160.309,1427310.382,1421043.948,1419787.321,1413691.376,1419825.695,1429407.694,1452834.034,1445653.051,1438396.26,1442144.471,1435707.553,1427543.74,1421833.398,1435716.179,1431046.31,1429328.788,1422211.86,1422868.596,1407189.061,1413109.753,1412645.507,1407021.147,1400764.006,1399154.437,1387748.007,1377644.906,1392717.632,1398439.314,1401083.136,1391812.461,1375658.192,1373799.852,1376499.276,1364472.944,1360840.943,1338941.59,1341350.282,1338753.616,1341397.882,1341907.184,1319611.662,1297744.344,1305605.977,1294992.741,1293809.932,1277109.003,1391029.914
PEL,13,NA,NA,NA,NA,NA,NA,NA,NA,NA,NA,NA,NA,NA,NA,NA,NA,NA,NA,NA,NA,NA,NA,NA,NA,NA,NA,NA,NA,NA,NA,NA,89695.04048,89372.29048,90314.83255,90959.50485,92882.80676,93556.4249,94645.60431,94435.88526,93520.89858,92436.47358,94002.76652,94297.8287,92603.76207,90363.06466,89567.75666,89252.90511,88836.46744,89192.72712,89712.94305,89528.86336,89296.38129,88875.04566,90215.32225,90993.36915,88682.66351,88193.85658,88298.81054,88173.34098,89889.58704,88877.93756,87263.91338,87903.39859,87779.72537,87839.24374,87831.12213,87474.96121,89170.82998,89032.43661,87647.69062,86481.74976,86062.12868,87935.60365,87862.70436,87317.55123,88616.75192,88737.58819,89190.80301,88137.1954,89365.7458,87626.91939,88321.84446,87693.96223,88177.3295,86860.36021,83904.02376,84452.30791,85335.46872,87111.32487,87043.79942,84637.46233,84267.62978,83864.44801,84160.6128,83603.44876,82811.86597,82689.40378,79399.30344,81795.38103,85839.2773,88623.58103,90092.06992,92667.97955,93301.45429,94256.49932,92836.24094,93515.84379,91897.91727,91789.28697,90232.67245,91034.3032,90285.41461,90800.21736,90481.68678,89074.68643,89877.0213,90303.11091,89725.82755,90448.5533,90042.10706,89232.9903,89851.98178,88906.69047,88825.625,87532.01524,87595.6359,86068.85798,84128.74825,83933.56913,85780.21077,87327.88292,85906.88837,83306.31353,82879.03814,82255.39712,82308.78159,81837.17614,81417.95487,80780.24703,80566.02457,80440.89371,79913.60909,79448.54591,79674.58839,80407.46794,80177.36192,79415.19535,80120.35998,79366.92419,78442.53799,78058.89834,77599.33938,82467.94143
PES,14,NA,NA,NA,NA,NA,NA,NA,NA,NA,NA,NA,NA,NA,NA,NA,NA,NA,NA,NA,NA,NA,NA,NA,NA,NA,NA,NA,NA,NA,NA,NA,445379.3832,450259.2514,454412.1547,457310.0638,459469.9424,462274.167,465358.9813,469559.9831,472575.6704,475170.6082,476981.2084,479699.5676,478277.3168,477573.7897,476949.78,476509.8114,475896.6497,476052.6211,476408.94,476291.3728,476701.2403,476411.5965,477561.4571,476820.7899,474782.0151,473335.3428,472841.1463,471507.0432,473725.3336,472475.9728,470092.7354,468711.5053,466654.292,465308.3504,464880.9382,465386.6998,469140.6588,471388.0758,468380.0177,464900.9053,462901.9613,465982.4156,469516.8473,469441.1319,470581.972,471134.6175,472298.8663,471448.9884,472414.6944,470879.3761,471175.5555,469075.4766,469471.9341,464899.6171,459685.7694,456200.7926,457189.8858,459704.7088,456932.0325,452580.7853,449056.2806,446634.1319,445190.1287,443515.4638,442186.3875,441946.8336,439282.0147,440454.5326,446829.5332,454335.6578,458497.3504,464031.2989,468309.9472,473012.6526,476053.2616,477399.2469,476560.8307,476962.6789,474413.0118,474624.3915,473333.2127,474007.7742,473574.8411,471222.0878,471021.7191,469947.9636,470667.7802,470672.9979,469915.149,468495.8868,468864.2598,466946.3874,466147.667,461784.7572,461167.8507,455523.9851,450519.3002,447789.9512,449961.1813,452456.6783,447955.2151,441595.7458,437461.0462,434689.7992,433493.8548,432728.2769,431627.9544,430213.8411,428849.9017,428823.5027,427944.66,427649.2093,426945.0702,427191.5613,426871.865,425579.4224,425925.0549,423649.7328,421212.7916,420298.9724,417748.2708,286826.2152
REO,15,NA,NA,NA,NA,NA,NA,NA,NA,NA,NA,NA,NA,NA,NA,NA,NA,NA,NA,NA,NA,NA,NA,NA,NA,NA,NA,NA,NA,NA,NA,NA,1143694.757,1144198.358,978187.838,855504.0104,744923.8806,665144.2607,601447.3728,556176.1908,505784.967,494217.0332,483054.4557,441023.8003,402857.0573,388114.7616,376020.9134,370928.601,369397.1446,356615.9031,356459.0832,348445.3075,333160.3117,320795.4913,313172.3846,328773.045,331191.9436,332305.9726,330338.5349,315285.0181,295648.4339,295055.051,307301.585,316376.9465,312792.7381,316708.195,308703.2077,296024.8837,306969.5254,312659.1483,314520.3488,305407.2154,309246.026,312061.9369,297083.6369,294633.3991,299926.1072,299517.9856,297743.8949,304668.8629,304904.6715,297861.3513,298785.1088,292478.4382,284681.278,279053.3357,289918.731,298959.8816,302381.3094,291271.6665,281660.0312,271667.5935,280556.0688,308638.3162,307260.6724,296747.8659,288905.6323,280827.7883,264204.9834,297187.0526,328066.9546,316134.3064,304724.5853,294704.72,284184.7216,307177.6999,325308.4696,319973.4387,314833.8358,301780.3723,291336.3807,303428.115,312620.4783,317210.2301,302091.1161,300914.4049,305980.0765,302890.77,290641.6681,303320.2252,305934.0159,304461.5748,306232.7618,305431.3657,298230.9763,286728.1052,290906.7768,289096.0146,284676.2731,293361.5767,291976.1285,279538.7378,276966.1608,276741.1839,289988.3856,287175.3621,279860.3941,273812.352,275855.0078,266798.9528,274457.7933,270734.4635,262263.4384,266399.7319,258463.3162,272963.9246,273087.8178,261294.3635,259756.6356,251348.9443,262500.9769,262152.2085,253847.0352,250141.11
DEL,16,NA,NA,NA,NA,NA,NA,NA,NA,NA,NA,NA,NA,NA,NA,NA,NA,NA,NA,NA,NA,NA,NA,NA,NA,NA,NA,NA,NA,NA,NA,NA,64002.92525,63859.23666,63993.63772,63891.88125,63595.15084,63064.23988,63100.96353,63225.31071,63183.54741,63166.59228,62901.53935,63008.00704,62133.10506,61453.40279,61000.59652,60891.2836,60973.72172,60955.957,60751.76675,60563.56684,60462.94645,60375.93766,61214.51441,60999.50499,60508.46595,60131.77189,59985.9232,59733.36485,60608.64877,60446.42316,60062.68672,59710.71079,59420.10447,59280.67018,59110.64154,59004.75019,59576.79107,59665.71315,59363.07805,58883.83739,58722.28108,59171.09168,59177.18691,59506.77466,59844.80558,59952.49943,60181.81866,59798.58937,59949.07513,59592.6931,59911.35369,59609.5207,59833.13763,59132.22565,58326.12096,57755.40343,58079.19014,58555.42514,58115.9284,57616.38578,57308.78831,57031.88448,56731.60902,56663.87367,56597.74984,56560.82837,56113.62345,56263.54402,57064.85974,57301.19713,57832.54321,58474.56308,58985.01875,59698.05034,59797.73121,59610.73882,59550.98486,59888.86142,59921.94851,60304.46627,60166.74084,60292.67086,60036.87321,59633.24716,59772.84617,59544.4957,59154.43348,59532.16246,59333.48738,59161.87695,59404.00389,59030.17733,59015.9417,58521.29136,58702.86699,57694.47284,56868.66724,56833.35701,56924.46974,57334.41056,56521.13997,55745.89823,55414.68932,54797.38462,54718.75354,54632.56102,54194.84731,53829.89361,53798.65437,53659.09997,53507.05669,53506.16691,52936.51568,53046.3015,52544.48138,52190.92724,52664.83117,52146.52265,51918.26744,51369.25342,51309.98943,56139.21921
FLA,17,NA,NA,NA,NA,NA,NA,NA,NA,NA,NA,NA,NA,NA,NA,NA,NA,NA,NA,NA,NA,NA,NA,NA,NA,NA,NA,NA,NA,NA,NA,NA,89693.25841,89390.75323,89276.32826,89250.46062,88046.51409,86904.41724,85969.59494,86121.14832,86109.20599,85771.76723,86224.26819,86829.69849,86273.61851,86078.99808,86126.67355,86109.37126,86059.2794,85893.69553,85792.04293,85798.26262,85947.40125,85921.44437,85963.75063,85882.86187,85501.50846,85404.16951,85626.34544,85621.22774,86325.41514,86435.16662,86203.90792,86093.89088,85886.18763,85765.89376,85709.93184,85921.45203,86585.77653,86911.76293,86502.96413,86125.70588,86074.67832,86761.70433,87284.16487,87276.25923,87325.02939,87279.02909,87316.7645,87349.96355,87507.17586,87479.10934,87598.31096,87402.97562,87425.11373,86789.41521,86133.40903,85816.01516,86126.37647,86660.84778,86345.72568,85643.7327,85187.26493,84970.59889,84751.78744,84382.79653,84192.2703,84158.76387,83585.24759,83781.83529,84617.15493,85326.05513,85392.6047,85580.35285,85825.11841,85848.55073,85971.41714,85957.06636,85727.20225,85757.97815,85706.03129,85722.98018,85807.14158,86009.95664,86117.06672,85841.80302,85825.62387,85771.69483,85856.94536,85757.49865,85639.56114,85655.37723,85823.31178,85682.30303,85653.95955,85279.39447,85272.82803,84692.26288,84092.3893,83798.15062,84065.00996,84356.68353,83699.93639,82733.46411,82245.71837,81935.00112,81738.16196,81574.31129,81456.5845,81264.84194,81000.47058,80853.78479,80631.88853,80490.57003,80326.67555,80276.08565,80259.95394,80020.15359,80134.14186,79763.05243,79064.34252,78257.9831,77543.89824,69675.51585
LRD,18,NA,NA,NA,NA,NA,NA,NA,NA,NA,NA,NA,NA,NA,NA,NA,NA,NA,NA,NA,NA,NA,NA,NA,NA,NA,NA,NA,NA,NA,NA,NA,514302.4429,514834.8229,516677.9255,518304.7978,518926.0017,511952.1347,508568.9026,507044.0552,503984.3518,501471.5937,506229.8791,509868.4723,513869.7054,521760.866,527861.9217,531614.9077,535044.7394,537581.9262,543010.5045,548057.4442,548141.5247,546152.6071,543010.7221,539795.2539,540136.4948,542203.5479,546848.4335,550133.0161,548765.6963,543999.3399,542734.9034,543978.5149,542123.4793,542535.9552,546580.4113,545917.5871,545340.3797,544781.7733,544283.7158,543822.9489,544420.6491,546948.0587,543590.0154,538938.7835,536436.7509,536652.2291,536182.3516,536527.6111,540424.2953,541958.2202,542267.2087,541370.9638,540088.6288,536514.5251,535812.7825,536985.7911,539941.6198,541055.9191,539951.5552,540083.3937,540951.9831,544274.5968,545986.4891,544615.1069,542658.5943,541313.1048,539996.6546,540315.1563,546192.1415,545558.0656,543297.2107,543048.4628,541529.4292,541254.5114,546216.0828,547638.2082,546015.9227,544495.2091,540964.3021,541171.4652,543961.8279,548701.9258,548577.0247,547263.292,545816.2414,545678.0844,543750.247,542214.5105,543977.0081,542920.3751,544364.8682,546733.13,548864.6223,545841.7753,546695.7381,545892.6612,545824.001,544535.0139,545918.8855,544846.5337,543718.605,546756.5527,548889.3846,551314.2888,549211.6891,546348.4156,547637.14,547791.8923,547226.8208,548241.0598,545198.6891,543407.9499,544585.4497,547649.8874,551348.0571,549299.7276,546745.0168,545529.354,544698.7506,544920.7737,543379.6301,391910.0259
SSK,19,NA,NA,NA,NA,NA,NA,NA,NA,NA,NA,NA,NA,NA,NA,NA,NA,NA,NA,NA,NA,NA,NA,NA,NA,NA,NA,NA,NA,NA,NA,NA,99068.82826,99184.99997,99256.25256,99348.39501,99744.61525,99962.59281,100383.403,101240.4243,102029.6738,102777.7063,103681.7518,104507.5999,104908.6574,105660.1534,106057.4367,106385.0523,106580.9711,106766.7411,106978.5496,107167.2919,107297.8501,107341.6862,107405.7649,107301.5414,107436.1675,107732.2028,108045.0555,108277.9434,108524.6033,108309.1009,108436.5271,108561.8224,108618.9992,108727.0486,108892.2367,108883.2861,108998.1806,108991.1854,109003.2996,108990.7721,109065.4733,109156.7598,109088.0843,108926.7058,108869.5814,108897.1949,108923.5591,108836.4126,109063.6637,108945.5725,108998.8165,108839.2796,108962.5065,108525.5837,108606.4137,108587.3694,108576.6772,108687.6689,108432.4137,108551.5374,108693.979,108793.8485,108944.7379,108809.9509,108724.4954,108736.9712,108736.9256,108644.828,108886.7833,108859.8137,108749.9627,108856.6772,108883.9409,108978.5853,108960.1356,109159.4373,108993.4473,109088.6256,108963.7207,109050.4111,108890.3355,109166.7673,108872.7764,108915.5264,108969.1063,108789.7703,108985.7431,109048.6657,108946.1872,108900.3977,109052.9356,108969.3268,109179.9812,108932.5688,109006.5382,108729.1554,108865.3623,108824.6692,108917.1695,108906.162,108507.7717,108749.433,108905.3763,108988.3942,108965.4596,108930.8999,108933.6267,108959.672,109021.241,108958.4107,108920.024,108850.7222,108816.7189,109005.9894,109071.6685,109049.9811,109094.0437,108922.8115,108934.292,108864.3678,108754.9462,115481.2804
MES,20,NA,NA,NA,NA,NA,NA,NA,NA,NA,NA,NA,NA,NA,NA,NA,NA,NA,NA,NA,NA,NA,NA,NA,NA,NA,NA,NA,NA,NA,NA,NA,4232013.588,4303386.709,4259575.691,4299762.312,4316760.402,4143506.222,4198100.362,4083127.183,4096604.904,3982187.259,4044705.676,4089245.169,4147452.436,4139976.848,4246027.559,4218721.132,4183350.709,4300715.22,4328218.186,4300016.003,4406746.135,4345324.053,4113158.962,4242691.854,4280197.231,4205011.18,4290261.832,4239224.571,4060421.785,4115793.362,4133533.789,4076027.405,4112172.68,4129708.719,4087637.107,4126395.01,4043836.766,3879814.469,4006424.095,4037124.728,4011789.85,4045070.168,3878663.524,3833246.427,3869879.715,3890477.717,3793295.921,3908028.311,3927154.884,3821624.565,3863425.604,3885470.383,3780933.852,3950377.633,3967085.747,4042995.888,3991136.992,3939721.855,3903672.194,3996674.98,4073537.768,4031820.678,4155423.606,4064509.582,4022316.971,4118005.614,4107687.057,4052483.012,4138612.403,3925461.754,3977484.563,3946433.921,3963766.754,3870253.743,3902955.929,3787841.99,3915406.564,3846691.268,3839035.022,3862934.648,3891170.759,3790545.086,3749879.35,3766031.85,3663305.661,3707154.213,3598341.595,3524863.884,3598267.605,3573101.759,3491205.684,3529847.148,3487142.638,3497913.059,3482056.302,3617130.314,3568962.235,3648318.977,3610886.488,3448575.892,3531526.684,3532876.41,3469745.159,3456942.333,3457416.717,3373425.597,3392101.299,3424613.646,3411160.618,3476396.351,3499280.515,3459648.47,3465178.97,3535175.366,3384974.467,3239484.464,3170872.154,3020212.445,3066800.148,3075203.027,3054174.606,3286696.932
GRH,21,NA,NA,NA,NA,NA,NA,NA,NA,NA,NA,NA,NA,NA,NA,NA,NA,NA,NA,NA,NA,NA,NA,NA,NA,NA,NA,NA,NA,NA,NA,NA,279617.2565,279481.9602,254962.8017,235146.4789,214522.5471,195399.2503,178498.4026,165619.2522,154154.2223,144344.4201,138246.0542,134014.9319,128721.746,125611.8753,122717.8389,119459.4053,117915.6547,115541.0089,114654.7358,113066.0121,111575.4284,109299.098,107466.3832,106733.3648,105113.0913,105378.3828,106583.9231,106533.9661,107051.0299,107230.7129,106591.4142,106174.0754,105282.5262,104571.1936,104524.1203,104434.0681,104987.0739,105913.4906,105883.9329,105426.1088,105694.25,106686.5046,107040.7768,106039.5384,105186.2403,104543.6721,104707.6843,105512.5929,107104.6181,107328.2288,108055.9753,107663.4469,107092.2359,105462.5428,103841.8615,102912.9966,103701.424,105356.4093,105038.4845,103806.0143,103394.3455,103844.1637,103829.3382,103230.2663,102178.3869,101229.0759,100588.1585,100717.4906,102960.6778,103752.844,103433.6789,103341.8905,102554.0074,102875.7073,104371.6544,105677.9901,105856.9643,105676.7127,104695.1731,105084.9666,105391.4718,106712.0899,107709.6194,107529.1158,107706.6858,107214.4672,106064.966,105718.1365,105392.396,104966.5829,105632.455,106394.7756,106730.3676,105923.2706,106228.8273,105120.0439,104222.249,103960.4382,104405.6397,104252.8321,103557.2616,102816.7029,102928.4595,102596.9546,102372.2999,101302.2644,101471.4653,101596.1572,101512.7266,101272.4376,100393.4666,99896.46611,99123.22631,99621.94457,100557.5603,100606.8925,100151.1345,99814.5827,99426.78228,99212.44904,98667.9792,103894.6521
MAC,22,NA,NA,NA,NA,NA,NA,NA,NA,NA,NA,NA,NA,NA,NA,NA,NA,NA,NA,NA,NA,NA,NA,NA,NA,NA,NA,NA,NA,NA,NA,NA,2447781.917,2410000.69,2481211.583,2414175.817,2395574.337,2365470.711,2426069.832,2399428.055,2418438.308,2480291.21,2746505.377,2753530.002,2216472.908,2165035.655,2139002.092,2098080.861,2035577.004,2077841.358,2121576.504,2082417.864,2106055.063,2128306.388,2422735.963,2568016.181,2470495.787,2164398.823,2158832.674,2145931.707,2349888.837,2115176.604,2121848.22,2164887.814,2115270.133,2140920.618,2131581.743,2162771.182,2264671.367,2175679.726,2164191.594,2131575.273,2154695.596,2337366.239,2343720.057,2348394.368,2474839.164,2405784.752,2515919.396,2393418.057,2551059.524,2355863.263,2681804.308,2505908.424,2543009.741,2342889.992,2189432.175,2531279.644,2361637.484,2669858.22,2301653.475,2231685.559,2294822.472,2199513.941,2524617.688,2182103.341,2435063.651,2383329.649,2381556.241,2272852.402,2424306.571,2319743.361,2280490.026,2348970.389,2308858.638,2413544.682,2443876.717,2837139.502,2661706.216,2493726.174,2386313.766,2453054.206,2423459.367,2431588.15,2429379.276,2373645.742,2421021.84,2424582.595,2419017.317,2460134.122,2473589.319,2388568.169,2462074.729,2427491.16,2489529.739,2423080.917,2467416.661,2588131.96,2171238.756,2309150.133,2524342.645,2513049.124,2336771.506,2223674.794,2209358.531,2259100.271,2305164.296,2228130.833,2186380.049,2281152.313,2313732.969,2333088.585,2157906.335,2294986.527,2415233.915,2399739.405,2258242.053,2316691.404,2555280.39,2401327.25,2267435.762,2355677.511,2384881.272,2285352.202
HAD,23,NA,NA,NA,NA,NA,NA,NA,NA,NA,NA,NA,NA,NA,NA,NA,NA,NA,NA,NA,NA,NA,NA,NA,NA,NA,NA,NA,NA,NA,NA,NA,7947490.465,8012597.642,6386935.837,5270267.168,4444823.673,3798656.412,3356585.009,3057692.413,2825930.543,2648500.525,2525973.032,2429795.371,2348642.041,2293413.348,2261516.642,2243967.434,2230804.101,2203655.215,2185408.483,2176368.421,2152139.137,2129168.605,2108262.326,2098286.125,2095024.091,2091792.655,2088395.466,2079859.195,2053101.672,2018934.887,2010911.659,2019851.888,2021763.05,2033961.472,2043903.746,2035196.229,2026004.838,2024954.208,2021632.063,2018848.643,2016921.433,2018292.93,1996706.134,1976040.381,1969469.374,1967210.447,1964240.903,1962006.886,1957516.378,1954324.657,1954243.506,1947267.175,1935874.037,1928065.958,1937290.691,1947519.428,1963777.773,1962015.68,1951777.011,1942199.328,1937949.152,1951109.167,1969187.686,1965516.665,1951770.399,1935557.462,1917769.936,1947452.453,1995818.035,2008961.781,2005556.608,1996203.888,1992900.416,2003999.405,2034384.82,2048146.334,2044758.985,2027223.438,2007544.793,2009648.023,2031604.414,2035063.91,2025409.403,2017694.897,2018975.317,2029968.002,2021139.609,2007237.171,2005491.128,1997494.518,1996751.229,2002070.971,2013944.998,1993239.235,1976919.132,1973324.156,1970364.155,1965177.357,1974998.883,1959517.335,1955427.898,1949357.085,1956539.222,1981455.139,1973933.78,1957391.769,1954045.47,1927423.39,1913686.505,1916322.24,1899340.464,1891747.584,1884444.585,1878016.857,1888019.447,1870853.185,1854034.027,1848764.114,1840097.492,1842332.599,1829215.981,1632592.094
SAI,24,NA,NA,NA,NA,NA,NA,NA,NA,NA,NA,NA,NA,NA,NA,NA,NA,NA,NA,NA,NA,NA,NA,NA,NA,NA,NA,NA,NA,NA,NA,NA,1217064.121,1273205.01,1213000.492,1131502.109,1057927.524,958931.6056,893580.6813,827128.6627,757513.8149,701230.8984,648871.1097,598498.7009,555947.2608,518296.2738,484967.0386,458102.9329,437641.8892,423493.5876,414024.5555,405648.7197,397486.8325,392785.7347,390616.9157,385554.9774,380330.0799,375809.4427,372239.7132,368328.7071,364340.5552,360475.9903,356669.1082,354672.2678,351292.4907,350317.4921,350021.7923,347281.5877,348966.8039,349169.393,347077.9577,345253.2983,344176.5579,344699.6422,337439.3878,338511.9212,337092.9292,339242.5149,339988.8427,338425.0853,340484.4468,341049.3622,339352.0597,340997.2491,341185.115,339008.8459,337622.422,336571.0908,336121.178,336117.8386,338896.6375,336131.172,335587.4449,338029.4337,335374.3416,337322.9239,335969.3021,335394.8105,334895.2865,334923.5757,336593.209,331033.2437,330409.159,331423.0167,334510.9095,338346.8728,340514.3608,336535.6001,336351.1419,338061.0334,339199.6865,340324.7688,342453.7281,344677.3869,343861.2542,343241.3858,343748.9276,343446.9907,335337.6149,341260.2525,341545.1609,342360.1732,343826.6342,343992.866,344420.7344,344201.4078,343691.0243,342128.4971,340852.6721,339693.1625,341188.8377,344230.14,343101.3714,343532.2907,345175.4866,341486.8393,340788.9494,342421.6916,339187.9217,339646.1413,340019.6903,339211.1145,338378.9443,340279.4367,336795.0183,341094.3349,342531.7723,339203.0719,341595.984,341752.7225,341004.9806,339987.5195,341206.6493,241838.645
RED,25,NA,NA,NA,NA,NA,NA,NA,NA,NA,NA,NA,NA,NA,NA,NA,NA,NA,NA,NA,NA,NA,NA,NA,NA,NA,NA,NA,NA,NA,NA,NA,543338.9603,569617.33,489421.2056,434988.9787,403657.2022,372309.5933,331047.2946,298586.069,261471.3668,246462.9996,253946.8802,221203.9131,229412.5822,234762.5903,236186.1727,212790.7359,203120.9397,211726.3492,225149.3627,229689.5906,216079.8585,215323.0771,189298.044,192760.7569,198526.5016,214257.3598,208278.876,200631.5472,169388.4392,176349.1363,187578.1846,180934.846,193423.8824,201243.9966,188513.9134,177550.3075,172496.4128,156713.2719,164028.3301,174628.8663,178885.1468,168813.4808,131304.2163,138588.1496,138544.6005,137315.0298,139179.2313,144424.5624,142018.1282,139482.3113,130340.7521,141401.8955,130796.3016,149325.857,151766.3824,159307.0165,152435.3134,133791.4424,151310.3106,161028.775,151475.8786,173236.1845,161390.2316,154642.6639,160564.0244,158719.0297,162008.4886,180579.8237,169905.3038,140040.9944,141201.3611,135632.7904,149471.4266,155086.4958,147867.0424,124175.024,139793.9038,125444.0044,147032.0567,145853.4869,148114.4812,130519.5403,118011.1173,140195.7797,141441.9596,135510.4702,111863.2294,117805.7509,110840.3196,123840.5158,124584.2845,123163.8407,110701.0471,113062.4353,113946.5067,139637.633,129525.8873,130355.1932,118486.3477,109133.3394,125092.814,124398.9109,127312.9073,119761.0626,115661.5463,121427.0536,119099.0785,114123.3395,120593.2799,108901.3394,110637.249,114240.6122,108934.5866,115100.8083,101410.2292,91188.2616,91591.62346,96246.5624,97181.4129,91273.74384,93262.44178,84707.21062
BWH,26,NA,NA,NA,NA,NA,NA,NA,NA,NA,NA,NA,NA,NA,NA,NA,NA,NA,NA,NA,NA,NA,NA,NA,NA,NA,NA,NA,NA,NA,NA,NA,891859.112,885957.9382,887280.3829,887702.7522,895243.3534,901457.5388,906419.1845,917183.5652,922975.3915,930724.893,939401.3168,946241.0515,953401.2803,955469.3121,952766.8558,953733.3485,949858.6876,950973.84,959222.7124,953554.4323,950954.826,960532.7776,967101.244,970271.5487,959336.5525,959593.4355,964271.4498,959183.4791,966331.1567,966874.7861,963648.5986,962854.4477,965331.7329,959878.6385,955616.1174,955960.4828,962120.9107,967253.5839,970432.8601,962645.5971,958165.1432,958997.0771,962385.3181,966270.6775,973658.9656,973513.3459,972308.5942,973616.9823,971055.5714,977935.5364,978867.4617,979496.3211,984229.8913,984565.2704,974206.074,971643.1111,973104.1307,977579.0698,990831.427,978524.2098,976701.8942,977097.5972,973814.4767,982330.334,973367.0567,971067.4823,971311.4785,975239.3166,966811.5654,966252.232,965472.1201,963805.8472,973670.748,975674.0302,967900.3019,971287.2411,976452.8292,969289.4642,971972.5633,972791.8141,975034.2153,974832.8472,982347.7174,978675.9815,976766.2634,980698.2493,967861.8152,975472.9522,968673.7566,975330.3726,972560.1466,974302.5015,967525.2014,970667.8861,972673.2597,970309.6706,963935.3556,965316.5774,962783.964,975894.7952,978438.7077,971273.1866,974673.2524,967119.4531,968378.9897,968549.7423,961464.6129,952637.2964,953997.1651,946202.4769,948161.7341,942947.3866,939133.9472,950206.2231,943871.2145,949767.5496,952431.3909,948899.7275,958512.4902,943658.0356,950800.9386,728991.786
SSH,27,NA,NA,NA,NA,NA,NA,NA,NA,NA,NA,NA,NA,NA,NA,NA,NA,NA,NA,NA,NA,NA,NA,NA,NA,NA,NA,NA,NA,NA,NA,NA,1494313.612,1497430.396,1532683.678,1562124.058,1588364.592,1631956.165,1675618.167,1718902.793,1737148.541,1742063.309,1782828.943,1814343.601,1861984.04,1875828.253,1913315.826,1929201.826,1929174.593,1955972.623,2003572.638,2024970.542,2043813.13,2050365.528,2061627.772,2083130.12,2097230.457,2112391.084,2132175.281,2135848.865,2116720.561,2113251.707,2119781.782,2125091.885,2118721.725,2127830.332,2131156.215,2118736.502,2127172.068,2124949.44,2122832.062,2121008.535,2111200.287,2111311.943,2125668.585,2110303.818,2150204.606,2151581.728,2149983.214,2138326.166,2144516.476,2151704.49,2142673.561,2146532.159,2149086.103,2136078.819,2122549.452,2143118.792,2136638.543,2126630.135,2136461.173,2133809.646,2110480.026,2120547.038,2137570.857,2121020.918,2119038.099,2118919.016,2103125.844,2129697.43,2158650.497,2149857.599,2161002.321,2173874.119,2170180.099,2184412.941,2191100.013,2188151.02,2171097.663,2176010.697,2173898.237,2159755.268,2151294.954,2148236.401,2138932.589,2122180.892,2117776.549,2113698.004,2115297.229,2127123.264,2131311.484,2131129.967,2117373.235,2139765.298,2149663.961,2131601.329,2140591.263,2133121.194,2126759.076,2131805.417,2119710.859,2102394.032,2119297.883,2096725.184,2083473.866,2093250.757,2067140.152,2058206.66,2078432.103,2067778.024,2059173.985,2063028.828,2042619.47,2026884.268,2020611.99,2045475.919,2055143.104,2043262.799,2051926.139,2059294.174,2034086.447,2044407.322,2035341.019,1795717.61
NCO,28,NA,NA,NA,NA,NA,NA,NA,NA,NA,NA,NA,NA,NA,NA,NA,NA,NA,NA,NA,NA,NA,NA,NA,NA,NA,NA,NA,NA,NA,NA,NA,2951448.35,2964674.619,2156449.255,1827581.437,1532365.812,1388748.882,1348610.907,1304060.237,1245423.828,1232200.061,1189797.016,1251438.012,1256241.482,1258431.719,1248904.359,1211977.455,1189801.058,1226486.649,1263134.893,1255018.468,1178808.26,1203660.759,1277456.279,1359943.154,1317342.923,1235420.389,1206888.498,1238272.898,1183987.126,1150631.012,1204868.597,1178223.747,1166431.823,1256544.574,1227389.917,1175717.925,1218390.425,1210544.384,1216767.765,1316789.229,1280619.18,1266906.771,1261647.989,1183942.785,1088629.099,1122700.863,1308429.115,1294687.521,1224648.787,1265390.403,1218806.217,1144549.995,1104584.991,1108235.315,1159986.071,1101314.81,1163868.98,1184526.617,1172928.1,1156506.118,1243333.949,1230967.287,1229170.753,1160934.282,1103737.095,1075313.724,1040813.509,1140569.201,1232947.005,1194731.318,1160017.013,1156525.926,1144692.066,1103369.908,1127951.461,1178950.417,1165860.985,1127274.653,1132902.126,1147081.693,1179976.041,1144784.7,1170671.201,1207611.9,1222558.709,1176566.619,1089571.864,1044207.367,1122859.309,1188476.148,1141722.536,1142940.426,1156371.003,1141537.09,1149430.767,1160672.092,1146744.663,1103766.136,1122317.136,1140354.138,1189883.45,1235769.891,1302938.263,1286965.504,1240612.605,1143321.22,1079434.545,1131461.973,1175439.571,1202669.962,1131357.362,1102388.822,1065152.746,1155725.801,1134342.532,1088091.31,1078824.657,1204377.631,1192435.189,1170794.36,1123527.019,1057913.292
PCO,29,NA,NA,NA,NA,NA,NA,NA,NA,NA,NA,NA,NA,NA,NA,NA,NA,NA,NA,NA,NA,NA,NA,NA,NA,NA,NA,NA,NA,NA,NA,NA,163407.4928,167504.5631,173310.2828,182896.552,181125.9466,189766.8369,191531.8923,196612.4634,203082.5734,206315.8099,200491.3205,191174.5873,170412.7744,165370.6281,151814.5125,150885.651,158489.6257,160338.3393,155061.6379,159528.2957,162599.3751,162657.2426,169357.4135,148311.1408,138304.4194,152295.512,166748.128,167121.0789,171789.5279,169619.0518,165997.8472,158877.5956,167525.0118,157792.1325,152523.877,147202.467,150908.4952,151501.7116,157260.1637,156274.7226,151424.5272,149349.8629,150728.936,145316.9398,148621.5654,143402.8961,144858.721,153882.749,156201.9771,166556.8938,178621.7204,178769.4121,177901.0594,186666.6834,189867.5159,199802.1762,183780.5671,197758.9127,189556.6889,188447.4433,185141.2255,196994.429,186749.1931,183995.7314,182333.6729,184541.2893,169262.4796,176489.6134,170801.3744,172734.9881,158713.0767,152036.7759,141453.6842,144126.8019,146319.5524,150246.3348,145167.0126,148734.9365,164916.8966,178253.2441,181461.7573,177724.3409,179192.5403,182604.8793,185318.8552,186037.3555,191780.6082,162301.0953,153382.8472,156171.4312,157080.437,158519.9556,162044.4475,160707.4129,155756.5608,154278.2994,154851.859,166538.6557,169176.9232,171374.761,174292.1773,151843.0886,155466.587,164556.8003,167793.2158,161439.6312,167228.9331,166408.3006,157325.3689,177780.8548,220519.7796,227439.0876,239881.2325,249061.5367,246842.1085,251240.8118,257644.7442,265331.1,261983.1651,146226.8933,157488.1773,164181.8613
CAP,30,NA,NA,NA,NA,NA,NA,NA,NA,NA,NA,NA,NA,NA,NA,NA,NA,NA,NA,NA,NA,NA,NA,NA,NA,NA,NA,NA,NA,NA,NA,NA,3275954.115,2504466.469,1409735.016,59804217.72,40302856.43,12337411.74,1197501.175,12803189.67,5568173.099,2243882.751,4089304.46,3574047.455,1708673.538,995027.4211,962179.2244,848819.789,855189.6986,606906.0154,856565.1316,1104780.452,883324.0658,698025.9256,1271189.865,961803.9808,982863.2612,1028152.369,2420953.218,1925964.342,1310214.057,2672081.805,3897077.082,1800883.824,1574500.862,4837682.105,2714440.102,1267580.957,1245098.063,2626947.441,1412093.299,2395525.464,1886025.59,1853990.319,1356752.617,1151245.673,701057.9915,6167249.407,4226431.484,2142907.007,1757836.342,4158356.299,2664877.937,2906846.878,2298226.606,2992842.914,1791536.918,1180748.583,2732649.277,4227770.629,3205585.601,3416989.98,2605723.919,1976483.915,7357697.679,3864222.286,1737967.103,2387601.963,1966451.607,2120103.621,1508050.151,1847669.288,6780589.983,3993986.728,2213810.03,835317.2501,1885427.485,2034995.555,3084328.735,1507916.381,1378544.62,3417089.015,1719328.16,1331306.964,4525919.118,2165617.827,827901.5704,1853553.512,1586383.576,1874207.727,839398.5062,1729088.423,9238417.6,7175693.064,2996062.347,2145929.614,1521040.413,1589756.276,1270820.663,915065.4801,1390427.976,1275906.434,1003511.967,499801.6589,1194860.61,1503090.169,1964705.748,1080326.687,706279.1099,1971667.129,2509823.913,4858064.93,15469170.15,11590963.69,9945574.528,6631888.543,7150254.213,5647175.246,7497344.394,16135167.38,12986569.96,4695917.303,941617.6476,2784794.551
PWN,31,NA,NA,NA,NA,NA,NA,NA,NA,NA,NA,NA,NA,NA,NA,NA,NA,NA,NA,NA,NA,NA,NA,NA,NA,NA,NA,NA,NA,NA,NA,NA,25368609.78,29246383.33,36382867.94,28584665.35,29931666.48,44230357.6,61437971.35,126954251.5,53553284.45,52042401.32,63723482.43,48325137.92,90954924.62,96939630.56,122168853,98378069.54,122117046.1,77702297.61,81328379.26,106308817,91961911.81,111638867.9,52441786.17,69766888.32,91674530.24,109607647.9,78675612.76,112533996.9,56194133.01,56148604.99,68521035.95,71716471.16,80938212.66,89770409.95,75309336.11,82758404.35,119716283.7,178677462.3,62171496.35,71935865.68,81295124.83,78903091.86,52389877.95,40418159.14,46334085.39,55111932.05,53264001.81,60493605.01,59054677.91,59362203.37,62281746.49,57268196.2,53732684.81,70243720.63,60593021.46,61226062.37,65187846.76,70124968.45,111444687.3,51777354.51,68996839.88,114162641.1,56697364.49,56306689.66,71128833.19,67901405.52,54255597.2,80276375.84,75357470.61,57346735.46,48568844.94,53545022.97,54384620.1,64303374.32,78058577.15,51348449.46,76768903.6,46832150.7,60739052.03,56280097.06,69870136.58,72673962.64,77588282.65,53376063.7,65359837.72,57343945.88,53080797.35,68493959.63,57134968.97,54255010.92,57115627.75,55690867.5,60179584.94,55346584.73,50914135.4,97214730.62,56338382.12,61895700.75,53432127.66,53801495.8,52323089.38,52397193.56,62839120.32,55842170.41,55652518.09,57046771.14,53300491.55,78785307.16,64823506.72,59764845.75,46048927.22,49119814.24,49006780.14,57184714.47,80854023.5,85250830.87,47581421.51,56642094.32,108715336.5,87612776.71,81474964.16,74725332.6
CEP,32,NA,NA,NA,NA,NA,NA,NA,NA,NA,NA,NA,NA,NA,NA,NA,NA,NA,NA,NA,NA,NA,NA,NA,NA,NA,NA,NA,NA,NA,NA,NA,15861099.14,16547902.74,17590084.44,18515878.86,16894406.02,17044448.6,18812051.55,19373132.76,18896716.48,17220552.77,16021324.47,18417525.35,18553107.42,16677645.48,16268029.78,15694114.37,15408922.39,17243321.02,17434272.46,16382576.79,15971702.71,16383418.55,17630644.09,17520579.3,16850468.31,16875397.32,17458568.04,17342875.42,18182693.29,18376597.73,18981110.43,18096886.03,17266703.5,16755533.43,17333267.04,17580650.93,18482919.52,18990791.08,18717059,17557184.05,17576709.51,18210992.11,18795123.29,17242201.79,18544071.13,17964275.04,17986841.9,17869010.02,19069704.5,19320763.63,19466870.97,19282357.11,20101982.11,19746573.76,16883552.4,18154030.29,18949890.04,21704723.83,21298842.49,17763714.27,17495281.89,17597864.7,19326558.09,19530302.49,17084791.37,17164788.52,18265120.01,18334183.32,18404210.48,19054863.3,16797261.79,17752915.4,17661199.75,18951607.98,19081968.89,18198195.72,17313500.21,17166204.51,17192298.23,20584087.5,20718947.46,25007196.19,26198573.98,19039588.93,22425288.45,21204665.26,17043898.65,18820287.5,20472645.41,19150537.55,20243698.84,20318227.26,20356909.01,20876651.04,19600300.27,19354594.6,18021171.36,17983957.76,20293009.38,22241577.76,21259499.35,19519023.11,19235322.59,18915609.74,19441178.5,19025328.05,18634533.37,18501958.57,19072199.16,19695855.65,18738421.93,20406948.21,19492868.75,20610891.8,21462368.07,19830917.8,20539920.89,21625608.26,21187597.51,20637390.42,19053729.39,14301434.92
KCR,33,NA,NA,NA,NA,NA,NA,NA,NA,NA,NA,NA,NA,NA,NA,NA,NA,NA,NA,NA,NA,NA,NA,NA,NA,NA,NA,NA,NA,NA,NA,NA,16671080.91,17000818.89,16793056.47,17288576.43,19149953.34,22891946.11,29268327.36,35335585.28,40807182.5,44832728.3,47511201.76,50024203.38,52727225.73,59712049.66,74288297.49,101741124.2,134434471.9,163341349.5,183352248.7,196449553.4,126504221.4,100889176.6,93357022.87,89740356.7,88518513.44,88706515.02,88502342.07,88920677.91,89737382.77,91430124.31,90520183.56,90042701.89,89824451.84,89919248.69,90005093.82,90092703.94,90486663.82,91194402.58,91199835.16,91445350.41,91954283.39,91686130.63,91612017.76,91654601.64,92689923.13,92091989.69,92177414.3,92056683.19,91942593.79,91687760.91,92064653.11,92330793.79,92877061.13,92627254.38,93529464.43,94977067.96,94766039.05,94544306.12,93994544.08,94224817.26,94668216.18,95404187.88,95184178.82,95761110.33,96344486,96272023.72,96463211.34,95574841.34,95818030.52,96020177.75,96276416.7,96457132.17,97091302.64,98700543.87,98334565.49,97847084.7,98087143.59,98914781.35,99988813.87,99649277.8,99712893.4,100731897.7,101152052,100774509.8,101582303.3,104370450.3,107661300,112224159.4,118477665.6,121813626.6,123583202.9,124070412.5,113545197.3,105594054.7,102655159.1,101230690.7,101624882.6,103142796.3,103188018.7,103567384.8,104196781.6,104186675.2,104370113.4,106343313.2,109777587,112777100.3,115780823.7,114862168.2,114581729.3,115173853.5,116590011.1,117612856.9,119306238.6,118161621.7,116846961.2,116647668.4,116928131.2,117628038.8,116716038,117056992.9,117923146.5,117435912.8
SCR,34,NA,NA,NA,NA,NA,NA,NA,NA,NA,NA,NA,NA,NA,NA,NA,NA,NA,NA,NA,NA,NA,NA,NA,NA,NA,NA,NA,NA,NA,NA,NA,8507.509878,6964.574384,8742.878104,7555.300048,27623.22168,40536.60426,39350.55426,34195.00606,24369.59297,16656.01539,11974.55794,16091.81861,18656.67241,18982.92208,14587.52475,9327.103101,5734.130992,4280.082443,3938.100052,3594.73916,3278.137166,2930.514405,2735.17464,2657.959839,2605.881124,2569.400683,2516.811361,2476.742928,2436.286516,3323.243313,8991.941855,11430.58137,11588.43679,9201.667406,6903.289689,5188.467226,4286.163703,3822.768863,3539.420263,3368.602421,5281.412485,11515.52733,11518.51389,9040.246427,6512.047647,4647.41934,3654.168616,3211.2181,5042.598669,9638.982329,7843.732696,6129.030324,4342.371041,3279.387305,2865.664312,2725.221718,6085.773405,12860.65171,10418.94257,7770.320352,5102.232043,3466.836544,2953.363318,7858.725825,9839.078887,7473.076906,4383.445907,2975.534635,5163.672089,6134.835601,4911.397403,3674.430939,2776.357208,2253.654932,2156.006454,2052.877884,8239.831822,14651.16973,10883.1428,7553.926061,7083.43793,4645.95765,3796.905007,2920.171505,2403.666196,2215.056871,2136.521623,2097.849808,7718.000709,15607.20237,11466.03795,8137.537053,8493.856604,5481.846462,4418.006808,3265.949788,2474.212488,2136.742831,8078.60658,10720.39776,7880.286143,5372.313093,3303.217424,2318.693896,2089.135554,10503.69505,14177.07576,10038.87635,6652.586741,3783.229587,7198.261341,7565.250113,5991.973845,10845.66485,7298.457953,6846.747133,4723.482983,3354.06967,53361.92625,103971.2236,120987.2697,96729.95753
ZG,35,NA,NA,NA,NA,NA,NA,NA,NA,NA,NA,NA,NA,NA,NA,NA,NA,NA,NA,NA,NA,NA,NA,NA,NA,NA,NA,NA,NA,NA,NA,NA,6494760.514,6467951.654,6419418.001,6807632.223,6784723.065,6775364.695,6726438.948,6721655.224,6692112.961,6674661.441,6619856.481,6873678.154,6814195.916,6819091.817,6784168.289,6841126.238,6784353.876,7205467.367,7150016.591,7156578.973,7112592.813,7123883.869,7378291.638,7645382.093,7634058.888,7848426.119,7794766.887,7740919.681,8055019.22,8002689.644,8349986.889,8625261.449,8592801.062,9034684.834,9271499.118,9221298.475,9165403.734,9369618.372,9310622.92,9266408.035,9483120.015,9472726.627,9481980.159,9433666.816,10061091.66,10661229.73,10634255.23,10906996.79,10830276.82,10802189.41,11053372.73,11024032.09,11045994.64,10985984.02,11009043.95,10994717.44,11806026.87,12186673.12,12262451.47,12295496.17,12374794.38,12333631.56,12375732.13,12342055.49,12365038.48,12346215.34,12450332.42,13494654.07,13612024.76,13573501.5,13770562.67,14433728.57,14548561.24,14493905.64,14582092.8,14741726.84,15067607.43,15095103.97,15171393.27,16746125,17119658.66,17247762.6,17289865.93,17535152.82,18675002.96,18806024.68,18974995.91,18916570.74,19346187,19760601.13,21981998.91,22670696.62,22992194.71,23137598.22,23467236.61,23473877.24,24222744.22,25193488.89,26046225.28,26118264.8,26317668.73,30049510.14,30616854.68,30719734.13,31055380.23,32520580.52,33645047.26,33960353.54,33960869.7,33902057.65,34040075.32,34596894.22,34711903.52,38103489.85,38249389.29,38165994.24,38213346.07,38227799.77,38480225.78,38440448.39,38579765.8,38607074.36
ZL,36,NA,NA,NA,NA,NA,NA,NA,NA,NA,NA,NA,NA,NA,NA,NA,NA,NA,NA,NA,NA,NA,NA,NA,NA,NA,NA,NA,NA,NA,NA,NA,397792944.3,414625877.2,459613768.2,421809162.4,358364741.8,325632925.2,318703468.6,305248625.4,267496805.4,295967741.2,281551406,317513433.2,379381924.1,355834313.4,345869417.6,328222320.7,333642523.6,387033078.3,384057998.9,354868086.3,309507828.7,280784533.7,340691384,350259810.1,364111049.2,402514134.2,389977546.1,370474043.5,346737969.1,354021121.7,348630146.7,323651669.7,301911916.7,356536126.4,356747716.9,341326254.4,371265449.7,363647113.4,372378573.6,364470269.2,395947974,349200834.1,306339473.9,290736903,274998531.7,353789440,353101132.3,383171639.1,399213171.4,381382391,360836174,344257230.7,304684317.2,288170094.9,281763313.9,288288462.9,405843704.8,353170493.5,319596750.1,359561696.4,376440145.5,363736221.8,324188807.5,320538167.1,286876113.3,319013688.9,282955759.3,385691728.9,372044384.8,327794014.3,369088368.3,325878893.9,301675590.6,342842225,360059475.9,338516967.6,322133351.2,298317162.4,270808501.4,322882386,404540071.8,387276855.7,370338035.1,335986252.3,325158411.3,312222853.9,285036789,289492325.3,310271909.3,320490166.1,386262780.7,372488688.4,342192792.6,334175567.5,331331602.6,325303188.4,325910948.2,323110787.5,328417586,308835469.2,338661380.9,371447175.8,365130215.1,346225333.7,297228972.1,304835490.1,343409410.5,346764204.6,341838389.4,300496327.5,319090265.5,290248318.4,299597723.8,364790496.7,336094788,305321525.4,337531291.4,333307344,314416049,281637239.2,299455986.3,287707728.9
ZM,37,NA,NA,NA,NA,NA,NA,NA,NA,NA,NA,NA,NA,NA,NA,NA,NA,NA,NA,NA,NA,NA,NA,NA,NA,NA,NA,NA,NA,NA,NA,NA,191679859.7,246852460,148123664.6,212229558.2,257963536,191283509.8,298749943.4,319573255.1,272353284.7,187098108,148094074,193640827.4,230307692.2,169707320.4,203210265.4,208610565.1,186241886.1,229813691.8,286375547,212433136.7,247897318.7,274215188.5,126652649,169508141.4,245740225.1,187000715,197275862.5,249282425,160955411.4,180050790.4,269348674.7,199053802.9,234518830.8,283247156.7,181454277.7,207058361.7,398824138.5,181967513.9,197822807.5,241212079.3,160096430.9,209140815.3,207337317.5,163210132.5,217147049.1,244236084,204002807.6,204413443.5,290956119.3,160397706.5,180822662.9,235266656.5,156237642.5,229676823.9,181729097.8,200937379.8,154453642.5,261414145.3,186213117.8,221574692.9,273284758.8,154654458.7,245173833.4,193832464.7,144296592.9,183797421.8,220579488.3,162529093.2,228921165.5,164667693.8,191785484.9,250143022.1,268859080.2,237216791.8,222828902.7,158358050.1,228575106.4,218443551.8,170348059.2,211338124.8,244853689.1,150576308,187656347.2,214219345.3,188981005.4,234967417.5,267427940.2,185244566.2,231133635.7,220807609.4,163033801.8,221445575,234328328.4,215699968.9,168006684.3,235558987.8,153143600.5,200992032.3,255842358.3,189793481.8,261008216.4,271817901.7,170368022.6,218555804.7,252790524.8,191302277.4,195802239.9,202622703.8,143300330.2,226802668.7,205059773.1,156758716.9,200904392.2,282891565.9,166411639.8,206277602.8,202383200.3,193045505.7,187495226,196044002.1,129652054.4,94821230.41
ZS,38,NA,NA,NA,NA,NA,NA,NA,NA,NA,NA,NA,NA,NA,NA,NA,NA,NA,NA,NA,NA,NA,NA,NA,NA,NA,NA,NA,NA,NA,NA,NA,81598215.45,53488337.35,55239348.54,13380142.2,28274113.73,38889634.57,27244134.45,25224890.12,30447085.16,43515272.51,17040067.86,21070853.01,98082656.77,22526262.87,26027693.61,20657755.21,29357628.41,42934830.74,32240471.81,13988156.5,1661081.065,20518645.08,43258595.28,42614200.17,58812098.07,72725726.99,34571913.34,21135583.25,24150302.15,17994751.81,32142525.49,14450149.02,6655799.477,28895695.29,43115524.58,22198325.46,72324343.65,53074192.05,41429482.46,40637995.52,58780279.23,10071920.48,999.334515,16027142.58,4148184.051,60493501.89,51676756.7,69087984.53,59283220.78,36481162.69,15760206.21,24701064.08,11967943.57,19218951.81,20889210.5,34396843.54,100561301.6,7610386.541,421411.5072,95556931.26,51134232.89,14049934.48,6192361.696,44067834.17,763677388.4,65930656.24,4219330.96,76714770.38,26800299.82,3168506.406,82095560.04,4842974.402,5540572.097,60613339.11,64801203.05,24401137.5,15737586.02,18222180.21,7187342.463,44801643.66,106521857.5,34366458.99,26023008.57,10480221.28,31845761.63,29888431.91,150535.4344,26121524.44,52776059.86,52309583.92,75700712.61,22870391.76,507097.9667,33142543.01,28541128.11,43176222.4,34266984.75,39568272.91,42780619.51,16580637.52,68578185.36,293409527.3,20573504.02,21976031.55,706640541.1,32432725.85,70724476.75,42325083.6,26848096.78,1452868.958,60531838.76,18717368.36,58975056.07,40016426.91,17219192.39,130775572.6,81531570.15,26146313.25,50867847.35,5386137.737,56766791.14,475444393.1
DF,39,NA,NA,NA,NA,NA,NA,NA,NA,NA,NA,NA,NA,NA,NA,NA,NA,NA,NA,NA,NA,NA,NA,NA,NA,NA,NA,NA,NA,NA,NA,NA,1319.545614,1311.960968,1331.864446,1258.911058,1225.256674,113751.8342,1125.239192,1067.102276,1012.55794,648908.7283,935.422108,176130.4971,887.018184,912.859133,856.924407,1106.653633,822.08668,802.805372,13799560.34,786.856449,778.763593,842.95976,154792.6686,776.227966,769.918449,767.728817,785.643334,1488710.996,4447.615687,795.465387,764.464396,770.386917,764.435973,764.314452,764.684652,764.441434,769.888874,764.319768,764.614184,766.283548,764.639477,764.591126,1351.595184,1888.348479,1689.692578,932.279853,789.524386,766.67415,766.804967,899.755381,765.346861,798.139719,767.756012,764.395626,8479.871302,765.281074,5919.720365,772.639005,785.697669,804.218161,1321.353317,10618.40151,774.156834,961.811092,765.547908,764.259674,765.292924,9312.940387,836.724464,34572.55067,3741.19895,1061.411318,765.696971,741523.8606,131204.3198,2138.422325,910.741232,903.780552,592434.5114,764.264745,772.273729,867.942785,763.885086,796.656081,69416.59338,765.175466,767.76047,773.401043,778.280012,856.986158,763.762203,763.67804,20139.1031,766.690898,1179.857254,771.40332,764.438377,763.687069,815.912755,770.085165,809.553283,2856.174967,773.564137,9685.968336,782.789094,11302.01682,828.186266,1713.149473,10168.46063,784.242054,1574.267751,766.188802,5240.086689,795.888503,774.230596,841.282722,857.39906,768.380733,764.587296,854.69001,767.830968,935.288706
PS,40,NA,NA,NA,NA,NA,NA,NA,NA,NA,NA,NA,NA,NA,NA,NA,NA,NA,NA,NA,NA,NA,NA,NA,NA,NA,NA,NA,NA,NA,NA,NA,30811233.69,29902917.68,29417349.07,29248820.22,29165273.47,29010593.32,28897659.53,34347834.81,28674166.61,30711113.38,28610216.96,30480004.53,28229327.44,28119472.23,28010058.61,31674865.85,27796841.53,27684243.52,27576561.28,27469292.89,27369996,27256454.39,28813279.01,27045287.5,26940501.79,26834003.99,26796961.72,27162605.14,35923848.12,26452815.74,26316197.93,26274857.89,26111530.82,26009955.24,25909345.01,25807931.74,25707511.65,25607426.42,25507879.15,25431488.01,25309651.52,25215067.63,25115730.71,25086086.43,24933723.67,24823139.16,24731155.54,24628255.81,24533933.46,75586061.54,24346380.29,24276094.91,24309121.05,24058835.75,23967724.29,23871976.66,23781085.72,23689446.92,23596799.22,23576590.43,29530198.36,23320231.71,23244853.09,23480914.63,23054817.44,22959269.76,30159545.32,22780890.84,22692476.02,22619455.81,22633876.35,22443460.48,22341132.52,22255840.08,22177597.65,22164074.56,21996290.39,21913161.19,21824621.78,21743377.34,21655271.42,21570886.02,21487255.83,21581009,21320206.23,51029650.63,21154504.93,21077619.88,21268961.03,20922310.23,20828134.08,20746161.01,20761767.11,20663224.82,20504971.13,20425347.4,20345733.87,20266570.92,20187730.26,20110271.73,20211052.45,90449813.2,23422167.39,19820064.36,19815116.57,20958551.57,19663806.32,19493204.47,20146374.53,19577372.75,19683584.05,19190963.15,68477184,19042501.3,19126349.11,18959405.77,21731002.57,18803645.2,18675326.51,18601148.05,18557178.71,184500393.9
PL,41,NA,NA,NA,NA,NA,NA,NA,NA,NA,NA,NA,NA,NA,NA,NA,NA,NA,NA,NA,NA,NA,NA,NA,NA,NA,NA,NA,NA,NA,NA,NA,35439339.3,12978508.23,3706906.5,1954783.357,3194913.652,1506737.136,6337998.306,23618314.35,13793259,99248699.7,22173877.61,3195398.856,2676312.977,2386307.968,3046506.051,149255450.6,2284675.062,2040965.619,1841212.221,1619406.725,1790372.303,1526101.519,23783097.19,1635608.682,3054143.238,2541705.287,4116650.029,16000151.81,749995500.9,2721658.613,2094630.622,3506909.545,1872661.184,1689076.838,1482649.7,1570675.728,1434607.409,1385396.604,1526693.061,1923124.171,1274263.261,1502074.73,1497850.078,3050224.603,2246847.898,1451849.875,1398385.408,1410036.37,1457563.525,3613188.053,1651100.868,4183016.757,6726882.579,2162812.144,2094296.039,2007301.937,2221785.868,2179015.965,2040572.362,4397864.605,250733329.8,1856004.838,2205717.974,9632714.261,1848922.587,2436448.718,2276349.826,3456633.287,4087685.108,4575877.897,13858499.36,3592297.783,2788561.509,2459615.9,2723805.943,7049121.179,4051556.309,3432513.811,3265433.545,3213942.988,2871069.756,2591615.339,2782713.972,8339735.098,2287906.111,2767932.32,1955163.588,1851194.79,2297361.622,1957481.737,1625678.381,1750641.297,4455019.532,5351645.366,1792813.064,1756242.83,1643727.075,1871332.721,1881915.741,1704401.316,6681696.876,4591408672,7302776.782,2014516.887,3584960.011,42307763.04,3494981.32,1664744.366,28104942.8,6937873.152,11351090.68,1814144.548,3042918520,1971318.998,7018001.268,3051340.953,110309579.8,3317487.635,1943021.204,1746188.221,3519209.484,8512694013
BC,42,NA,NA,NA,NA,NA,NA,NA,NA,NA,NA,NA,NA,NA,NA,NA,NA,NA,NA,NA,NA,NA,NA,NA,NA,NA,NA,NA,NA,NA,NA,NA,7402367.681,7688208.002,7974156.335,8252542.22,8499076.482,8804112.984,9129462.284,9462424.482,9821946.111,10180527.7,10526444.43,10844897.95,11106387.53,11260668.1,11251096.65,11069062.26,10813408.63,10645037.83,10651681.25,10691547.89,10840630.15,11030388.19,11250520.62,11487900.72,11725549.61,11947137.68,12147306.66,12322338.66,12417265.04,12491819.47,12573408.09,12640804.06,12691134.93,12736913.26,12796332.28,12875836.16,12970474.73,13065345.77,13158547.42,13273784.04,13393414.53,13526480.22,13679088.83,13846968.25,14021694.29,14215121.04,14423955.84,14652015.53,14900316.42,15170350.67,15473140.57,15802224.72,16154610.76,16541930.21,16958172.55,17407266.18,17896744.05,18425018.82,18995321.21,19604613.01,20267843.67,20983934.03,21759955.02,22602846.03,23517978.99,24493764.79,25627788.81,26751856.64,27981721.63,29300971.01,30772343.18,32359420.18,34003583.68,35796763.7,37729185.23,39846673.15,42128540.15,44612739.67,47188548.19,50013020.44,53004455.04,56319240.74,59925994.86,63822484.08,68000404.44,72472625.13,77313641.03,82566808.87,88258799.93,94445670.17,101166595.4,108388556.4,116174134,124501024,133301436.2,142160186.3,150367883.9,158459926.4,166328630.6,173742738.5,181004698.9,187941959.5,194928628.7,201993644.6,209037008.9,216340707.6,225273354,233208934.9,241015877.3,249095843.2,258635449.2,269414948,278474360.5,288137810.8,297432910.8,307394723.8,318807110.6,322349318.1,323808268.1,331899292.2,343097569.3,345956374.6
BD,43,NA,NA,NA,NA,NA,NA,NA,NA,NA,NA,NA,NA,NA,NA,NA,NA,NA,NA,NA,NA,NA,NA,NA,NA,NA,NA,NA,NA,NA,NA,NA,28285882.02,32791007.48,38562520.49,46334941.55,55967357.66,67784930.27,80267839.77,96340600.23,126231353.7,167570244.1,224102845.2,300736306.8,400847713.1,518420789.3,635565814.5,719599537.9,745384364.8,714975803.8,637023319.2,491840263.8,526314296.8,589282257.2,655040461.9,722214247.9,790218734.1,857818778.5,925167518.5,990996502.2,1032687058,1072674497,1118009109,1157664314,1186596971,1209187957,1232410785,1261057328,1290908096,1311817003,1325302215,1343809787,1355099390,1366221900,1383681464,1399088956,1406816170,1413973402,1420639043,1425354850,1431315883,1438289913,1454597004,1473797767,1491269692,1508056641,1523792944,1538631250,1553387433,1566092034,1577488079,1587784062,1598458121,1608180868,1617772630,1627658034,1637540556,1647373840,1656902744,1672749798,1688196125,1702185854,1716322796,1729671740,1741526632,1753596707,1765131615,1771217148,1749715876,1732864184,1726684542,1735174116,1746906555,1749176590,1749386766,1755709025,1756614927,1762324527,1767508612,1765152389,1765963529,1754904035,1742362658,1715491424,1702978588,1714855724,1723461055,1717966909,1710172000,1708514045,1701748972,1701539114,1694121804,1691059615,1681761315,1675298300,1662292861,1648885215,1641978031,1626852240,1614956149,1601185682,1592290399,1584048515,1569115643,1555909915,1545956353,1534221652,1525932985,1515646563,1507835784,1499045600,1487910104,1489371515
BFF,44,NA,NA,NA,NA,NA,NA,NA,NA,NA,NA,NA,NA,NA,NA,NA,NA,NA,NA,NA,NA,NA,NA,NA,NA,NA,NA,NA,NA,NA,NA,NA,4689046.344,4647959.167,4631214.003,4600132.484,4578635.552,4567037.856,4472245.278,4260106.374,4143994.298,4091181.443,4044022.974,4028406.629,4011246.207,3956285.3,3919973.773,3930174.31,3907720.8,3875673.461,3828807.163,3835222.529,3823570.546,3702938.572,3598786.556,3568759.659,3516722.63,3533327.259,3516328.668,3501571.161,3497810.067,3439584.885,3422264.409,3420893.314,3402789.311,3416310.231,3442335.495,3414079.214,3390396.088,3402881.658,3385440.799,3336535.477,3356756.965,3339854.359,3262053.625,3250096.87,3246136.951,3232538.461,3196512.041,3226628.734,3236513.572,3231462.789,3213711.038,3203818.998,3191499.635,3179507.719,3196599.446,3208034.475,3174158.722,3158545.551,3146514.212,3137306.691,3137841.662,3149816.703,3140608.53,3131304.412,3122754.627,3114331.683,3070765.736,3098274.175,3113769.299,3111870.952,3101178.793,3074431.433,3070492.221,3093759.002,3098767.437,3099357.601,3078957.282,3074687.252,3068211.604,3058843.486,3071682.081,3082065.623,3087117.065,3083152.726,3061542.798,3033843.708,3040419.355,3072107.047,3072702.492,3072131.761,3056209.509,3056422.485,3053826.157,3086167.978,3094263.61,3083551.757,3090828.637,3082800.95,3078638.577,3068672.855,3086426.48,3107650.282,3061269.596,3045613.985,3011777.516,3004824.449,3037130.128,3078218.77,3073633.998,3068022.595,3060927.819,3054207.408,3102640.868,3101899.377,3105646.477,3099397.518,3094381.503,3099953.359,3129054.424,3157607.993,3154715.357,3154831.934
SPO,45,NA,NA,NA,NA,NA,NA,NA,NA,NA,NA,NA,NA,NA,NA,NA,NA,NA,NA,NA,NA,NA,NA,NA,NA,NA,NA,NA,NA,NA,NA,NA,9864945.8,9873252.537,9879414.877,9889672.158,9921509.435,9941854.454,9958733.105,9970390.773,9978076.896,9986877.108,9999076.481,10033659.56,10042841.11,10053367.79,10063359.01,10080355.47,10123259.77,10139588.18,10150763.83,10165322.47,10176052.43,10188293.36,10236494.44,10262489.69,10270690.03,10282008.52,10296247.59,10343484.95,10369723.77,10384695.28,10402557.82,10417003.06,10425662.94,10464480.44,10482110.01,10495292.69,10515127.52,10546062.33,10585491.53,10603240.75,10621211.04,10635727.01,10660449.55,10684701.93,10734031.47,10757493.69,10783784.29,10806512.8,10821491.14,10840281.13,10890791.71,10922389.4,10934611.88,10952008.74,10969061.45,10989090.79,11049233.96,11068414.58,11087683.61,11110784.27,11135714.7,11181249.74,11204206.24,11220165.6,11240884.43,11274683.75,11312631.73,11364229.93,11402832.04,11433121.86,11468757.77,11504545.48,11571894.51,11596091.34,11628973.21,11668550.29,11711693.42,11752923.87,11782668.29,11804313.15,11835125.66,11890110.73,11955735.1,11984890.72,12024627.22,12049153.64,12107090.92,12151908.67,12205365.74,12246939.46,12294378.68,12335120.16,12370923.7,12413474.96,12445216.36,12509619.21,12583857.45,12628889.35,12682125.25,12712078.65,12749069.94,12788321.16,12846801.83,12917852.01,12975553.86,13017157.44,13055898.49,13133279.66,13194586.24,13233502.26,13298281.54,13332711.22,13432125.9,13490668.85,13515396.26,13562659.66,13604551.8,13683455.28,13764589.56,13807317.96,13850451.49,13872519.01
COR,46,NA,NA,NA,NA,NA,NA,NA,NA,NA,NA,NA,NA,NA,NA,NA,NA,NA,NA,NA,NA,NA,NA,NA,NA,NA,NA,NA,NA,NA,NA,NA,10264725,10344854.17,10373844.03,10401077.66,10645473.23,10843201.45,10879139.7,10911584.76,10927534.35,10941919.17,10990455.65,11364480.15,11440728.93,11469416.91,11544892.32,11688493.54,12186367.89,12528201.51,12580660.53,12653984.21,12708672.35,12788935.74,13493768.04,13749207.75,13939401.69,14190291.65,14255185.63,14956507.05,15655160.94,15752676.7,15925940.76,16128741.59,16176649.44,16946215.32,17307592.42,17705466.14,17825772.21,18193651.33,18929110.59,19398017.21,19930087.93,20010188.65,20100966.74,20169202.25,21200403.26,21416536.11,22032936.44,22297423.81,22323368.1,22422531.52,23645451.01,24021039.08,24586585.85,24615899.39,24691347.22,24740810.62,26006523.4,26318607.27,26948066.25,27033475.2,27160224.11,28303550.67,28637335.39,29208893.88,29222093.86,29370423.05,29470192.39,30843391.36,31742581.44,31974145.76,32013159.03,32021615.6,33564822.44,34321212.54,34504380.55,34568957.59,34630056.36,35949073.5,36747127.58,36818719.35,36771468.24,36868098.02,38422902.17,39464996.06,39571512.76,39465401.11,40781896.05,41622799.17,41877184.54,41846053.14,41814242.98,43158962.63,44225136.42,44386857.51,44232627.11,44160004.95,45741441.31,46799185.85,46957221.91,46700381.74,46551124.58,46504610.04,48177389.49,49496886.08,49579994.02,49572706.95,49453153.35,51166623.99,52280234.69,52118266.86,51995556.4,51684881.57,53333163.71,54577818.82,54397310.32,54128837.74,53857919.67,55466216.67,56741632.49,56576763.49,56299814.4,56244594.06
PB,47,NA,NA,NA,NA,NA,NA,NA,NA,NA,NA,NA,NA,NA,NA,NA,NA,NA,NA,NA,NA,NA,NA,NA,NA,NA,NA,NA,NA,NA,NA,NA,1852752409,2343340611,1903253948,2258338461,2556560781,1507650102,2497482797,1774840215,1930718902,2201617435,2347315871,1896144531,4734591937,5534652794,7302225938,6617814422,7410132324,7940676897,8084227046,8886638182,8089580744,7035560975,4009604741,4735937472,5892239345,6946806506,4437659497,6829520305,3881898104,4486530919,3357802150,5569288809,5870695853,7423071484,8130698981,8488951320,4998889735,3797137197,3910095495,5671637087,6776765443,4531080234,2455494479,3284863787,2058711956,2864314523,3252406237,3457235049,3277761187,1887896548,2817541137,3248686653,1752220231,4248041926,5814053688,4901301564,3951810881,3848406069,3512557542,3873502447,4879661842,5506462451,4047411168,4827440152,5246046349,4266047076,6124190362,5036771126,4128360120,2302341804,3200423074,3362384903,2009520523,2527758993,3884259950,1983467713,2319034199,2262344799,2111452172,2879323565,3854096650,3642032932,2642783883,3268485221,2891134900,2962119700,2659751129,2291390251,2908362808,2456252950,2881027746,3069367310,2967735915,3123685333,2994907504,3495925401,4742893581,5431354347,3636035260,2545243683,4250817678,3856076137,4906742092,5978581748,5162337886,5562966890,5845712908,5285914668,5235638212,4882020374,5330000473,5479975206,5789768266,5467538498,5727370535,5824252679,3771419927,4741066980,4582047263,6058297404,6200965344,6169504459
BB,48,NA,NA,NA,NA,NA,NA,NA,NA,NA,NA,NA,NA,NA,NA,NA,NA,NA,NA,NA,NA,NA,NA,NA,NA,NA,NA,NA,NA,NA,NA,NA,12188767716,13478188427,15154694553,16861862957,18288143276,19135736610,20772417834,22979367039,24485253511,25961565892,27776715179,29143915551,30933620408,32885383972,35713211342,38878753478,42087664248,46108753452,50297138916,54654588885,58077802497,61106232960,63927028729,65863184497,68693439422,71928342037,74208604478,77076596679,80151760062,81813733267,83019027292,84737065988,86696674615,89306058614,92714061974,96322198352,1.00E+11,1.02E+11,1.03E+11,1.05E+11,1.07E+11,1.10E+11,1.11E+11,1.12E+11,1.12E+11,1.13E+11,1.14E+11,1.15E+11,1.17E+11,1.18E+11,1.18E+11,1.20E+11,1.21E+11,1.21E+11,1.23E+11,1.25E+11,1.27E+11,1.29E+11,1.30E+11,1.31E+11,1.32E+11,1.34E+11,1.36E+11,1.37E+11,1.39E+11,1.40E+11,1.42E+11,1.44E+11,1.46E+11,1.46E+11,1.47E+11,1.47E+11,1.48E+11,1.48E+11,1.49E+11,1.50E+11,1.50E+11,1.51E+11,1.51E+11,1.52E+11,1.53E+11,1.55E+11,1.56E+11,1.58E+11,1.59E+11,1.60E+11,1.61E+11,1.61E+11,1.62E+11,1.63E+11,1.64E+11,1.65E+11,1.66E+11,1.67E+11,1.68E+11,1.69E+11,1.70E+11,1.71E+11,1.73E+11,1.74E+11,1.74E+11,1.75E+11,1.76E+11,1.77E+11,1.79E+11,1.80E+11,1.82E+11,1.83E+11,1.85E+11,1.86E+11,1.87E+11,1.88E+11,1.89E+11,1.90E+11,1.91E+11,1.92E+11,1.94E+11,1.94E+11,1.94E+11,1.94E+11,1.96E+11,1.96E+11
DR,49,NA,NA,NA,NA,NA,NA,NA,NA,NA,NA,NA,NA,NA,NA,NA,NA,NA,NA,NA,NA,NA,NA,NA,NA,NA,NA,NA,NA,NA,NA,NA,4106969686,4481910728,4902281693,5386194164,5815551651,6102632372,6691561416,7319691558,7841156404,8381135661,8976093978,9498124218,10438881871,11323618709,12458186175,13523964289,14739088384,16098165374,17510442655,18956979005,20113640563,21168970268,22074351263,23034475910,24210514402,25477501394,26362846589,27678123516,28641772829,29618299885,30379451969,31494600491,32524789944,33784284623,35157989656,36565646215,37768644986,38767132592,39625195048,40805168472,42093895173,43184406469,43922478631,44739035760,45336879671,46109685438,47011834613,47935064724,48873907064,49631908056,50553567918,51527022629,52269147177,53356387102,54574317193,55607852612,56646472072,57701886798,58778360825,59783450479,60911441249,62140154330,63143399853,64297966130,65514396024,66561164368,67898456752,68926754778,70031847662,70789410042,71684355922,72632276515,73354375557,74270726559,75325899070,76120476426,76913251516,77734833870,78547582858,79540398489,80596576505,81684390711,82610301353,83678381137,84672260430,85644255231,86540883410,87428473243,88484051199,89371151175,90381339052,91408296539,92471375658,93526466384,94564220426,95655117308,96800310991,98040935370,99077627225,1.00E+11,1.01E+11,1.02E+11,1.03E+11,1.05E+11,1.06E+11,1.07E+11,1.09E+11,1.10E+11,1.11E+11,1.12E+11,1.13E+11,1.15E+11,1.16E+11,1.17E+11,1.18E+11,1.19E+11,1.21E+11,1.22E+11,1.23E+11,1.24E+11,1.26E+11,1.26E+11
DL,50,NA,NA,NA,NA,NA,NA,NA,NA,NA,NA,NA,NA,NA,NA,NA,NA,NA,NA,NA,NA,NA,NA,NA,NA,NA,NA,NA,NA,NA,NA,NA,22708324133,25903331068,28561201036,31499252472,34344646104,34797361361,39333319573,42724858213,44918008464,47900525925,51324398369,53148405040,59876852916,64453602590,71394410908,76672053974,83550663461,91583658876,98614347567,1.06E+11,1.10E+11,1.15E+11,1.15E+11,1.20E+11,1.28E+11,1.35E+11,1.36E+11,1.43E+11,1.43E+11,1.47E+11,1.49E+11,1.55E+11,1.59E+11,1.65E+11,1.72E+11,1.78E+11,1.82E+11,1.82E+11,1.84E+11,1.91E+11,1.96E+11,1.98E+11,1.95E+11,1.97E+11,1.96E+11,1.98E+11,2.01E+11,2.04E+11,2.07E+11,2.06E+11,2.09E+11,2.12E+11,2.11E+11,2.17E+11,2.22E+11,2.23E+11,2.25E+11,2.27E+11,2.31E+11,2.33E+11,2.36E+11,2.42E+11,2.41E+11,2.45E+11,2.49E+11,2.50E+11,2.54E+11,2.56E+11,2.58E+11,2.55E+11,2.57E+11,2.58E+11,2.58E+11,2.60E+11,2.65E+11,2.61E+11,2.62E+11,2.63E+11,2.64E+11,2.67E+11,2.71E+11,2.73E+11,2.74E+11,2.78E+11,2.79E+11,2.81E+11,2.81E+11,2.82E+11,2.85E+11,2.85E+11,2.87E+11,2.89E+11,2.91E+11,2.93E+11,2.94E+11,2.97E+11,3.00E+11,3.04E+11,3.04E+11,3.04E+11,3.07E+11,3.07E+11,3.11E+11,3.15E+11,3.17E+11,3.20E+11,3.22E+11,3.25E+11,3.27E+11,3.29E+11,3.30E+11,3.32E+11,3.33E+11,3.34E+11,3.38E+11,3.41E+11,3.37E+11,3.39E+11,3.41E+11,3.44E+11,3.47E+11,3.49E+11
DC,51,NA,NA,NA,NA,NA,NA,NA,NA,NA,NA,NA,NA,NA,NA,NA,NA,NA,NA,NA,NA,NA,NA,NA,NA,NA,NA,NA,NA,NA,NA,NA,0,0,0,0,0,0,0,0,0,0,0,0,0,0,0,0,0,0,0,0,0,0,0,0,0,0,0,0,0,0,0,0,0,0,0,0,0,0,0,0,0,0,0,0,0,0,0,0,0,0,0,0,0,0,0,0,0,0,0,0,0,0,0,0,0,0,0,0,0,0,0,0,0,0,0,0,0,0,0,0,0,0,0,0,0,0,0,0,0,0,0,0,0,0,0,0,0,0,0,0,0,0,0,0,0,0,0,0,0,0,0,0,0,0,0,0,0,0,0,0,0,0
DIN,52,NA,NA,NA,NA,NA,NA,NA,NA,NA,NA,NA,NA,NA,NA,NA,NA,NA,NA,NA,NA,NA,NA,NA,NA,NA,NA,NA,NA,NA,NA,NA,1.05E+11,1.09E+11,1.15E+11,1.25E+11,1.32E+11,1.31E+11,1.31E+11,1.32E+11,1.32E+11,1.32E+11,1.32E+11,1.33E+11,1.32E+11,1.33E+11,1.34E+11,1.34E+11,1.34E+11,1.36E+11,1.36E+11,1.35E+11,1.35E+11,1.35E+11,1.38E+11,1.37E+11,1.36E+11,1.36E+11,1.36E+11,1.36E+11,1.36E+11,1.36E+11,1.37E+11,1.37E+11,1.37E+11,1.39E+11,1.39E+11,1.39E+11,1.39E+11,1.38E+11,1.38E+11,1.38E+11,1.38E+11,1.39E+11,1.38E+11,1.38E+11,1.40E+11,1.42E+11,1.42E+11,1.42E+11,1.41E+11,1.41E+11,1.41E+11,1.41E+11,1.41E+11,1.39E+11,1.39E+11,1.39E+11,1.42E+11,1.44E+11,1.43E+11,1.43E+11,1.42E+11,1.42E+11,1.42E+11,1.42E+11,1.42E+11,1.42E+11,1.42E+11,1.43E+11,1.44E+11,1.44E+11,1.44E+11,1.46E+11,1.45E+11,1.45E+11,1.45E+11,1.46E+11,1.45E+11,1.45E+11,1.45E+11,1.47E+11,1.46E+11,1.47E+11,1.46E+11,1.46E+11,1.49E+11,1.48E+11,1.48E+11,1.48E+11,1.48E+11,1.47E+11,1.50E+11,1.50E+11,1.50E+11,1.49E+11,1.49E+11,1.48E+11,1.48E+11,1.48E+11,1.50E+11,1.50E+11,1.49E+11,1.47E+11,1.51E+11,1.51E+11,1.50E+11,1.51E+11,1.50E+11,1.50E+11,1.50E+11,1.50E+11,1.50E+11,1.52E+11,1.49E+11,1.54E+11,1.53E+11,1.53E+11,1.53E+11,1.52E+11,1.52E+11,1.51E+11,1.52E+11,1.48E+11
