Year,KWH,SWH,HWH,MWH,FWH,BES,HAS,HOS,RIS,SBA,SBB,SHO,DEO,PEL,PES,REO,DEL,FLA,LRD,SSK,MES,GRH,MAC,HAD,SAI,RED,BWH,SSH,NCO,PCO,CAP,PWN,CEP,KCR,SCR,ZG,ZL,ZM,ZS,DF,PS,PL,BC,BD,BFF,SPO,COR,PB,BB,DR,DL,DC,TsActKWH,TsActSWH,TsActHWH,TsActMWH,TsActFWH,TsActBES,TsActHAS,TsActHOS,TsActRIS,TsActSBA,TsActSBB,TsActSHO,TsActDEO,TsActPEL,TsActPES,TsActREO,TsActDEL,TsActFLA,TsActLRD,TsActSSK,TsActMES,TsActGRH,TsActMAC,TsActHAD,TsActSAI,TsActRED,TsActBWH,TsActSSH,TsActNCO,TsActPCO,TsActCAP,TsActPWN,TsActCEP,TsActKCR,TsActSCR,TsActZG,TsActZL,TsActZM,TsActZS,TsActDF,TsActPS,TsActPL,TsActBC,TsActBD,TsActBFF,TsActSPO,TsActCOR,TsActPB,TsActBB,TsActDR,TsActDL,TsActDC
1980,0,0,0,0,0,0,0,0,0,0,0,0,0,0,0,47689.04042,0,0,0,0,0,21462.4045,200098.1346,22058.40319,533699.3579,71984.67286,1024901.322,26965.51516,1867823.733,0,419590.603,212541.5091,0,0,0,0,0,0,0,0,0,0,0,0,0,0,0,0,0,0,0,0,0,0,0,0,0,0,0,0,0,0,0,0,0,0,0,0,0,0,0,0,0,0,0,0,0,0,0,0,0,0,0,0,0,0,0,0,0,0,0,0,0,0,0,0,0,0,0,0,0,0,0,0
1981,0,0,0,0,0,0,0,0,0,0,0,0,0,0,0,60174.4722,0,0,0,0,0,32154.71845,161149.7756,18256.36883,668967.5357,44371.55609,1467830.628,14694.46438,1761797.251,0,1316070.949,170547.5772,0,0,0,0,0,0,0,0,0,0,0,0,0,0,0,0,0,0,0,0,0,0,0,0,0,0,0,0,0,0,0,0,0,0,0,0,0,0,0,0,0,0,0,0,0,0,0,0,0,0,0,0,0,0,0,0,0,0,0,0,0,0,0,0,0,0,0,0,0,0,0,0
1982,0,0,0,0,0,0,0,0,0,0,0,0,0,0,0,54664.67482,0,0,0,0,0,31914.58157,161258.2304,15017.52991,523978.2154,46761.02304,1019458.477,16363.99621,2082587.845,0,1366799.582,70857.09985,0,0,0,0,0,0,0,0,0,0,0,0,0,0,0,0,0,0,0,0,0,0,0,0,0,0,0,0,0,0,0,0,0,0,0,0,0,0,0,0,0,0,0,0,0,0,0,0,0,0,0,0,0,0,0,0,0,0,0,0,0,0,0,0,0,0,0,0,0,0,0,0
1983,0,0,0,0,0,0,0,0,0,0,0,0,0,0,0,49867.13517,0,0,0,0,0,31635.3921,151820.8097,18601.34184,365178.3375,46084.7226,1000589.875,17870.9418,1673135.72,0,1514379.775,144073.7054,0,0,0,0,0,0,0,0,0,0,0,0,0,0,0,0,0,0,0,0,0,0,0,0,0,0,0,0,0,0,0,0,0,0,0,0,0,0,0,0,0,0,0,0,0,0,0,0,0,0,0,0,0,0,0,0,0,0,0,0,0,0,0,0,0,0,0,0,0,0,0,0
1984,0,0,0,0,0,0,0,0,0,0,0,0,0,0,0,45762.47484,0,0,0,0,0,31347.17122,147962.4306,29996.75614,353656.5374,45267.06369,1054342.638,19367.65336,1493992.832,0,887376.7599,279293.3394,0,0,0,0,0,0,0,0,0,0,0,0,0,0,0,0,0,0,0,0,0,0,0,0,0,0,0,0,0,0,0,0,0,0,0,0,0,0,0,0,0,0,0,0,0,0,0,0,0,0,0,0,0,0,0,0,0,0,0,0,0,0,0,0,0,0,0,0,0,0,0,0
1985,0,0,0,0,0,0,0,0,0,0,0,0,0,0,0,41644.93748,0,0,0,0,0,31018.54498,139320.5881,35381.71567,218247.8321,45683.97713,1097535.177,20601.47191,1461532.497,0,891825.3822,455211.714,0,0,0,0,0,0,0,0,0,0,0,0,0,0,0,0,0,0,0,0,0,0,0,0,0,0,0,0,0,0,0,0,0,0,0,0,0,0,0,0,0,0,0,0,0,0,0,0,0,0,0,0,0,0,0,0,0,0,0,0,0,0,0,0,0,0,0,0,0,0,0,0
1986,0,0,0,0,0,0,0,0,0,0,0,0,0,0,0,38464.69639,0,0,0,0,0,30857.70169,150862.9734,44116.05879,125418.8644,45443.53799,1367186.113,21668.14304,1578501.121,0,494362.6397,275798.0482,0,0,0,0,0,0,0,0,0,0,0,0,0,0,0,0,0,0,0,0,0,0,0,0,0,0,0,0,0,0,0,0,0,0,0,0,0,0,0,0,0,0,0,0,0,0,0,0,0,0,0,0,0,0,0,0,0,0,0,0,0,0,0,0,0,0,0,0,0,0,0,0
1987,0,0,0,0,0,0,0,0,0,0,0,0,0,0,0,35256.09937,0,0,0,0,0,30764.16425,170490.7225,59683.50708,155908.1086,45354.91617,1125289.353,22326.00968,2151579.048,0,1565.335299,162610.9788,0,0,0,0,0,0,0,0,0,0,0,0,0,0,0,0,0,0,0,0,0,0,0,0,0,0,0,0,0,0,0,0,0,0,0,0,0,0,0,0,0,0,0,0,0,0,0,0,0,0,0,0,0,0,0,0,0,0,0,0,0,0,0,0,0,0,0,0,0,0,0,0
1988,0,0,0,0,0,0,0,0,0,0,0,0,0,0,0,32780.92873,0,0,0,0,0,30714.25349,171234.0222,35267.69069,161505.017,44478.15143,1081152.109,181453.1227,2125334.094,0,0,167644.2535,0,0,0,0,0,0,0,0,0,0,0,0,0,0,0,0,0,0,0,0,0,0,0,0,0,0,0,0,0,0,0,0,0,0,0,0,0,0,0,0,0,0,0,0,0,0,0,0,0,0,0,0,0,0,0,0,0,0,0,0,0,0,0,0,0,0,0,0,0,0,0,0
1989,0,0,0,0,0,0,0,0,0,0,0,0,0,0,0,31310.16593,0,0,0,0,0,30652.35474,156598.6875,21967.51144,154796.0818,45649.22002,1213406.853,127852.4164,1662422.35,0,0,207685.5491,0,0,0,0,0,0,0,0,0,0,0,0,0,0,0,0,0,0,0,0,0,0,0,0,0,0,0,0,0,0,0,0,0,0,0,0,0,0,0,0,0,0,0,0,0,0,0,0,0,0,0,0,0,0,0,0,0,0,0,0,0,0,0,0,0,0,0,0,0,0,0,0
1990,0,0,0,0,0,0,0,0,0,0,0,0,0,0,0,36536.64056,0,0,0,0,0,30598.16071,171042.3446,20027.08649,109378.9872,47686.37103,1011396.826,99235.5142,1055711.747,0,0,230698.7328,0,0,0,0,0,0,0,0,0,0,0,0,0,0,0,0,0,0,0,0,0,0,0,0,0,0,0,0,0,0,0,0,0,0,0,0,0,0,0,0,0,0,0,0,0,0,0,0,0,0,0,0,0,0,0,0,0,0,0,0,0,0,0,0,0,0,0,0,0,0,0,0
1991,0,0,0,0,0,0,0,0,0,0,0,0,0,0,0,23325.72458,0,0,0,0,0,30586.12516,184426.7396,72826.91286,89387.99716,47320.91276,542796.4011,97158.61765,1084610.019,0,714552.8209,237261.102,0,0,0,0,0,0,0,0,0,0,0,0,0,0,0,0,0,0,0,0,0,0,0,0,0,0,0,0,0,0,0,0,0,0,0,0,0,0,0,0,0,0,0,0,0,0,0,0,0,0,0,0,0,0,0,0,0,0,0,0,0,0,0,0,0,0,0,0,0,0,0,0
1992,0,0,0,0,0,0,0,0,0,0,0,0,0,0,0,19364.57392,0,0,0,0,0,32799.63834,234341.6874,128569.0536,81965.82114,47346.85573,700766.0227,109665.1776,1477444.525,0,690765.0994,242004.7368,0,0,0,0,0,0,0,0,0,0,0,0,0,0,0,0,0,0,0,0,0,0,0,0,0,0,0,0,0,0,0,0,0,0,0,0,0,0,0,0,0,0,0,0,0,0,0,0,0,0,0,0,0,0,0,0,0,0,0,0,0,0,0,0,0,0,0,0,0,0,0,0
1993,0,0,0,0,0,0,0,0,0,0,0,0,0,0,0,19977.68431,0,0,0,0,0,35982.62485,272555.2249,127553.0595,88700.49549,47088.37401,767222.9984,196573.9136,1381034.569,0,419481.4406,259051.4993,0,0,0,0,0,0,0,0,0,0,0,0,0,0,0,0,0,0,0,0,0,0,0,0,0,0,0,0,0,0,0,0,0,0,0,0,0,0,0,0,0,0,0,0,0,0,0,0,0,0,0,0,0,0,0,0,0,0,0,0,0,0,0,0,0,0,0,0,0,0,0,0
1994,0,0,0,0,0,0,0,0,0,0,0,0,0,0,0,21931.96883,0,0,0,0,0,23689.23956,304767.5936,173330.186,92636.61951,99260.67849,778200.3197,296228.8748,2023178.798,0,1209.923816,138565.6748,0,0,0,0,0,0,0,0,0,0,0,0,0,0,0,0,0,0,0,0,0,0,0,0,0,0,0,0,0,0,0,0,0,0,0,0,0,0,0,0,0,0,0,0,0,0,0,0,0,0,0,0,0,0,0,0,0,0,0,0,0,0,0,0,0,0,0,0,0,0,0,0
1995,0,0,0,0,0,0,0,0,0,0,0,0,0,0,0,19348.50567,0,0,0,0,0,27164.76127,278862.4012,157663.0708,88427.98285,86122.32473,901056.3818,465969.9826,2183212.867,0,0,113734.5361,0,0,0,0,0,0,0,0,0,0,0,0,0,0,0,0,0,0,0,0,0,0,0,0,0,0,0,0,0,0,0,0,0,0,0,0,0,0,0,0,0,0,0,0,0,0,0,0,0,0,0,0,0,0,0,0,0,0,0,0,0,0,0,0,0,0,0,0,0,0,0,0
1996,0,0,0,0,0,0,0,0,0,0,0,0,0,0,0,23036.42189,0,0,0,0,0,31848.44211,219933.9267,171037.9003,79991.5917,67492.67246,1024161.062,578634.2435,2191078.837,0,0,141773.7165,0,0,0,0,0,0,0,0,0,0,0,0,0,0,0,0,0,0,0,0,0,0,0,0,0,0,0,0,0,0,0,0,0,0,0,0,0,0,0,0,0,0,0,0,0,0,0,0,0,0,0,0,0,0,0,0,0,0,0,0,0,0,0,0,0,0,0,0,0,0,0,0
1997,0,0,0,0,0,0,0,0,0,0,0,0,0,0,0,23258.38757,0,0,0,0,0,20616.32652,219593.9743,139716.2808,69072.61193,36728.51966,751903.1676,640561.789,2346606.535,0,10180.17358,149644.8283,0,0,0,0,0,0,0,0,0,0,0,0,0,0,0,0,0,0,0,0,0,0,0,0,0,0,0,0,0,0,0,0,0,0,0,0,0,0,0,0,0,0,0,0,0,0,0,0,0,0,0,0,0,0,0,0,0,0,0,0,0,0,0,0,0,0,0,0,0,0,0,0
1998,0,0,0,0,0,0,0,0,0,0,0,0,0,0,0,26632.5453,0,0,0,0,0,25320.92172,261511.544,89090.14624,74442.50459,35029.60856,1081128.445,561205.2722,2155309.941,0,12929.86652,171992.3547,0,0,0,0,0,0,0,0,0,0,0,0,0,0,0,0,0,0,0,0,0,0,0,0,0,0,0,0,0,0,0,0,0,0,0,0,0,0,0,0,0,0,0,0,0,0,0,0,0,0,0,0,0,0,0,0,0,0,0,0,0,0,0,0,0,0,0,0,0,0,0,0
1999,0,0,0,0,0,0,0,0,0,0,0,0,0,0,0,27443.05846,0,0,0,0,0,41251.93475,219702.3551,59887.02771,80767.44416,56763.54179,1118312.589,532341.0052,1934106.065,0,218679.9434,244304.3033,0,0,0,0,0,0,0,0,0,0,0,0,0,0,0,0,0,0,0,0,0,0,0,0,0,0,0,0,0,0,0,0,0,0,0,0,0,0,0,0,0,0,0,0,0,0,0,0,0,0,0,0,0,0,0,0,0,0,0,0,0,0,0,0,0,0,0,0,0,0,0,0
2000,0,0,0,0,0,0,0,0,0,0,0,0,0,0,0,21717.79211,0,0,0,0,0,29725.2304,254324.4857,58671.86233,79190.39459,40490.61668,1155282.689,466664.7174,1693661.056,0,642334.4415,288905.745,0,0,0,0,0,0,0,0,0,0,0,0,0,0,0,0,0,0,0,0,0,0,0,0,0,0,0,0,0,0,0,0,0,0,0,0,0,0,0,0,0,0,0,0,0,0,0,0,0,0,0,0,0,0,0,0,0,0,0,0,0,0,0,0,0,0,0,0,0,0,0,0
2001,0,0,0,0,0,0,0,0,0,0,0,0,0,0,0,17232.26684,0,0,0,0,0,34160.03294,277728.1743,58918.09374,83460.72991,35107.93333,1166474.961,283257.8829,1436588.075,0,432304.4173,165125.6928,0,0,0,0,0,0,0,0,0,0,0,0,0,0,0,0,0,0,0,0,0,0,0,0,0,0,0,0,0,0,0,0,0,0,0,0,0,0,0,0,0,0,0,0,0,0,0,0,0,0,0,0,0,0,0,0,0,0,0,0,0,0,0,0,0,0,0,0,0,0,0,0
2002,0,0,0,0,0,0,0,0,0,0,0,0,0,0,0,16603.57083,0,0,0,0,0,27253.3979,273455.3479,61986.48189,93232.17337,65011.03328,884684.2412,267212.8916,1627323.571,0,669018.2308,166201.0472,0,0,0,0,0,0,0,0,0,0,0,0,0,0,0,0,0,0,0,0,0,0,0,0,0,0,0,0,0,0,0,0,0,0,0,0,0,0,0,0,0,0,0,0,0,0,0,0,0,0,0,0,0,0,0,0,0,0,0,0,0,0,0,0,0,0,0,0,0,0,0,0
2003,0,0,0,0,0,0,0,0,0,0,0,0,0,0,0,14437.29964,0,0,0,0,0,28397.32863,212807.0101,68995.72957,109166.0523,22839.43632,1163202.952,232642.2793,1632554.815,0,611333.9102,142521.229,0,0,0,0,0,0,0,0,0,0,0,0,0,0,0,0,0,0,0,0,0,0,0,0,0,0,0,0,0,0,0,0,0,0,0,0,0,0,0,0,0,0,0,0,0,0,0,0,0,0,0,0,0,0,0,0,0,0,0,0,0,0,0,0,0,0,0,0,0,0,0,0
2004,0,0,0,0,0,0,0,0,0,0,0,0,0,0,0,14411.67022,0,0,0,0,0,38422.99374,204949.0012,96103.76638,116737.8295,6325.406622,1286370.742,168686.2134,1811131.778,0,2008.466873,117321.0154,0,0,0,0,0,0,0,0,0,0,0,0,0,0,0,0,0,0,0,0,0,0,0,0,0,0,0,0,0,0,0,0,0,0,0,0,0,0,0,0,0,0,0,0,0,0,0,0,0,0,0,0,0,0,0,0,0,0,0,0,0,0,0,0,0,0,0,0,0,0,0,0
2005,0,0,0,0,0,0,0,0,0,0,0,0,0,0,0,15312.46917,0,0,0,0,0,38118.78181,182579.6376,107167.1009,126985.4677,15830.71138,1256684.326,200411.0828,1878558.502,0,8780.263178,120520.459,0,0,0,0,0,0,0,0,0,0,0,0,0,0,0,0,0,0,0,0,0,0,0,0,0,0,0,0,0,0,0,0,0,0,0,0,0,0,0,0,0,0,0,0,0,0,0,0,0,0,0,0,0,0,0,0,0,0,0,0,0,0,0,0,0,0,0,0,0,0,0,0
2006,0,0,0,0,0,0,0,0,0,0,0,0,0,0,0,17419.57901,0,0,0,0,0,35643.94736,146608.8761,146141.1494,181176.1937,25492.48453,1280134.519,159154.0665,1624060.717,0,29.378353,93195.09803,0,0,0,0,0,0,0,0,0,0,0,0,0,0,0,0,0,0,0,0,0,0,0,0,0,0,0,0,0,0,0,0,0,0,0,0,0,0,0,0,0,0,0,0,0,0,0,0,0,0,0,0,0,0,0,0,0,0,0,0,0,0,0,0,0,0,0,0,0,0,0,0
2007,0,0,0,0,0,0,0,0,0,0,0,0,0,0,0,18931.2776,0,0,0,0,0,29987.66035,168015.2498,162551.2932,178548.6014,103882.552,1340809.124,206938.3609,1231170.984,0,28616.53158,85962.41205,0,0,0,0,0,0,0,0,0,0,0,0,0,0,0,0,0,0,0,0,0,0,0,0,0,0,0,0,0,0,0,0,0,0,0,0,0,0,0,0,0,0,0,0,0,0,0,0,0,0,0,0,0,0,0,0,0,0,0,0,0,0,0,0,0,0,0,0,0,0,0,0
2008,0,0,0,0,0,0,0,0,0,0,0,0,0,0,0,18464.89394,0,0,0,0,0,25534.39979,164926.7676,120044.3522,192316.58,64032.28012,1272738.518,232854.108,889472.7785,0,33772.65052,83902.5544,0,0,0,0,0,0,0,0,0,0,0,0,0,0,0,0,0,0,0,0,0,0,0,0,0,0,0,0,0,0,0,0,0,0,0,0,0,0,0,0,0,0,0,0,0,0,0,0,0,0,0,0,0,0,0,0,0,0,0,0,0,0,0,0,0,0,0,0,0,0,0,0
2009,0,0,0,0,0,0,0,0,0,0,0,0,0,0,0,19816.3216,0,0,0,0,0,22252.01593,178221.9847,121802.5419,181795.7893,42915.51186,820066.3826,253214.8986,839174.2685,0,285329.5177,92536.18727,0,0,0,0,0,0,0,0,0,0,0,0,0,0,0,0,0,0,0,0,0,0,0,0,0,0,0,0,0,0,0,0,0,0,0,0,0,0,0,0,0,0,0,0,0,0,0,0,0,0,0,0,0,0,0,0,0,0,0,0,0,0,0,0,0,0,0,0,0,0,0,0
2010,0,0,0,0,0,0,0,0,0,0,0,0,0,0,0,22832.48753,0,0,0,0,0,24475.31657,190676.6237,138205.4795,208874.9884,31698.20127,694911.6529,240759.9817,910964.8049,0,330709.0175,90092.51095,0,0,0,0,0,0,0,0,0,0,0,0,0,0,0,0,0,0,0,0,0,0,0,0,0,0,0,0,0,0,0,0,0,0,0,0,0,0,0,0,0,0,0,0,0,0,0,0,0,0,0,0,0,0,0,0,0,0,0,0,0,0,0,0,0,0,0,0,0,0,0,0
2011,0,0,0,0,0,0,0,0,0,0,0,0,0,0,0,22001.75012,0,0,0,0,0,25580.61309,196560.7011,156538.5426,195383.5897,39292.43989,130465.8373,180417.0636,1034152.768,0,497120.153,125186.4341,0,0,0,0,0,0,0,0,0,0,0,0,0,0,0,0,0,0,0,0,0,0,0,0,0,0,0,0,0,0,0,0,0,0,0,0,0,0,0,0,0,0,0,0,0,0,0,0,0,0,0,0,0,0,0,0,0,0,0,0,0,0,0,0,0,0,0,0,0,0,0,0
2012,0,0,0,0,0,0,0,0,0,0,0,0,0,0,0,21620.04663,0,0,0,0,0,31175.96866,173424.2704,152074.4173,191794.1934,43763.4316,459896.7604,161527.2079,1022290.698,0,312349.2145,130480.1145,0,0,0,0,0,0,0,0,0,0,0,0,0,0,0,0,0,0,0,0,0,0,0,0,0,0,0,0,0,0,0,0,0,0,0,0,0,0,0,0,0,0,0,0,0,0,0,0,0,0,0,0,0,0,0,0,0,0,0,0,0,0,0,0,0,0,0,0,0,0,0,0
2013,0,0,0,0,0,0,0,0,0,0,0,0,0,0,0,22818.15428,0,0,0,0,0,33286.64412,170452.946,92726.90665,153071.3131,34230.42047,753684.0721,144405.6523,1227496.811,0,168560.9199,85838.16554,0,0,0,0,0,0,0,0,0,0,0,0,0,0,0,0,0,0,0,0,0,0,0,0,0,0,0,0,0,0,0,0,0,0,0,0,0,0,0,0,0,0,0,0,0,0,0,0,0,0,0,0,0,0,0,0,0,0,0,0,0,0,0,0,0,0,0,0,0,0,0,0
2014,0,0,0,0,0,0,0,0,0,0,0,0,0,0,0,17308.19104,0,0,0,0,0,33170.84019,242375.6106,79151.53396,149279.8065,27137.36934,1166652.573,106718.5287,1339843.482,0,76501.25431,86295.51859,0,0,0,0,0,0,0,0,0,0,0,0,0,0,0,0,0,0,0,0,0,0,0,0,0,0,0,0,0,0,0,0,0,0,0,0,0,0,0,0,0,0,0,0,0,0,0,0,0,0,0,0,0,0,0,0,0,0,0,0,0,0,0,0,0,0,0,0,0,0,0,0
2015,0,0,0,0,0,0,0,0,0,0,0,0,0,0,0,16385.91122,0,0,0,0,0,33108.70049,213606.3061,88672.8008,163945.4607,59008.79084,1101650.872,82131.27243,1228697.973,0,274890.1694,94461.84886,0,0,0,0,0,0,0,0,0,0,0,0,0,0,0,0,0,0,0,0,0,0,0,0,0,0,0,0,0,0,0,0,0,0,0,0,0,0,0,0,0,0,0,0,0,0,0,0,0,0,0,0,0,0,0,0,0,0,0,0,0,0,0,0,0,0,0,0,0,0,0,0
2016,0,0,0,0,0,0,0,0,0,0,0,0,0,0,0,10060.94842,0,0,0,0,0,106475.8793,271985.1792,85933.86583,54095.45483,82690.12151,1566260.623,258051.2592,2295960.776,0,116183.8566,102532.774,0,0,0,0,0,0,0,0,0,0,0,0,0,0,0,0,0,0,0,0,0,0,0,0,0,0,0,0,0,0,0,0,0,0,0,0,0,0,0,0,0,0,0,0,0,0,0,0,0,0,0,0,0,0,0,0,0,0,0,0,0,0,0,0,0,0,0,0,0,0,0,0
2017,0,0,0,0,0,0,0,0,0,0,0,0,0,0,0,10518.11696,0,0,0,0,0,99680.08102,268080.2253,89431.90174,63882.64853,82155.24627,1453304.423,251140.6874,2082224.723,0,123958.419,95295.78837,0,0,0,0,0,0,0,0,0,0,0,0,0,0,0,0,0,0,0,0,0,0,0,0,0,0,0,0,0,0,0,0,0,0,0,0,0,0,0,0,0,0,0,0,0,0,0,0,0,0,0,0,0,0,0,0,0,0,0,0,0,0,0,0,0,0,0,0,0,0,0,0
2018,0,0,0,0,0,0,0,0,0,0,0,0,0,0,0,10930.30502,0,0,0,0,0,93645.25116,263321.8174,89581.34948,75255.03111,83513.37687,1356105.689,245123.3449,1962293.56,0,141232.2751,101304.3885,0,0,0,0,0,0,0,0,0,0,0,0,0,0,0,0,0,0,0,0,0,0,0,0,0,0,0,0,0,0,0,0,0,0,0,0,0,0,0,0,0,0,0,0,0,0,0,0,0,0,0,0,0,0,0,0,0,0,0,0,0,0,0,0,0,0,0,0,0,0,0,0
2019,0,0,0,0,0,0,0,0,0,0,0,0,0,0,0,11252.59723,0,0,0,0,0,88487.37735,258267.2137,84252.93487,87350.51058,80344.6643,1272327.038,233327.968,1885790.29,0,142408.117,88778.36095,0,0,0,0,0,0,0,0,0,0,0,0,0,0,0,0,0,0,0,0,0,0,0,0,0,0,0,0,0,0,0,0,0,0,0,0,0,0,0,0,0,0,0,0,0,0,0,0,0,0,0,0,0,0,0,0,0,0,0,0,0,0,0,0,0,0,0,0,0,0,0,0
2020,0,0,0,0,0,0,0,0,0,0,0,0,0,0,0,11473.4684,0,0,0,0,0,84495.45703,254987.0779,84302.87475,100344.2571,80162.38063,1206041.548,221396.8544,1843672.263,0,125291.4215,85860.07428,0,0,0,0,0,0,0,0,0,0,0,0,0,0,0,0,0,0,0,0,0,0,0,0,0,0,0,0,0,0,0,0,0,0,0,0,0,0,0,0,0,0,0,0,0,0,0,0,0,0,0,0,0,0,0,0,0,0,0,0,0,0,0,0,0,0,0,0,0,0,0,0
2021,0,0,0,0,0,0,0,0,0,0,0,0,0,0,0,11650.12921,0,0,0,0,0,81665.39937,254731.8451,127732.0562,115478.9471,81287.47997,1164326.179,206888.1977,1848477.544,0,93440.09115,84058.84933,0,0,0,0,0,0,0,0,0,0,0,0,0,0,0,0,0,0,0,0,0,0,0,0,0,0,0,0,0,0,0,0,0,0,0,0,0,0,0,0,0,0,0,0,0,0,0,0,0,0,0,0,0,0,0,0,0,0,0,0,0,0,0,0,0,0,0,0,0,0,0,0
2022,0,0,0,0,0,0,0,0,0,0,0,0,0,0,0,11834.88465,0,0,0,0,0,79343.11264,252629.5782,152760.0192,132085.0053,77471.50834,1131576.933,190889.6252,1845966.708,0,77012.73795,70464.7362,0,0,0,0,0,0,0,0,0,0,0,0,0,0,0,0,0,0,0,0,0,0,0,0,0,0,0,0,0,0,0,0,0,0,0,0,0,0,0,0,0,0,0,0,0,0,0,0,0,0,0,0,0,0,0,0,0,0,0,0,0,0,0,0,0,0,0,0,0,0,0,0
2023,0,0,0,0,0,0,0,0,0,0,0,0,0,0,0,12141.90486,0,0,0,0,0,77689.98438,249702.2075,163700.5299,150177.6969,79246.22774,1111285.358,178154.3053,1821194.663,0,105883.8348,88282.80451,0,0,0,0,0,0,0,0,0,0,0,0,0,0,0,0,0,0,0,0,0,0,0,0,0,0,0,0,0,0,0,0,0,0,0,0,0,0,0,0,0,0,0,0,0,0,0,0,0,0,0,0,0,0,0,0,0,0,0,0,0,0,0,0,0,0,0,0,0,0,0,0
2024,0,0,0,0,0,0,0,0,0,0,0,0,0,0,0,12304.99067,0,0,0,0,0,76612.74727,248433.2748,160387.8758,171505.4686,77132.83898,1099396.802,168322.4916,1775513.213,0,114425.8872,100328.8014,0,0,0,0,0,0,0,0,0,0,0,0,0,0,0,0,0,0,0,0,0,0,0,0,0,0,0,0,0,0,0,0,0,0,0,0,0,0,0,0,0,0,0,0,0,0,0,0,0,0,0,0,0,0,0,0,0,0,0,0,0,0,0,0,0,0,0,0,0,0,0,0
2025,0,0,0,0,0,0,0,0,0,0,0,0,0,0,0,12586.97361,0,0,0,0,0,76345.67363,246306.3578,140626.0748,194385.1241,76776.11324,1092826.229,155539.5745,1829534.982,0,98827.70129,110626.0948,0,0,0,0,0,0,0,0,0,0,0,0,0,0,0,0,0,0,0,0,0,0,0,0,0,0,0,0,0,0,0,0,0,0,0,0,0,0,0,0,0,0,0,0,0,0,0,0,0,0,0,0,0,0,0,0,0,0,0,0,0,0,0,0,0,0,0,0,0,0,0,0
2026,0,0,0,0,0,0,0,0,0,0,0,0,0,0,0,12814.61904,0,0,0,0,0,76396.75331,244642.3739,118033.0686,218011.2036,75743.79852,1089838.823,145463.96,1862604.822,0,143426.9535,112455.2069,0,0,0,0,0,0,0,0,0,0,0,0,0,0,0,0,0,0,0,0,0,0,0,0,0,0,0,0,0,0,0,0,0,0,0,0,0,0,0,0,0,0,0,0,0,0,0,0,0,0,0,0,0,0,0,0,0,0,0,0,0,0,0,0,0,0,0,0,0,0,0,0
2027,0,0,0,0,0,0,0,0,0,0,0,0,0,0,0,13003.01281,0,0,0,0,0,76019.36197,243568.3797,104331.1239,241813.7711,80295.20887,1086521.734,137732.8269,1813696.376,0,149757.7479,91182.68395,0,0,0,0,0,0,0,0,0,0,0,0,0,0,0,0,0,0,0,0,0,0,0,0,0,0,0,0,0,0,0,0,0,0,0,0,0,0,0,0,0,0,0,0,0,0,0,0,0,0,0,0,0,0,0,0,0,0,0,0,0,0,0,0,0,0,0,0,0,0,0,0
2028,0,0,0,0,0,0,0,0,0,0,0,0,0,0,0,13571.37542,0,0,0,0,0,75836.07655,244585.3747,125523.2265,268476.3765,79990.13131,1088497.6,134256.2609,1792623.033,0,105508.4415,126901.513,0,0,0,0,0,0,0,0,0,0,0,0,0,0,0,0,0,0,0,0,0,0,0,0,0,0,0,0,0,0,0,0,0,0,0,0,0,0,0,0,0,0,0,0,0,0,0,0,0,0,0,0,0,0,0,0,0,0,0,0,0,0,0,0,0,0,0,0,0,0,0,0
2029,0,0,0,0,0,0,0,0,0,0,0,0,0,0,0,14101.87092,0,0,0,0,0,75760.89066,245447.6104,138307.1034,297835.6808,80087.94184,1092368.06,128406.9544,1792933.915,0,116823.7122,126475.294,0,0,0,0,0,0,0,0,0,0,0,0,0,0,0,0,0,0,0,0,0,0,0,0,0,0,0,0,0,0,0,0,0,0,0,0,0,0,0,0,0,0,0,0,0,0,0,0,0,0,0,0,0,0,0,0,0,0,0,0,0,0,0,0,0,0,0,0,0,0,0,0
2030,0,0,0,0,0,0,0,0,0,0,0,0,0,0,0,14693.07802,0,0,0,0,0,75565.06934,247540.3953,143051.9201,328906.5515,83603.75251,1100852.584,123313.1542,1792760.145,0,166940.4797,161660.5888,0,0,0,0,0,0,0,0,0,0,0,0,0,0,0,0,0,0,0,0,0,0,0,0,0,0,0,0,0,0,0,0,0,0,0,0,0,0,0,0,0,0,0,0,0,0,0,0,0,0,0,0,0,0,0,0,0,0,0,0,0,0,0,0,0,0,0,0,0,0,0,0
2031,0,0,0,0,0,0,0,0,0,0,0,0,0,0,0,15001.99339,0,0,0,0,0,75403.76655,248230.2336,138020.7413,358966.7014,77594.34536,1101135.871,120292.6911,1761678.305,0,149941.0784,147464.5941,0,0,0,0,0,0,0,0,0,0,0,0,0,0,0,0,0,0,0,0,0,0,0,0,0,0,0,0,0,0,0,0,0,0,0,0,0,0,0,0,0,0,0,0,0,0,0,0,0,0,0,0,0,0,0,0,0,0,0,0,0,0,0,0,0,0,0,0,0,0,0,0
2032,0,0,0,0,0,0,0,0,0,0,0,0,0,0,0,15497.76706,0,0,0,0,0,75295.18975,248473.9714,120768.993,385946.2995,78349.62075,1101961.38,117581.0378,1758434.872,0,113537.7401,155454.5471,0,0,0,0,0,0,0,0,0,0,0,0,0,0,0,0,0,0,0,0,0,0,0,0,0,0,0,0,0,0,0,0,0,0,0,0,0,0,0,0,0,0,0,0,0,0,0,0,0,0,0,0,0,0,0,0,0,0,0,0,0,0,0,0,0,0,0,0,0,0,0,0
2033,0,0,0,0,0,0,0,0,0,0,0,0,0,0,0,15717.91415,0,0,0,0,0,75146.49526,248029.716,103461.6791,410612.054,80448.35362,1100714.748,115101.6338,1768253.464,0,137934.8901,171349.2295,0,0,0,0,0,0,0,0,0,0,0,0,0,0,0,0,0,0,0,0,0,0,0,0,0,0,0,0,0,0,0,0,0,0,0,0,0,0,0,0,0,0,0,0,0,0,0,0,0,0,0,0,0,0,0,0,0,0,0,0,0,0,0,0,0,0,0,0,0,0,0,0
2034,0,0,0,0,0,0,0,0,0,0,0,0,0,0,0,15839.71724,0,0,0,0,0,74904.13331,246613.7727,87570.89039,431928.317,77480.79129,1096436.84,112966.1764,1757625.997,0,142270.6908,185474.6816,0,0,0,0,0,0,0,0,0,0,0,0,0,0,0,0,0,0,0,0,0,0,0,0,0,0,0,0,0,0,0,0,0,0,0,0,0,0,0,0,0,0,0,0,0,0,0,0,0,0,0,0,0,0,0,0,0,0,0,0,0,0,0,0,0,0,0,0,0,0,0,0
2035,0,0,0,0,0,0,0,0,0,0,0,0,0,0,0,15895.87331,0,0,0,0,0,74336.85405,244610.7017,74403.50436,449669.3364,78488.86947,1093738.989,110505.5334,1747642.698,0,125438.8705,234136.3795,0,0,0,0,0,0,0,0,0,0,0,0,0,0,0,0,0,0,0,0,0,0,0,0,0,0,0,0,0,0,0,0,0,0,0,0,0,0,0,0,0,0,0,0,0,0,0,0,0,0,0,0,0,0,0,0,0,0,0,0,0,0,0,0,0,0,0,0,0,0,0,0
2036,0,0,0,0,0,0,0,0,0,0,0,0,0,0,0,15882.42359,0,0,0,0,0,74008.78035,242220.2898,64677.80277,463455.9414,76321.9498,1091109.142,104276.9603,1749533.144,0,144214.0457,227631.7294,0,0,0,0,0,0,0,0,0,0,0,0,0,0,0,0,0,0,0,0,0,0,0,0,0,0,0,0,0,0,0,0,0,0,0,0,0,0,0,0,0,0,0,0,0,0,0,0,0,0,0,0,0,0,0,0,0,0,0,0,0,0,0,0,0,0,0,0,0,0,0,0
2037,0,0,0,0,0,0,0,0,0,0,0,0,0,0,0,15854.60014,0,0,0,0,0,73932.19434,240353.4911,57159.72884,477608.3868,76655.9764,1090612.657,97075.13168,1756765.066,0,146516.9404,259127.9513,0,0,0,0,0,0,0,0,0,0,0,0,0,0,0,0,0,0,0,0,0,0,0,0,0,0,0,0,0,0,0,0,0,0,0,0,0,0,0,0,0,0,0,0,0,0,0,0,0,0,0,0,0,0,0,0,0,0,0,0,0,0,0,0,0,0,0,0,0,0,0,0
2038,0,0,0,0,0,0,0,0,0,0,0,0,0,0,0,15877.51814,0,0,0,0,0,73769.33208,239932.8193,50924.69722,492621.0479,77619.00159,1089562.185,87375.35088,1745369.849,0,127060.9936,246105.0591,0,0,0,0,0,0,0,0,0,0,0,0,0,0,0,0,0,0,0,0,0,0,0,0,0,0,0,0,0,0,0,0,0,0,0,0,0,0,0,0,0,0,0,0,0,0,0,0,0,0,0,0,0,0,0,0,0,0,0,0,0,0,0,0,0,0,0,0,0,0,0,0
2039,0,0,0,0,0,0,0,0,0,0,0,0,0,0,0,15935.53002,0,0,0,0,0,73619.29748,242000.0678,45857.11755,509590.5136,77225.12233,1092190.436,78194.33639,1745209.964,0,140374.8635,280922.0201,0,0,0,0,0,0,0,0,0,0,0,0,0,0,0,0,0,0,0,0,0,0,0,0,0,0,0,0,0,0,0,0,0,0,0,0,0,0,0,0,0,0,0,0,0,0,0,0,0,0,0,0,0,0,0,0,0,0,0,0,0,0,0,0,0,0,0,0,0,0,0,0
2040,0,0,0,0,0,0,0,0,0,0,0,0,0,0,0,16002.33768,0,0,0,0,0,73472.0691,242214.6294,41568.87303,526760.8312,76365.13157,1088325.82,67524.41918,1724593.829,0,151803.5173,310379.9117,0,0,0,0,0,0,0,0,0,0,0,0,0,0,0,0,0,0,0,0,0,0,0,0,0,0,0,0,0,0,0,0,0,0,0,0,0,0,0,0,0,0,0,0,0,0,0,0,0,0,0,0,0,0,0,0,0,0,0,0,0,0,0,0,0,0,0,0,0,0,0,0
2041,0,0,0,0,0,0,0,0,0,0,0,0,0,0,0,16171.17767,0,0,0,0,0,73196.79716,240975.5459,37768.50727,540980.9342,79000.31418,1084513.161,58620.93127,1686017.476,0,141844.6012,362593.1418,0,0,0,0,0,0,0,0,0,0,0,0,0,0,0,0,0,0,0,0,0,0,0,0,0,0,0,0,0,0,0,0,0,0,0,0,0,0,0,0,0,0,0,0,0,0,0,0,0,0,0,0,0,0,0,0,0,0,0,0,0,0,0,0,0,0,0,0,0,0,0,0
2042,0,0,0,0,0,0,0,0,0,0,0,0,0,0,0,16295.27184,0,0,0,0,0,73072.06127,239841.0802,34838.19673,557266.0501,75871.62874,1081801.933,52668.10048,1692784.977,0,109461.9139,405802.0783,0,0,0,0,0,0,0,0,0,0,0,0,0,0,0,0,0,0,0,0,0,0,0,0,0,0,0,0,0,0,0,0,0,0,0,0,0,0,0,0,0,0,0,0,0,0,0,0,0,0,0,0,0,0,0,0,0,0,0,0,0,0,0,0,0,0,0,0,0,0,0,0
2043,0,0,0,0,0,0,0,0,0,0,0,0,0,0,0,16339.02418,0,0,0,0,0,72916.55523,239118.811,31632.48419,571565.892,77929.954,1080127.969,46053.24873,1711350.632,0,123360.1125,426480.6372,0,0,0,0,0,0,0,0,0,0,0,0,0,0,0,0,0,0,0,0,0,0,0,0,0,0,0,0,0,0,0,0,0,0,0,0,0,0,0,0,0,0,0,0,0,0,0,0,0,0,0,0,0,0,0,0,0,0,0,0,0,0,0,0,0,0,0,0,0,0,0,0
2044,0,0,0,0,0,0,0,0,0,0,0,0,0,0,0,16767.71553,0,0,0,0,0,72802.30326,238846.4653,28508.50655,584440.2351,82121.35207,1080156.417,40285.88653,1716131.086,0,165811.6765,466124.0514,0,0,0,0,0,0,0,0,0,0,0,0,0,0,0,0,0,0,0,0,0,0,0,0,0,0,0,0,0,0,0,0,0,0,0,0,0,0,0,0,0,0,0,0,0,0,0,0,0,0,0,0,0,0,0,0,0,0,0,0,0,0,0,0,0,0,0,0,0,0,0,0
2045,0,0,0,0,0,0,0,0,0,0,0,0,0,0,0,17210.60812,0,0,0,0,0,72921.31748,239985.4897,26487.90519,601684.3557,82361.05876,1083799.618,37707.6076,1727524.156,0,158294.0574,521837.6171,0,0,0,0,0,0,0,0,0,0,0,0,0,0,0,0,0,0,0,0,0,0,0,0,0,0,0,0,0,0,0,0,0,0,0,0,0,0,0,0,0,0,0,0,0,0,0,0,0,0,0,0,0,0,0,0,0,0,0,0,0,0,0,0,0,0,0,0,0,0,0,0
2046,0,0,0,0,0,0,0,0,0,0,0,0,0,0,0,17570.78579,0,0,0,0,0,73217.75909,242565.849,25127.02837,621178.4652,81525.3415,1090569.748,35424.89716,1734131.639,0,124820.655,526975.1043,0,0,0,0,0,0,0,0,0,0,0,0,0,0,0,0,0,0,0,0,0,0,0,0,0,0,0,0,0,0,0,0,0,0,0,0,0,0,0,0,0,0,0,0,0,0,0,0,0,0,0,0,0,0,0,0,0,0,0,0,0,0,0,0,0,0,0,0,0,0,0,0
2047,0,0,0,0,0,0,0,0,0,0,0,0,0,0,0,17874.43027,0,0,0,0,0,73739.87624,243640.8751,23355.62615,635050.7208,79724.49512,1093484.586,32989.98986,1769575.778,0,134633.1583,498889.2398,0,0,0,0,0,0,0,0,0,0,0,0,0,0,0,0,0,0,0,0,0,0,0,0,0,0,0,0,0,0,0,0,0,0,0,0,0,0,0,0,0,0,0,0,0,0,0,0,0,0,0,0,0,0,0,0,0,0,0,0,0,0,0,0,0,0,0,0,0,0,0,0
2048,0,0,0,0,0,0,0,0,0,0,0,0,0,0,0,18014.30206,0,0,0,0,0,74108.12374,243390.2308,21847.85788,643906.4049,77070.50081,1092710.239,31572.24084,1818954.206,0,160946.8072,493127.0694,0,0,0,0,0,0,0,0,0,0,0,0,0,0,0,0,0,0,0,0,0,0,0,0,0,0,0,0,0,0,0,0,0,0,0,0,0,0,0,0,0,0,0,0,0,0,0,0,0,0,0,0,0,0,0,0,0,0,0,0,0,0,0,0,0,0,0,0,0,0,0,0
2049,0,0,0,0,0,0,0,0,0,0,0,0,0,0,0,18100.75465,0,0,0,0,0,74232.46959,244025.1519,21230.75098,652788.707,77181.10703,1094817.617,29360.17256,1810716.56,0,144093.2986,518460.9045,0,0,0,0,0,0,0,0,0,0,0,0,0,0,0,0,0,0,0,0,0,0,0,0,0,0,0,0,0,0,0,0,0,0,0,0,0,0,0,0,0,0,0,0,0,0,0,0,0,0,0,0,0,0,0,0,0,0,0,0,0,0,0,0,0,0,0,0,0,0,0,0
2050,0,0,0,0,0,0,0,0,0,0,0,0,0,0,0,18171.21587,0,0,0,0,0,74050.72372,244568.6153,23372.82871,659369.1682,76686.75868,1094458.429,26604.4507,1770262.532,0,141644.4598,522805.5174,0,0,0,0,0,0,0,0,0,0,0,0,0,0,0,0,0,0,0,0,0,0,0,0,0,0,0,0,0,0,0,0,0,0,0,0,0,0,0,0,0,0,0,0,0,0,0,0,0,0,0,0,0,0,0,0,0,0,0,0,0,0,0,0,0,0,0,0,0,0,0,0
2051,0,0,0,0,0,0,0,0,0,0,0,0,0,0,0,18257.38189,0,0,0,0,0,74167.57546,244818.5377,35049.5723,665895.3388,79159.13561,1093049.072,25637.59681,1780188.424,0,151123.2309,604646.5702,0,0,0,0,0,0,0,0,0,0,0,0,0,0,0,0,0,0,0,0,0,0,0,0,0,0,0,0,0,0,0,0,0,0,0,0,0,0,0,0,0,0,0,0,0,0,0,0,0,0,0,0,0,0,0,0,0,0,0,0,0,0,0,0,0,0,0,0,0,0,0,0
2052,0,0,0,0,0,0,0,0,0,0,0,0,0,0,0,18325.9731,0,0,0,0,0,74210.04887,244129.8426,42506.58862,672744.7047,81069.34716,1091731.281,27826.72798,1786996.478,0,126366.839,596224.938,0,0,0,0,0,0,0,0,0,0,0,0,0,0,0,0,0,0,0,0,0,0,0,0,0,0,0,0,0,0,0,0,0,0,0,0,0,0,0,0,0,0,0,0,0,0,0,0,0,0,0,0,0,0,0,0,0,0,0,0,0,0,0,0,0,0,0,0,0,0,0,0
2053,0,0,0,0,0,0,0,0,0,0,0,0,0,0,0,18337.86274,0,0,0,0,0,74259.96758,243025.9628,45968.4061,678587.4169,78437.149,1091520.456,29938.08873,1770246.344,0,108981.2372,619099.6109,0,0,0,0,0,0,0,0,0,0,0,0,0,0,0,0,0,0,0,0,0,0,0,0,0,0,0,0,0,0,0,0,0,0,0,0,0,0,0,0,0,0,0,0,0,0,0,0,0,0,0,0,0,0,0,0,0,0,0,0,0,0,0,0,0,0,0,0,0,0,0,0
2054,0,0,0,0,0,0,0,0,0,0,0,0,0,0,0,18333.63022,0,0,0,0,0,74251.92303,241917.4734,45650.69385,683289.2135,79984.68292,1090792.538,32246.0501,1751600.829,0,102635.0647,592265.6793,0,0,0,0,0,0,0,0,0,0,0,0,0,0,0,0,0,0,0,0,0,0,0,0,0,0,0,0,0,0,0,0,0,0,0,0,0,0,0,0,0,0,0,0,0,0,0,0,0,0,0,0,0,0,0,0,0,0,0,0,0,0,0,0,0,0,0,0,0,0,0,0
2055,0,0,0,0,0,0,0,0,0,0,0,0,0,0,0,18311.85767,0,0,0,0,0,74269.28362,240420.8603,41087.79106,686316.1918,78443.58484,1089684.541,34582.59276,1764856.127,0,105426.4708,610149.9473,0,0,0,0,0,0,0,0,0,0,0,0,0,0,0,0,0,0,0,0,0,0,0,0,0,0,0,0,0,0,0,0,0,0,0,0,0,0,0,0,0,0,0,0,0,0,0,0,0,0,0,0,0,0,0,0,0,0,0,0,0,0,0,0,0,0,0,0,0,0,0,0
2056,0,0,0,0,0,0,0,0,0,0,0,0,0,0,0,18354.92761,0,0,0,0,0,74304.37752,239794.1167,36476.47175,688372.8777,79889.45495,1089291.611,36938.48632,1774917.041,0,139392.5765,668463.6156,0,0,0,0,0,0,0,0,0,0,0,0,0,0,0,0,0,0,0,0,0,0,0,0,0,0,0,0,0,0,0,0,0,0,0,0,0,0,0,0,0,0,0,0,0,0,0,0,0,0,0,0,0,0,0,0,0,0,0,0,0,0,0,0,0,0,0,0,0,0,0,0
2057,0,0,0,0,0,0,0,0,0,0,0,0,0,0,0,18267.96918,0,0,0,0,0,74271.21121,239399.739,33360.00567,691510.0047,80360.09607,1089332.415,38495.10791,1762003.597,0,144272.8292,616971.8043,0,0,0,0,0,0,0,0,0,0,0,0,0,0,0,0,0,0,0,0,0,0,0,0,0,0,0,0,0,0,0,0,0,0,0,0,0,0,0,0,0,0,0,0,0,0,0,0,0,0,0,0,0,0,0,0,0,0,0,0,0,0,0,0,0,0,0,0,0,0,0,0
2058,0,0,0,0,0,0,0,0,0,0,0,0,0,0,0,18317.22563,0,0,0,0,0,74145.02903,238760.8304,31969.24018,694474.7206,80960.21793,1089012.567,37988.7948,1733516.867,0,124386.0162,781028.1016,0,0,0,0,0,0,0,0,0,0,0,0,0,0,0,0,0,0,0,0,0,0,0,0,0,0,0,0,0,0,0,0,0,0,0,0,0,0,0,0,0,0,0,0,0,0,0,0,0,0,0,0,0,0,0,0,0,0,0,0,0,0,0,0,0,0,0,0,0,0,0,0
2059,0,0,0,0,0,0,0,0,0,0,0,0,0,0,0,18238.97019,0,0,0,0,0,74054.11483,239483.3641,31085.04687,698137.9936,80554.81832,1091140.25,38267.81291,1755137.851,0,121376.4728,666777.0922,0,0,0,0,0,0,0,0,0,0,0,0,0,0,0,0,0,0,0,0,0,0,0,0,0,0,0,0,0,0,0,0,0,0,0,0,0,0,0,0,0,0,0,0,0,0,0,0,0,0,0,0,0,0,0,0,0,0,0,0,0,0,0,0,0,0,0,0,0,0,0,0
2060,0,0,0,0,0,0,0,0,0,0,0,0,0,0,0,18062.14337,0,0,0,0,0,73795.32045,240966.3475,29971.16669,701405.215,79965.71001,1090159.985,38979.83343,1770477.967,0,142592.0383,656057.5482,0,0,0,0,0,0,0,0,0,0,0,0,0,0,0,0,0,0,0,0,0,0,0,0,0,0,0,0,0,0,0,0,0,0,0,0,0,0,0,0,0,0,0,0,0,0,0,0,0,0,0,0,0,0,0,0,0,0,0,0,0,0,0,0,0,0,0,0,0,0,0,0
2061,0,0,0,0,0,0,0,0,0,0,0,0,0,0,0,17966.3341,0,0,0,0,0,73839.18741,242786.0668,28731.99764,704407.8894,80785.3869,1091191.273,40265.13512,1796175.194,0,151527.2467,735327.1144,0,0,0,0,0,0,0,0,0,0,0,0,0,0,0,0,0,0,0,0,0,0,0,0,0,0,0,0,0,0,0,0,0,0,0,0,0,0,0,0,0,0,0,0,0,0,0,0,0,0,0,0,0,0,0,0,0,0,0,0,0,0,0,0,0,0,0,0,0,0,0,0
2062,0,0,0,0,0,0,0,0,0,0,0,0,0,0,0,17872.56747,0,0,0,0,0,73562.64432,241499.2891,35126.61712,704022.8831,81691.26634,1087869.843,39976.25125,1764275.733,0,148566.3868,526593.0133,0,0,0,0,0,0,0,0,0,0,0,0,0,0,0,0,0,0,0,0,0,0,0,0,0,0,0,0,0,0,0,0,0,0,0,0,0,0,0,0,0,0,0,0,0,0,0,0,0,0,0,0,0,0,0,0,0,0,0,0,0,0,0,0,0,0,0,0,0,0,0,0
2063,0,0,0,0,0,0,0,0,0,0,0,0,0,0,0,18089.41854,0,0,0,0,0,73161.80943,240408.3399,72730.94632,706429.6264,91945.43481,1083093.288,40660.1348,1746081.923,0,158875.6465,585839.4654,0,0,0,0,0,0,0,0,0,0,0,0,0,0,0,0,0,0,0,0,0,0,0,0,0,0,0,0,0,0,0,0,0,0,0,0,0,0,0,0,0,0,0,0,0,0,0,0,0,0,0,0,0,0,0,0,0,0,0,0,0,0,0,0,0,0,0,0,0,0,0,0
2064,0,0,0,0,0,0,0,0,0,0,0,0,0,0,0,18298.39884,0,0,0,0,0,73085.63913,241229.6599,97685.17012,715354.0021,87229.39572,1084997.348,42635.27656,1739399.892,0,155708.9044,643704.6951,0,0,0,0,0,0,0,0,0,0,0,0,0,0,0,0,0,0,0,0,0,0,0,0,0,0,0,0,0,0,0,0,0,0,0,0,0,0,0,0,0,0,0,0,0,0,0,0,0,0,0,0,0,0,0,0,0,0,0,0,0,0,0,0,0,0,0,0,0,0,0,0
2065,0,0,0,0,0,0,0,0,0,0,0,0,0,0,0,18451.48491,0,0,0,0,0,72848.3615,241206.6817,110247.2469,719527.4278,88014.77773,1086261.225,43199.439,1732750.049,0,123073.7709,641211.0732,0,0,0,0,0,0,0,0,0,0,0,0,0,0,0,0,0,0,0,0,0,0,0,0,0,0,0,0,0,0,0,0,0,0,0,0,0,0,0,0,0,0,0,0,0,0,0,0,0,0,0,0,0,0,0,0,0,0,0,0,0,0,0,0,0,0,0,0,0,0,0,0
2066,0,0,0,0,0,0,0,0,0,0,0,0,0,0,0,18637.71371,0,0,0,0,0,72923.38358,240748.8745,111898.3541,721636.2275,88278.05014,1089446.681,44514.73724,1744617.77,0,122277.6828,708269.5268,0,0,0,0,0,0,0,0,0,0,0,0,0,0,0,0,0,0,0,0,0,0,0,0,0,0,0,0,0,0,0,0,0,0,0,0,0,0,0,0,0,0,0,0,0,0,0,0,0,0,0,0,0,0,0,0,0,0,0,0,0,0,0,0,0,0,0,0,0,0,0,0
2067,0,0,0,0,0,0,0,0,0,0,0,0,0,0,0,18619.71011,0,0,0,0,0,72756.03791,236494.8145,101344.3364,723364.3075,91430.45914,1087955.211,49325.9241,1743340.241,0,163047.7913,732614.4213,0,0,0,0,0,0,0,0,0,0,0,0,0,0,0,0,0,0,0,0,0,0,0,0,0,0,0,0,0,0,0,0,0,0,0,0,0,0,0,0,0,0,0,0,0,0,0,0,0,0,0,0,0,0,0,0,0,0,0,0,0,0,0,0,0,0,0,0,0,0,0,0
2068,0,0,0,0,0,0,0,0,0,0,0,0,0,0,0,18920.89929,0,0,0,0,0,72778.68337,235908.1151,94829.04707,727595.2279,92333.96227,1091715.702,53532.47941,1753773.917,0,140202.5825,1030766.965,0,0,0,0,0,0,0,0,0,0,0,0,0,0,0,0,0,0,0,0,0,0,0,0,0,0,0,0,0,0,0,0,0,0,0,0,0,0,0,0,0,0,0,0,0,0,0,0,0,0,0,0,0,0,0,0,0,0,0,0,0,0,0,0,0,0,0,0,0,0,0,0
