Binomial,ID,1950,1951,1952,1953,1954,1955,1956,1957,1958,1959,1960,1961,1962,1963,1964,1965,1966,1967,1968,1969,1970,1971,1972,1973,1974,1975,1976,1977,1978,1979,1980,1981,1982,1983,1984,1985,1986,1987,1988,1989,1990,1991,1992,1993,1994,1995,1996,1997,1998,1999,2000,2001,2002,2003,2004,2005,2006,2007,2008,2009,2010,2011,2012,2013,2014,2015,2016,2017,2018,2019,2020,2021,2022,2023,2024,2025,2026,2027,2028,2029,2030,2031,2032,2033,2034,2035,2036,2037,2038,2039,2040,2041,2042,2043,2044,2045,2046,2047,2048,2049,2050,2051,2052,2053,2054,2055,2056,2057,2058,2059,2060,2061,2062,2063,2064,2065,2066,2067,2068
POB,1,NA,NA,NA,NA,NA,NA,NA,NA,NA,NA,NA,NA,NA,NA,NA,NA,NA,NA,NA,NA,NA,NA,NA,NA,NA,NA,NA,NA,NA,NA,158.946911,159.051093,159.645056,160.402114,161.181895,161.888511,162.756744,163.690986,164.594485,165.337447,166.093056,166.897579,167.62142,168.42387,169.378369,170.386545,171.260347,171.934317,172.48503,173.135734,173.641319,172.617151,172.168524,172.0295,171.95965,171.887175,172.319515,173.0645,173.493816,173.866257,173.833865,173.863095,173.830369,173.665378,173.584268,173.731441,174.172265,174.327127,174.553678,174.805707,175.174145,175.607576,176.024469,175.925254,175.798164,175.863279,176.118608,176.022541,176.287074,176.221121,176.270634,176.157651,176.139575,176.269361,176.072079,175.669431,175.170555,175.181554,175.172322,174.958939,174.760287,174.186645,173.788292,173.415608,173.369611,173.298328,173.46461,173.569805,173.522953,173.388761,173.201757,172.997622,172.92941,172.832665,172.689773,172.797536,172.736964,172.58235,172.425239,172.047321,171.860837,171.841267,171.575365,171.42588,171.271246,171.155841,171.061006,170.952069,170.954337
KWH,2,NA,NA,NA,NA,NA,NA,NA,NA,NA,NA,NA,NA,NA,NA,NA,NA,NA,NA,NA,NA,NA,NA,NA,NA,NA,NA,NA,NA,NA,NA,131591.4695,131668.2266,133280.7448,131079.2403,128347.5998,125888.2923,123625.1729,119586.734,115582.144,109846.5791,106416.144,100017.1297,95049.10059,93458.86744,89700.94971,85819.35338,82790.88566,80598.08822,77914.71813,74869.1332,72295.63044,70857.1118,70993.07599,68614.34122,66892.93251,65266.44513,64126.58332,62426.88704,61779.70068,61545.74967,59220.95336,56800.79317,54647.98026,53595.20203,54007.99158,52406.68447,50799.35993,49872.47242,49893.06,47950.33246,46285.51795,45431.32663,45443.37345,43906.36949,43095.85051,42958.62292,41630.72872,41408.79078,40495.29931,40899.26574,39727.50027,40148.24218,39319.47771,39207.4712,37268.09515,36670.64077,36424.03302,35370.19993,34315.95438,33590.47005,34057.2108,32556.98884,31644.60141,30384.12927,29045.63189,28225.38618,28316.90347,29569.66316,28806.12444,28943.09049,30116.94916,28521.20376,27987.31099,26920.18052,25737.07228,24713.43579,23571.3752,22692.09374,21880.17726,21499.64235,21335.4318,22204.1274,23140.38506,22062.33941,22585.60508,22017.41734,21732.50994,21203.76735,20765.15109
SWH,3,NA,NA,NA,NA,NA,NA,NA,NA,NA,NA,NA,NA,NA,NA,NA,NA,NA,NA,NA,NA,NA,NA,NA,NA,NA,NA,NA,NA,NA,NA,111183.7422,109466.2792,107959.4145,106682.7082,105307.7122,103948.4576,102746.3196,101790.9603,100970.3645,100388.227,99777.34383,99250.2377,99624.18099,100077.9445,100328.974,100158.9842,99941.08401,99585.97415,99073.5101,98783.63677,98378.63548,97921.79378,97419.80983,96986.80254,96704.22474,96396.70094,96198.53149,95942.45462,95715.37286,95570.20181,95577.28938,95404.84815,95265.67894,95051.03199,94850.68676,94894.34365,94744.41005,94519.7254,94457.70828,94561.29502,94692.66101,94688.79025,94676.52231,94626.60324,94662.5408,94744.36402,94711.34174,94534.89539,94582.16006,94614.87599,94644.78373,94710.87309,94940.60075,95085.17517,95043.61551,95090.47114,95174.76935,95274.37048,95283.78446,95358.16751,95261.08622,95430.73258,95550.34329,95696.59573,95761.88451,96049.08901,96445.84993,96983.70175,97019.76266,97136.99869,97318.12623,97602.68862,97859.95665,97960.56045,98100.92694,98352.00654,98788.76605,98835.59794,99203.43659,99336.3309,99670.59017,99477.22531,99539.05036,98601.49145,97835.66591,97574.93927,97384.26271,97124.73524,96604.72679
HWH,4,NA,NA,NA,NA,NA,NA,NA,NA,NA,NA,NA,NA,NA,NA,NA,NA,NA,NA,NA,NA,NA,NA,NA,NA,NA,NA,NA,NA,NA,NA,111829.4758,112464.6246,112241.2751,112035.517,111949.3206,112087.3324,112518.0569,112824.6673,113359.4276,113904.6533,114324.3769,115059.0912,115715.941,116745.3317,118111.2441,119676.569,120906.3883,122504.3932,123244.0436,124360.2356,125605.83,126083.1894,126561.7545,126943.2043,127709.4022,128189.8165,128905.7129,129360.8917,129639.8194,129748.9214,130052.2475,130193.3175,130573.8467,130731.1533,130697.876,131076.818,131667.1444,131239.1636,130891.3508,130469.2705,130395.9861,130614.394,130314.6,130031.3536,129964.8605,130150.8113,130110.351,129891.5206,130077.0629,129996.9009,129760.0837,129593.8025,129640.6021,129708.7619,129440.2465,129488.3541,129138.4248,129080.8858,128771.2237,128582.921,128136.0175,127831.27,128004.5761,127939.2256,127877.8407,127804.4629,128172.8493,127785.4036,127524.643,127010.2975,126503.5469,126340.6217,126149.9811,125980.146,125495.6689,125285.6041,125100.7525,124303.3176,123659.1645,123689.8695,123705.4697,123713.7916,123328.4198,123304.4016,123139.6552,123077.9663,122806.6752,122554.4263,122346.3848
MWH,5,NA,NA,NA,NA,NA,NA,NA,NA,NA,NA,NA,NA,NA,NA,NA,NA,NA,NA,NA,NA,NA,NA,NA,NA,NA,NA,NA,NA,NA,NA,740509.6519,741694.8013,739389.2475,752110.9946,741738.8987,736249.151,735559.7347,731578.1917,729609.0649,726851.0413,723042.4721,722693.4788,719395.0565,718706.5882,720066.3491,720780.1205,718001.827,738662.4264,740257.9279,733142.0383,731357.8373,721107.3287,713822.0177,707193.5988,706619.7231,705086.4653,707903.6941,708858.1609,707496.3033,703782.9271,701400.2518,699100.193,716890.2786,709773.9846,703876.9742,703344.1608,704953.8242,694506.8249,684760.7392,676220.2562,672321.7859,670664.9759,665134.4273,659918.2806,656149.1073,654971.7364,650571.1061,647108.6389,661809.9268,669571.1633,657875.8892,650211.2597,646304.6736,643244.9409,636113.5038,631223.8214,626692.4081,622735.7888,620406.5109,618893.5023,615397.4293,613004.3116,613473.897,610800.8592,609454.8422,622196.4144,636272.9069,627176.4024,621421.3206,613711.7497,608369.9588,603971.1911,602612.2389,600054.3619,597282.2825,596294.5083,597003.4665,591936.7309,587328.7393,586628.5578,586989.6591,584874.963,583089.66,599128.6879,608545.6192,600621.029,599343.7967,593342.306,590891.786
FWH,6,NA,NA,NA,NA,NA,NA,NA,NA,NA,NA,NA,NA,NA,NA,NA,NA,NA,NA,NA,NA,NA,NA,NA,NA,NA,NA,NA,NA,NA,NA,798008.0132,797538.469,795326.3497,805295.4229,797154.3429,792013.6604,789820.8466,784909.3471,781401.5444,776871.8197,771268.7108,767549.3709,763294.0957,760383.4786,758521.0119,756531.4687,752663.9545,764031.3871,764887.9362,753862.4808,745908.2385,733544.5818,722790.8105,712791.1601,706262.4554,701198.1777,701275.0047,700805.7162,699558.0647,697024.9323,696692.7971,696278.2879,709143.6953,705080.4355,701099.943,700244.9743,700433.2899,694855.0915,689719.4217,684719.2601,681986.1579,680063.6763,676192.1638,672133.7479,668630.0164,666722.5395,663186.5999,659810.7217,669353.9259,674792.4715,666219.3862,659830.4141,655704.0346,652250.4733,647117.3182,642931.4858,639334.6869,635966.8858,633476.6323,631462.2341,628383.6385,626020.5052,625035.1214,622297.0557,620123.257,628451.6636,637221.5305,630987.8414,626291.7559,620030.5059,615287.0456,611210.876,609042.556,606498.2911,604011.6275,602513.7886,602052.0664,598631.6764,595431.0023,593887.6455,592917.588,590616.1748,588755.211,598763.7035,604570.5827,599068.3023,597676.0344,593136.318,590889.9486
BES,7,NA,NA,NA,NA,NA,NA,NA,NA,NA,NA,NA,NA,NA,NA,NA,NA,NA,NA,NA,NA,NA,NA,NA,NA,NA,NA,NA,NA,NA,NA,4829.894405,4890.439735,4978.799646,5041.101215,5085.65995,5113.410825,5155.675214,5182.699579,5204.150729,5213.776532,5221.980388,5234.936291,5236.358868,5255.850109,5284.5874,5311.026234,5328.540081,5331.209028,5330.569692,5346.530123,5350.013267,5275.871444,5259.527282,5259.898504,5251.527107,5244.974038,5280.852504,5301.29172,5279.839639,5273.081668,5239.581719,5233.034889,5221.255979,5200.275008,5184.207989,5188.717796,5209.62108,5183.85138,5175.725051,5160.786396,5174.2043,5187.013302,5189.514123,5159.103069,5145.505712,5142.838812,5141.931534,5125.023986,5136.439859,5123.776083,5113.463391,5094.390935,5094.321612,5101.073401,5077.640629,5055.149192,5020.566238,5031.58637,5031.587314,5022.709877,5014.142745,4971.848199,4964.450069,4951.609533,4962.290608,4961.350573,4994.966999,4998.728013,5005.372304,4999.082076,5003.714455,4994.518874,4996.668313,4986.905055,4972.712883,4987.001434,4979.010426,4966.412537,4953.732801,4924.476991,4928.788377,4938.359884,4919.779572,4916.343663,4910.968025,4907.77958,4921.234152,4922.433312,4923.110843
HAS,8,NA,NA,NA,NA,NA,NA,NA,NA,NA,NA,NA,NA,NA,NA,NA,NA,NA,NA,NA,NA,NA,NA,NA,NA,NA,NA,NA,NA,NA,NA,22758.19817,20822.0326,18990.76504,17435.51471,16085.46406,14924.24256,14057.10365,13218.82366,12518.37574,11931.99125,11428.8251,11088.92158,10723.4221,10531.32859,10413.73405,10337.03165,10250.91504,10125.77855,9948.130702,9915.042431,9855.748464,9639.118307,9537.870976,9371.112653,9357.601772,9319.073751,9060.339561,8887.93876,8786.579544,8657.326988,8492.865853,8396.653037,8332.218968,8242.386456,8139.513757,8118.6671,8160.133243,8061.631799,7985.228601,7905.912223,7898.718521,7917.527456,7837.2952,7745.979616,7693.266282,7684.546352,7585.642469,7560.656118,7555.607647,7519.468757,7443.390284,7378.757665,7350.855238,7303.350058,7212.467689,7159.359958,7095.958898,7048.081901,7040.49428,7034.696148,6986.629483,6933.546347,6975.484478,6944.226088,6942.443498,6903.093658,6978.657425,6954.454108,6972.989929,6959.929501,6944.697279,6912.236331,6931.881372,6902.19856,6862.366944,6868.268834,6884.048052,6821.703366,6777.396901,6780.029609,6806.96735,6791.370233,6752.832734,6735.558291,6680.419768,6694.78142,6722.608522,6702.837559,6711.251006
HOS,9,NA,NA,NA,NA,NA,NA,NA,NA,NA,NA,NA,NA,NA,NA,NA,NA,NA,NA,NA,NA,NA,NA,NA,NA,NA,NA,NA,NA,NA,NA,88136.80321,85780.06578,85002.55086,84309.40874,84162.65437,83805.75229,83599.08957,83318.77712,82913.17664,82380.08288,81918.041,81398.67337,80783.38306,80220.88357,79798.92839,79374.87111,78925.1847,78403.38477,77868.53535,77418.52445,76867.53728,76539.45491,76177.29517,75889.05008,75512.87534,75166.81953,74745.61298,74457.76078,74154.76698,74048.62778,73821.28796,73734.0733,73535.91254,73251.46078,73105.09762,72992.35045,72929.34492,72714.96262,72719.33435,72586.63586,72479.02478,72337.78345,72251.00783,72081.55956,71793.49001,71705.85845,71619.20965,71243.75348,71046.93031,70657.4961,70245.39643,69825.0843,69622.56711,69496.36553,69218.07559,68996.71983,68799.09431,68745.76498,68646.61741,68564.15594,68448.7571,68132.84545,68037.68066,67890.66765,67788.84387,67697.61898,67675.20103,67498.68295,67361.66307,67179.91247,67183.22188,67102.65508,66970.11647,66820.8374,66617.38096,66644.07723,66629.65978,66595.85923,66540.42276,66364.07712,66401.61482,66475.32517,66425.89499,66375.13154,66378.28502,66276.8577,66402.064,66382.48942,66360.50391
RIS,10,NA,NA,NA,NA,NA,NA,NA,NA,NA,NA,NA,NA,NA,NA,NA,NA,NA,NA,NA,NA,NA,NA,NA,NA,NA,NA,NA,NA,NA,NA,4696.912686,4697.554689,4701.617406,4701.748053,4707.115943,4705.584096,4719.413907,4734.568464,4743.547365,4743.116086,4741.823559,4736.996663,4724.540934,4718.931316,4727.770165,4738.826039,4747.543616,4746.481219,4740.610024,4742.179813,4737.107818,4702.384328,4680.204347,4668.858701,4654.47189,4641.477704,4647.951077,4652.501341,4637.781097,4633.256769,4615.349775,4610.563131,4603.661672,4585.159957,4572.530888,4567.417866,4576.012029,4562.854288,4558.991099,4549.469587,4550.670992,4559.520854,4569.100548,4559.422801,4541.687424,4537.326725,4539.184502,4523.967197,4527.944372,4519.006713,4505.577373,4485.322354,4477.067199,4478.108783,4459.478204,4437.92979,4412.885172,4410.343515,4405.201942,4398.166725,4393.118161,4366.489472,4355.063793,4341.372013,4342.10212,4341.236378,4357.945242,4368.7896,4377.269988,4372.398048,4375.470038,4378.632782,4378.896867,4374.199554,4363.96995,4372.048568,4369.551389,4362.404279,4358.569365,4336.542986,4326.569401,4326.639829,4316.480405,4312.459027,4313.431358,4307.737136,4314.402485,4312.515731,4311.196694
SBA,11,NA,NA,NA,NA,NA,NA,NA,NA,NA,NA,NA,NA,NA,NA,NA,NA,NA,NA,NA,NA,NA,NA,NA,NA,NA,NA,NA,NA,NA,NA,1563.722866,1556.458647,1549.267584,1541.290887,1528.918563,1519.202903,1517.143215,1507.645706,1501.465365,1495.147176,1486.927358,1488.092602,1482.567573,1484.539445,1491.796088,1499.853507,1502.477053,1498.957173,1488.070823,1489.163709,1489.510683,1471.827596,1462.888598,1447.339688,1445.767173,1444.644451,1425.922633,1408.358718,1395.047835,1377.726072,1354.921961,1335.797917,1320.122813,1302.262419,1282.265016,1271.036918,1268.699139,1252.775905,1237.200483,1221.704993,1215.828257,1216.248483,1208.781439,1198.615656,1194.696674,1195.921025,1189.476071,1189.232237,1193.524857,1194.997468,1190.628158,1185.094847,1183.025649,1179.762821,1170.475578,1163.196404,1155.13769,1148.844478,1146.574849,1144.930498,1139.280729,1132.241198,1134.012659,1129.008421,1127.046032,1120.664749,1127.054034,1124.657863,1126.586406,1124.877121,1122.569746,1118.738195,1120.402585,1118.955969,1116.193409,1117.672149,1120.928298,1116.317751,1111.467224,1112.006414,1114.841952,1113.980969,1109.528303,1105.90877,1097.653461,1095.718815,1097.477776,1094.608883,1094.659569
SBB,12,NA,NA,NA,NA,NA,NA,NA,NA,NA,NA,NA,NA,NA,NA,NA,NA,NA,NA,NA,NA,NA,NA,NA,NA,NA,NA,NA,NA,NA,NA,16705.02911,16860.30567,17080.52782,17226.32514,17316.73059,17339.1859,17447.40605,17459.42768,17456.96429,17485.7335,17481.28737,17485.23464,17402.10041,17372.24937,17418.41181,17488.61219,17547.1563,17565.31258,17516.60467,17554.11399,17521.19749,17210.83137,16945.36009,16793.66832,16671.99819,16563.01677,16585.03574,16594.12712,16566.75616,16524.58126,16473.08016,16510.17727,16523.19617,16579.22397,16602.68742,16703.54745,16808.23074,16778.7931,16784.52779,16707.25909,16678.36575,16699.01634,16677.51783,16625.8158,16601.93653,16604.02828,16589.15318,16565.05298,16664.03087,16724.696,16758.49831,16732.84103,16761.5733,16782.02324,16716.92489,16538.62891,16329.83939,16196.11239,16120.49739,16032.59929,15937.54011,15835.97426,15835.87337,15779.85717,15832.9763,15897.49314,16041.02754,16099.80366,16150.34508,16113.23716,16127.30261,16166.17625,16254.74965,16294.79628,16321.06101,16308.81183,16286.08715,16215.84792,16172.64032,16123.86102,16149.77384,16160.73846,16146.41798,16220.79884,16219.34082,16229.49684,16302.1079,16374.18511,16453.58683
SHO,13,NA,NA,NA,NA,NA,NA,NA,NA,NA,NA,NA,NA,NA,NA,NA,NA,NA,NA,NA,NA,NA,NA,NA,NA,NA,NA,NA,NA,NA,NA,27477.98991,27301.57823,27305.36389,27360.77227,27194.12199,27112.38592,27266.65203,27179.4156,27203.20793,27132.64479,26979.31071,27077.5563,26930.12523,27055.89958,27322.69602,27520.20407,27568.15063,27457.62076,27181.81614,27314.23629,27301.47153,26775.22177,26580.68032,26209.2558,26296.76754,26274.72624,25637.12955,25172.31816,24967.08435,24665.58622,24177.08135,23884.31707,23755.6677,23538.56292,23213.02254,23139.93452,23328.39303,23110.97495,22869.2556,22619.1534,22644.0731,22769.64315,22573.08182,22320.73765,22213.79394,22260.72495,22035.43989,22022.61486,22131.67348,22142.07263,21993.51892,21874.65551,21881.90101,21838.2293,21634.35235,21511.83597,21359.28965,21242.46837,21261.50043,21294.06057,21172.44056,20996.76226,21145.70827,21067.60869,21088.2081,20956.12768,21237.12917,21202.41625,21296.58201,21266.00225,21211.15834,21095.86183,21154.29532,21069.73588,20956.66153,20990.17188,21083.08958,20913.2383,20781.51432,20802.18558,20937.68401,20935.52813,20832.93835,20785.84259,20616.40661,20643.66099,20768.32087,20709.07428,20736.14573
SHO1,14,NA,NA,NA,NA,NA,NA,NA,NA,NA,NA,NA,NA,NA,NA,NA,NA,NA,NA,NA,NA,NA,NA,NA,NA,NA,NA,NA,NA,NA,NA,27477.98991,27301.57823,27305.36389,27360.77227,27194.12199,27112.38592,27266.65203,27179.4156,27203.20793,27132.64479,26979.31071,27077.5563,26930.12523,27055.89958,27322.69602,27520.20407,27568.15063,27457.62076,27181.81614,27314.23629,27301.47153,26775.22177,26580.68032,26209.2558,26296.76754,26274.72624,25637.12955,25172.31816,24967.08435,24665.58622,24177.08135,23884.31707,23755.6677,23538.56292,23213.02254,23139.93452,23328.39303,23110.97495,22869.2556,22619.1534,22644.0731,22769.64315,22573.08182,22320.73765,22213.79394,22260.72495,22035.43989,22022.61486,22131.67348,22142.07263,21993.51892,21874.65551,21881.90101,21838.2293,21634.35235,21511.83597,21359.28965,21242.46837,21261.50043,21294.06057,21172.44056,20996.76226,21145.70827,21067.60869,21088.2081,20956.12768,21237.12917,21202.41625,21296.58201,21266.00225,21211.15834,21095.86183,21154.29532,21069.73588,20956.66153,20990.17188,21083.08958,20913.2383,20781.51432,20802.18558,20937.68401,20935.52813,20832.93835,20785.84259,20616.40661,20643.66099,20768.32087,20709.07428,20736.14573
SHO2,15,NA,NA,NA,NA,NA,NA,NA,NA,NA,NA,NA,NA,NA,NA,NA,NA,NA,NA,NA,NA,NA,NA,NA,NA,NA,NA,NA,NA,NA,NA,27477.98991,27301.57823,27305.36389,27360.77227,27194.12199,27112.38592,27266.65203,27179.4156,27203.20793,27132.64479,26979.31071,27077.5563,26930.12523,27055.89958,27322.69602,27520.20407,27568.15063,27457.62076,27181.81614,27314.23629,27301.47153,26775.22177,26580.68032,26209.2558,26296.76754,26274.72624,25637.12955,25172.31816,24967.08435,24665.58622,24177.08135,23884.31707,23755.6677,23538.56292,23213.02254,23139.93452,23328.39303,23110.97495,22869.2556,22619.1534,22644.0731,22769.64315,22573.08182,22320.73765,22213.79394,22260.72495,22035.43989,22022.61486,22131.67348,22142.07263,21993.51892,21874.65551,21881.90101,21838.2293,21634.35235,21511.83597,21359.28965,21242.46837,21261.50043,21294.06057,21172.44056,20996.76226,21145.70827,21067.60869,21088.2081,20956.12768,21237.12917,21202.41625,21296.58201,21266.00225,21211.15834,21095.86183,21154.29532,21069.73588,20956.66153,20990.17188,21083.08958,20913.2383,20781.51432,20802.18558,20937.68401,20935.52813,20832.93835,20785.84259,20616.40661,20643.66099,20768.32087,20709.07428,20736.14573
DEO,16,NA,NA,NA,NA,NA,NA,NA,NA,NA,NA,NA,NA,NA,NA,NA,NA,NA,NA,NA,NA,NA,NA,NA,NA,NA,NA,NA,NA,NA,NA,1385355.82,1386748.954,1385068.402,1392532.845,1388210.957,1384004.531,1384419.881,1377992.122,1374351.372,1369330.35,1366525.253,1365190.527,1362129.395,1364820.689,1365302.362,1367883.581,1379139.118,1389698.44,1386095.077,1374411.034,1368548.004,1353810.68,1348766.727,1347167.098,1345832.169,1344636.246,1348893.313,1346509.927,1342424.93,1343858.989,1346635.861,1357099.477,1368409.073,1369620.278,1371654.505,1366487.636,1361817.384,1345947.012,1339624.698,1328934.877,1330587.391,1326817.212,1325587.868,1330498.332,1331451.103,1338928.597,1339770.99,1343288.135,1366115.209,1382330.497,1388769.907,1387981.665,1388538.107,1387035.568,1379091.987,1372242.918,1372883.238,1370645.467,1368662.148,1366688.492,1363003.599,1366071.414,1370808.5,1372593.107,1380625.027,1406939.936,1416008.216,1414440.774,1412333.266,1410253.389,1409340.782,1410341.952,1411796.062,1411880.86,1414019.592,1419226.035,1422959.484,1422704.91,1424754.63,1428095.602,1428942.734,1426371.991,1424579.338,1442956.947,1453270.902,1446252.685,1447195.827,1442551.259,1448922.465
DEO1,17,NA,NA,NA,NA,NA,NA,NA,NA,NA,NA,NA,NA,NA,NA,NA,NA,NA,NA,NA,NA,NA,NA,NA,NA,NA,NA,NA,NA,NA,NA,1385355.82,1386748.954,1385068.402,1392532.845,1388210.957,1384004.531,1384419.881,1377992.122,1374351.372,1369330.35,1366525.253,1365190.527,1362129.395,1364820.689,1365302.362,1367883.581,1379139.118,1389698.44,1386095.077,1374411.034,1368548.004,1353810.68,1348766.727,1347167.098,1345832.169,1344636.246,1348893.313,1346509.927,1342424.93,1343858.989,1346635.861,1357099.477,1368409.073,1369620.278,1371654.505,1366487.636,1361817.384,1345947.012,1339624.698,1328934.877,1330587.391,1326817.212,1325587.868,1330498.332,1331451.103,1338928.597,1339770.99,1343288.135,1366115.209,1382330.497,1388769.907,1387981.665,1388538.107,1387035.568,1379091.987,1372242.918,1372883.238,1370645.467,1368662.148,1366688.492,1363003.599,1366071.414,1370808.5,1372593.107,1380625.027,1406939.936,1416008.216,1414440.774,1412333.266,1410253.389,1409340.782,1410341.952,1411796.062,1411880.86,1414019.592,1419226.035,1422959.484,1422704.91,1424754.63,1428095.602,1428942.734,1426371.991,1424579.338,1442956.947,1453270.902,1446252.685,1447195.827,1442551.259,1448922.465
PEL,18,NA,NA,NA,NA,NA,NA,NA,NA,NA,NA,NA,NA,NA,NA,NA,NA,NA,NA,NA,NA,NA,NA,NA,NA,NA,NA,NA,NA,NA,NA,1271226.952,1278799.368,1298546.914,1320486.345,1341272.276,1352172.313,1463855.675,1551675.555,1474029.058,1434740.841,1427653.926,1415148.532,1402611.53,1397589.62,1450390.628,1472271.824,1432142.107,1413995.09,1393977.059,1375977.959,1371353.408,1385118.77,1410602.226,1400418.269,1394813.117,1396270.919,1392174.912,1390321.857,1390598.44,1386460.361,1382586.917,1388235.296,1385722.154,1393896.042,1441364.571,1439818.968,1419934.456,1413289.609,1408888.768,1406336.287,1411762.105,1444353.65,1436708.373,1417908.568,1409590.467,1399233.646,1391509.613,1391453.081,1395659.552,1400286.438,1430515.127,1428837.54,1406615.576,1400458.507,1395311.963,1391171.702,1392343.105,1391399.448,1394712.337,1416044.166,1403223.585,1373095.83,1360952.606,1354708.098,1355373.84,1356422.298,1367482.299,1372700.276,1380341.706,1379483.129,1385483.674,1384912.919,1373845.443,1363754.146,1361533.904,1363965.751,1375710.287,1382959.697,1383077.394,1399193.736,1410171.972,1406088.725,1384697.536,1373384.392,1370188.294,1363743.725,1361835.116,1348085.555,1354334.749
PES,19,NA,NA,NA,NA,NA,NA,NA,NA,NA,NA,NA,NA,NA,NA,NA,NA,NA,NA,NA,NA,NA,NA,NA,NA,NA,NA,NA,NA,NA,NA,635305.0674,674459.4954,713906.6648,752592.9559,786707.9341,812538.8689,833534.8231,847305.2522,854576.7404,862747.6018,865164.3532,865148.6202,866873.4866,865070.7659,863977.3151,865650.6273,869740.1464,877581.2668,883121.8529,885268.9192,883021.5956,886964.2283,882744.0067,876144.2416,870538.3186,865474.9275,857460.2132,850624.0573,845276.5787,835333.563,827198.9781,827216.9502,830476.6254,839831.4198,849902.7394,857619.0775,863449.5232,869558.8041,867483.9216,856268.2726,840560.4635,829480.6016,810586.731,791431.7775,775195.5407,754932.0776,738436.6883,717332.6743,710140.1675,701327.4363,699190.0752,690844.4819,684437.5488,673853.4564,659199.416,636226.0985,608352.9972,581477.4082,557613.351,538358.1973,516512.6311,497446.5477,481778.4116,465868.8551,456557.2006,464037.6202,474140.0884,477868.7401,481442.3268,485317.1516,486765.5404,490769.8736,493693.4863,493193.2484,486992.0395,473046.9573,461122.1642,448981.9278,439761.8648,432806.4193,427891.5994,424260.192,415698.7793,425543.3201,438841.0614,447978.6806,455725.2257,454758.4561,465529.1596
PES1,20,NA,NA,NA,NA,NA,NA,NA,NA,NA,NA,NA,NA,NA,NA,NA,NA,NA,NA,NA,NA,NA,NA,NA,NA,NA,NA,NA,NA,NA,NA,635305.0674,674459.4954,713906.6648,752592.9559,786707.9341,812538.8689,833534.8231,847305.2522,854576.7404,862747.6018,865164.3532,865148.6202,866873.4866,865070.7659,863977.3151,865650.6273,869740.1464,877581.2668,883121.8529,885268.9192,883021.5956,886964.2283,882744.0067,876144.2416,870538.3186,865474.9275,857460.2132,850624.0573,845276.5787,835333.563,827198.9781,827216.9502,830476.6254,839831.4198,849902.7394,857619.0775,863449.5232,869558.8041,867483.9216,856268.2726,840560.4635,829480.6016,810586.731,791431.7775,775195.5407,754932.0776,738436.6883,717332.6743,710140.1675,701327.4363,699190.0752,690844.4819,684437.5488,673853.4564,659199.416,636226.0985,608352.9972,581477.4082,557613.351,538358.1973,516512.6311,497446.5477,481778.4116,465868.8551,456557.2006,464037.6202,474140.0884,477868.7401,481442.3268,485317.1516,486765.5404,490769.8736,493693.4863,493193.2484,486992.0395,473046.9573,461122.1642,448981.9278,439761.8648,432806.4193,427891.5994,424260.192,415698.7793,425543.3201,438841.0614,447978.6806,455725.2257,454758.4561,465529.1596
REO,21,NA,NA,NA,NA,NA,NA,NA,NA,NA,NA,NA,NA,NA,NA,NA,NA,NA,NA,NA,NA,NA,NA,NA,NA,NA,NA,NA,NA,NA,NA,321006.9244,289776.4543,263555.7906,241467.973,220177.2451,202013.3188,185572.2763,171204.6784,159324.076,148909.8108,131975.1789,127658.0993,127588.036,127341.4027,125214.6607,126798.4856,124970.7281,122797.6254,115046.1664,105201.6585,99291.0762,98521.14019,98231.21808,100010.749,102340.2283,103656.1129,103367.9814,100989.5172,98368.81417,94538.98014,87419.44096,81641.25305,75246.69543,68392.16488,64598.78391,62184.65978,65977.21791,68775.46628,71169.48783,72700.59786,74028.43562,75048.75934,76817.8168,78338.4399,79561.80116,81433.59011,82359.28841,85313.5772,88553.17395,92623.04256,95192.5534,97719.9259,100193.9232,101253.9582,101820.5074,101931.51,101648.3633,101629.1484,102077.7037,102455.2077,103096.3642,104268.9298,104522.7983,105844.1125,109284.9378,111490.9054,113792.4702,114983.7984,115886.8033,116163.0691,116838.9884,117413.799,117578.6789,117734.4831,117595.4931,117597.0766,117605.008,117351.577,117590.2378,116751.6544,115944.3875,114924.657,115380.1999,117314.0928,117919.1994,119462.9259,119365.6673,120570.3086,121200.4438
DEL,22,NA,NA,NA,NA,NA,NA,NA,NA,NA,NA,NA,NA,NA,NA,NA,NA,NA,NA,NA,NA,NA,NA,NA,NA,NA,NA,NA,NA,NA,NA,77588.29485,77938.13882,78230.29921,78101.08962,77715.24637,77356.28237,77641.41615,77654.87235,77619.37682,77597.03128,77399.86689,77133.8129,76774.1192,76842.88503,77094.31184,77388.22701,77747.99726,77794.16262,77556.57669,77558.75844,77620.24959,77060.55327,76435.01605,76278.66421,75969.86997,75738.00293,75946.81227,75592.56586,75085.56911,74435.56785,73927.7191,73749.3939,73608.27553,73468.01676,73325.99492,73447.72227,73912.02657,74055.14973,74127.00638,74056.90903,74451.27491,75080.79422,75328.65463,75219.04908,75120.15284,75135.04277,75213.77868,75102.96836,75306.13346,75380.12879,75321.14718,75084.19268,74996.8605,75107.86457,74895.92653,74486.11144,74208.61455,74045.99799,73861.32333,73654.8467,73458.26496,73166.19365,73274.56769,73235.79437,73393.7662,73473.73863,73965.48901,74362.91351,74685.4562,74545.23205,74341.532,74048.26504,74057.81242,73910.356,73759.83032,73926.82686,74012.44612,73779.75181,73713.69528,73504.28862,73464.07479,73416.81829,73234.89505,73232.75445,73267.29657,73091.48136,73091.80233,72785.643,72749.75194
DEL1,23,NA,NA,NA,NA,NA,NA,NA,NA,NA,NA,NA,NA,NA,NA,NA,NA,NA,NA,NA,NA,NA,NA,NA,NA,NA,NA,NA,NA,NA,NA,77588.29485,77938.13882,78230.29921,78101.08962,77715.24637,77356.28237,77641.41615,77654.87235,77619.37682,77597.03128,77399.86689,77133.8129,76774.1192,76842.88503,77094.31184,77388.22701,77747.99726,77794.16262,77556.57669,77558.75844,77620.24959,77060.55327,76435.01605,76278.66421,75969.86997,75738.00293,75946.81227,75592.56586,75085.56911,74435.56785,73927.7191,73749.3939,73608.27553,73468.01676,73325.99492,73447.72227,73912.02657,74055.14973,74127.00638,74056.90903,74451.27491,75080.79422,75328.65463,75219.04908,75120.15284,75135.04277,75213.77868,75102.96836,75306.13346,75380.12879,75321.14718,75084.19268,74996.8605,75107.86457,74895.92653,74486.11144,74208.61455,74045.99799,73861.32333,73654.8467,73458.26496,73166.19365,73274.56769,73235.79437,73393.7662,73473.73863,73965.48901,74362.91351,74685.4562,74545.23205,74341.532,74048.26504,74057.81242,73910.356,73759.83032,73926.82686,74012.44612,73779.75181,73713.69528,73504.28862,73464.07479,73416.81829,73234.89505,73232.75445,73267.29657,73091.48136,73091.80233,72785.643,72749.75194
DEL2,24,NA,NA,NA,NA,NA,NA,NA,NA,NA,NA,NA,NA,NA,NA,NA,NA,NA,NA,NA,NA,NA,NA,NA,NA,NA,NA,NA,NA,NA,NA,77588.29485,77938.13882,78230.29921,78101.08962,77715.24637,77356.28237,77641.41615,77654.87235,77619.37682,77597.03128,77399.86689,77133.8129,76774.1192,76842.88503,77094.31184,77388.22701,77747.99726,77794.16262,77556.57669,77558.75844,77620.24959,77060.55327,76435.01605,76278.66421,75969.86997,75738.00293,75946.81227,75592.56586,75085.56911,74435.56785,73927.7191,73749.3939,73608.27553,73468.01676,73325.99492,73447.72227,73912.02657,74055.14973,74127.00638,74056.90903,74451.27491,75080.79422,75328.65463,75219.04908,75120.15284,75135.04277,75213.77868,75102.96836,75306.13346,75380.12879,75321.14718,75084.19268,74996.8605,75107.86457,74895.92653,74486.11144,74208.61455,74045.99799,73861.32333,73654.8467,73458.26496,73166.19365,73274.56769,73235.79437,73393.7662,73473.73863,73965.48901,74362.91351,74685.4562,74545.23205,74341.532,74048.26504,74057.81242,73910.356,73759.83032,73926.82686,74012.44612,73779.75181,73713.69528,73504.28862,73464.07479,73416.81829,73234.89505,73232.75445,73267.29657,73091.48136,73091.80233,72785.643,72749.75194
DEL3,25,NA,NA,NA,NA,NA,NA,NA,NA,NA,NA,NA,NA,NA,NA,NA,NA,NA,NA,NA,NA,NA,NA,NA,NA,NA,NA,NA,NA,NA,NA,77588.29485,77938.13882,78230.29921,78101.08962,77715.24637,77356.28237,77641.41615,77654.87235,77619.37682,77597.03128,77399.86689,77133.8129,76774.1192,76842.88503,77094.31184,77388.22701,77747.99726,77794.16262,77556.57669,77558.75844,77620.24959,77060.55327,76435.01605,76278.66421,75969.86997,75738.00293,75946.81227,75592.56586,75085.56911,74435.56785,73927.7191,73749.3939,73608.27553,73468.01676,73325.99492,73447.72227,73912.02657,74055.14973,74127.00638,74056.90903,74451.27491,75080.79422,75328.65463,75219.04908,75120.15284,75135.04277,75213.77868,75102.96836,75306.13346,75380.12879,75321.14718,75084.19268,74996.8605,75107.86457,74895.92653,74486.11144,74208.61455,74045.99799,73861.32333,73654.8467,73458.26496,73166.19365,73274.56769,73235.79437,73393.7662,73473.73863,73965.48901,74362.91351,74685.4562,74545.23205,74341.532,74048.26504,74057.81242,73910.356,73759.83032,73926.82686,74012.44612,73779.75181,73713.69528,73504.28862,73464.07479,73416.81829,73234.89505,73232.75445,73267.29657,73091.48136,73091.80233,72785.643,72749.75194
DEL4,26,NA,NA,NA,NA,NA,NA,NA,NA,NA,NA,NA,NA,NA,NA,NA,NA,NA,NA,NA,NA,NA,NA,NA,NA,NA,NA,NA,NA,NA,NA,77588.29485,77938.13882,78230.29921,78101.08962,77715.24637,77356.28237,77641.41615,77654.87235,77619.37682,77597.03128,77399.86689,77133.8129,76774.1192,76842.88503,77094.31184,77388.22701,77747.99726,77794.16262,77556.57669,77558.75844,77620.24959,77060.55327,76435.01605,76278.66421,75969.86997,75738.00293,75946.81227,75592.56586,75085.56911,74435.56785,73927.7191,73749.3939,73608.27553,73468.01676,73325.99492,73447.72227,73912.02657,74055.14973,74127.00638,74056.90903,74451.27491,75080.79422,75328.65463,75219.04908,75120.15284,75135.04277,75213.77868,75102.96836,75306.13346,75380.12879,75321.14718,75084.19268,74996.8605,75107.86457,74895.92653,74486.11144,74208.61455,74045.99799,73861.32333,73654.8467,73458.26496,73166.19365,73274.56769,73235.79437,73393.7662,73473.73863,73965.48901,74362.91351,74685.4562,74545.23205,74341.532,74048.26504,74057.81242,73910.356,73759.83032,73926.82686,74012.44612,73779.75181,73713.69528,73504.28862,73464.07479,73416.81829,73234.89505,73232.75445,73267.29657,73091.48136,73091.80233,72785.643,72749.75194
FLA,27,NA,NA,NA,NA,NA,NA,NA,NA,NA,NA,NA,NA,NA,NA,NA,NA,NA,NA,NA,NA,NA,NA,NA,NA,NA,NA,NA,NA,NA,NA,88364.10231,89047.70855,89918.60104,90379.31588,90429.87335,90167.35842,90373.66397,89999.87597,89682.36648,89571.55899,89064.23976,88850.25249,88589.28065,88536.18621,88630.44926,89020.03768,89467.56034,89922.91462,89987.37357,90381.30842,90294.04739,89063.51873,87998.36063,87566.75742,87091.10314,86670.85061,86996.76219,86817.56455,86420.43553,85806.72665,84999.55351,84962.54772,84855.63603,84764.67483,84596.79082,84916.86033,85310.06695,85140.72109,84845.75848,84248.01371,84236.43398,84573.16497,84319.60486,83881.59021,83921.15027,83915.80585,84052.79844,83845.44122,84692.06809,84980.087,85406.31452,85485.16957,85956.55335,86118.11426,85734.79085,84956.95454,84121.54349,83705.96536,83464.39139,83270.74855,82800.72943,82175.70932,82196.95921,82031.55457,82236.88513,82829.83895,83961.50176,84202.10727,84640.66961,84740.49834,84922.74413,84783.12888,85002.81376,84940.17693,84803.86463,84790.98039,84679.30561,84285.09981,84020.2594,83763.51831,83997.93155,84147.96299,83305.22629,83631.41149,83713.16648,83521.41388,83603.66255,82736.10525,83228.00448
FLA1,28,NA,NA,NA,NA,NA,NA,NA,NA,NA,NA,NA,NA,NA,NA,NA,NA,NA,NA,NA,NA,NA,NA,NA,NA,NA,NA,NA,NA,NA,NA,88364.10231,89047.70855,89918.60104,90379.31588,90429.87335,90167.35842,90373.66397,89999.87597,89682.36648,89571.55899,89064.23976,88850.25249,88589.28065,88536.18621,88630.44926,89020.03768,89467.56034,89922.91462,89987.37357,90381.30842,90294.04739,89063.51873,87998.36063,87566.75742,87091.10314,86670.85061,86996.76219,86817.56455,86420.43553,85806.72665,84999.55351,84962.54772,84855.63603,84764.67483,84596.79082,84916.86033,85310.06695,85140.72109,84845.75848,84248.01371,84236.43398,84573.16497,84319.60486,83881.59021,83921.15027,83915.80585,84052.79844,83845.44122,84692.06809,84980.087,85406.31452,85485.16957,85956.55335,86118.11426,85734.79085,84956.95454,84121.54349,83705.96536,83464.39139,83270.74855,82800.72943,82175.70932,82196.95921,82031.55457,82236.88513,82829.83895,83961.50176,84202.10727,84640.66961,84740.49834,84922.74413,84783.12888,85002.81376,84940.17693,84803.86463,84790.98039,84679.30561,84285.09981,84020.2594,83763.51831,83997.93155,84147.96299,83305.22629,83631.41149,83713.16648,83521.41388,83603.66255,82736.10525,83228.00448
FLA2,29,NA,NA,NA,NA,NA,NA,NA,NA,NA,NA,NA,NA,NA,NA,NA,NA,NA,NA,NA,NA,NA,NA,NA,NA,NA,NA,NA,NA,NA,NA,88364.10231,89047.70855,89918.60104,90379.31588,90429.87335,90167.35842,90373.66397,89999.87597,89682.36648,89571.55899,89064.23976,88850.25249,88589.28065,88536.18621,88630.44926,89020.03768,89467.56034,89922.91462,89987.37357,90381.30842,90294.04739,89063.51873,87998.36063,87566.75742,87091.10314,86670.85061,86996.76219,86817.56455,86420.43553,85806.72665,84999.55351,84962.54772,84855.63603,84764.67483,84596.79082,84916.86033,85310.06695,85140.72109,84845.75848,84248.01371,84236.43398,84573.16497,84319.60486,83881.59021,83921.15027,83915.80585,84052.79844,83845.44122,84692.06809,84980.087,85406.31452,85485.16957,85956.55335,86118.11426,85734.79085,84956.95454,84121.54349,83705.96536,83464.39139,83270.74855,82800.72943,82175.70932,82196.95921,82031.55457,82236.88513,82829.83895,83961.50176,84202.10727,84640.66961,84740.49834,84922.74413,84783.12888,85002.81376,84940.17693,84803.86463,84790.98039,84679.30561,84285.09981,84020.2594,83763.51831,83997.93155,84147.96299,83305.22629,83631.41149,83713.16648,83521.41388,83603.66255,82736.10525,83228.00448
LRD,30,NA,NA,NA,NA,NA,NA,NA,NA,NA,NA,NA,NA,NA,NA,NA,NA,NA,NA,NA,NA,NA,NA,NA,NA,NA,NA,NA,NA,NA,NA,1460484.501,1511067.311,1560576.534,1614266.414,1663362.913,1707058.381,1770050.75,1806126.105,1844195.526,1871665.181,1902771.771,1927882.793,1946120.148,1961746.736,1980685.562,1983702.758,1997808.48,2009192.296,2011359.102,2013192.569,2017014.38,2016596.385,2020859.446,2014908.843,2020098.151,2026336.379,2027748.449,2026579.879,2028311.323,2024502.683,2019184.862,2017665.689,2013289.238,2006167.304,2014614.417,1994855.631,1984069.147,1973236.983,1966110.892,1956930.477,1953505.651,1960490.578,1954252.53,1963543.989,1969612.072,1980011.315,1986638.753,1990880.517,2008518.299,2021880.503,2043572.918,2041119.469,2045047.976,2045765.142,2042722.455,2043356.678,2051436.192,2053380.134,2055281.605,2066279.706,2060527.2,2060409.96,2065817.445,2069371.315,2076487.698,2092185.32,2098832.358,2094792.87,2095486.614,2096115.603,2096297.071,2096940.751,2098417.674,2099868.777,2103510.541,2106804.807,2114430.044,2116495.448,2117911.131,2127686.313,2132981.421,2135380.221,2131525.524,2132959.513,2138231.363,2133750.527,2137456.504,2136170.106,2141406.864
SSK,31,NA,NA,NA,NA,NA,NA,NA,NA,NA,NA,NA,NA,NA,NA,NA,NA,NA,NA,NA,NA,NA,NA,NA,NA,NA,NA,NA,NA,NA,NA,283483.882,293331.9754,303949.6161,315419.9769,327667.1202,340435.6814,353978.2239,367543.543,380914.4583,393868.1549,406172.0896,418016.4142,428801.3694,438717.1469,447832.1542,456129.3689,464086.9551,471658.4648,478698.3828,485383.6112,491986.7166,498512.5396,504821.9616,510646.1982,516592.5921,522339.6229,527446.1667,532195.6694,536684.5111,540603.1722,544102.4063,547960.4342,551502.9632,555035.1313,558689.6653,561561.3041,564406.6746,566846.1448,568806.4921,570248.9311,571467.1094,573365.1403,574695.8253,576341.6626,577760.9478,579062.7112,580290.6319,581306.082,582959.0664,584721.1942,586657.7404,587693.4054,588925.7507,589888.7231,590167.278,590205.4699,590285.8334,590314.8848,590323.0799,590686.7814,590575.0764,590432.4315,590582.6919,590726.6994,591321.3555,592550.0667,593845.8676,594678.4841,595412.1875,596073.5149,596625.9771,596838.1427,597253.0394,597400.9653,597512.5272,597172.9037,597373.6349,597211.2614,597222.3041,597229.5363,597169.2262,597308.493,597442.3241,597817.0495,598279.4909,598155.7058,598870.7383,599066.7047,599745.8008
SSK1,32,NA,NA,NA,NA,NA,NA,NA,NA,NA,NA,NA,NA,NA,NA,NA,NA,NA,NA,NA,NA,NA,NA,NA,NA,NA,NA,NA,NA,NA,NA,283483.882,293331.9754,303949.6161,315419.9769,327667.1202,340435.6814,353978.2239,367543.543,380914.4583,393868.1549,406172.0896,418016.4142,428801.3694,438717.1469,447832.1542,456129.3689,464086.9551,471658.4648,478698.3828,485383.6112,491986.7166,498512.5396,504821.9616,510646.1982,516592.5921,522339.6229,527446.1667,532195.6694,536684.5111,540603.1722,544102.4063,547960.4342,551502.9632,555035.1313,558689.6653,561561.3041,564406.6746,566846.1448,568806.4921,570248.9311,571467.1094,573365.1403,574695.8253,576341.6626,577760.9478,579062.7112,580290.6319,581306.082,582959.0664,584721.1942,586657.7404,587693.4054,588925.7507,589888.7231,590167.278,590205.4699,590285.8334,590314.8848,590323.0799,590686.7814,590575.0764,590432.4315,590582.6919,590726.6994,591321.3555,592550.0667,593845.8676,594678.4841,595412.1875,596073.5149,596625.9771,596838.1427,597253.0394,597400.9653,597512.5272,597172.9037,597373.6349,597211.2614,597222.3041,597229.5363,597169.2262,597308.493,597442.3241,597817.0495,598279.4909,598155.7058,598870.7383,599066.7047,599745.8008
SSK2,33,NA,NA,NA,NA,NA,NA,NA,NA,NA,NA,NA,NA,NA,NA,NA,NA,NA,NA,NA,NA,NA,NA,NA,NA,NA,NA,NA,NA,NA,NA,283483.882,293331.9754,303949.6161,315419.9769,327667.1202,340435.6814,353978.2239,367543.543,380914.4583,393868.1549,406172.0896,418016.4142,428801.3694,438717.1469,447832.1542,456129.3689,464086.9551,471658.4648,478698.3828,485383.6112,491986.7166,498512.5396,504821.9616,510646.1982,516592.5921,522339.6229,527446.1667,532195.6694,536684.5111,540603.1722,544102.4063,547960.4342,551502.9632,555035.1313,558689.6653,561561.3041,564406.6746,566846.1448,568806.4921,570248.9311,571467.1094,573365.1403,574695.8253,576341.6626,577760.9478,579062.7112,580290.6319,581306.082,582959.0664,584721.1942,586657.7404,587693.4054,588925.7507,589888.7231,590167.278,590205.4699,590285.8334,590314.8848,590323.0799,590686.7814,590575.0764,590432.4315,590582.6919,590726.6994,591321.3555,592550.0667,593845.8676,594678.4841,595412.1875,596073.5149,596625.9771,596838.1427,597253.0394,597400.9653,597512.5272,597172.9037,597373.6349,597211.2614,597222.3041,597229.5363,597169.2262,597308.493,597442.3241,597817.0495,598279.4909,598155.7058,598870.7383,599066.7047,599745.8008
SSK3,34,NA,NA,NA,NA,NA,NA,NA,NA,NA,NA,NA,NA,NA,NA,NA,NA,NA,NA,NA,NA,NA,NA,NA,NA,NA,NA,NA,NA,NA,NA,283483.882,293331.9754,303949.6161,315419.9769,327667.1202,340435.6814,353978.2239,367543.543,380914.4583,393868.1549,406172.0896,418016.4142,428801.3694,438717.1469,447832.1542,456129.3689,464086.9551,471658.4648,478698.3828,485383.6112,491986.7166,498512.5396,504821.9616,510646.1982,516592.5921,522339.6229,527446.1667,532195.6694,536684.5111,540603.1722,544102.4063,547960.4342,551502.9632,555035.1313,558689.6653,561561.3041,564406.6746,566846.1448,568806.4921,570248.9311,571467.1094,573365.1403,574695.8253,576341.6626,577760.9478,579062.7112,580290.6319,581306.082,582959.0664,584721.1942,586657.7404,587693.4054,588925.7507,589888.7231,590167.278,590205.4699,590285.8334,590314.8848,590323.0799,590686.7814,590575.0764,590432.4315,590582.6919,590726.6994,591321.3555,592550.0667,593845.8676,594678.4841,595412.1875,596073.5149,596625.9771,596838.1427,597253.0394,597400.9653,597512.5272,597172.9037,597373.6349,597211.2614,597222.3041,597229.5363,597169.2262,597308.493,597442.3241,597817.0495,598279.4909,598155.7058,598870.7383,599066.7047,599745.8008
SSK4,35,NA,NA,NA,NA,NA,NA,NA,NA,NA,NA,NA,NA,NA,NA,NA,NA,NA,NA,NA,NA,NA,NA,NA,NA,NA,NA,NA,NA,NA,NA,283483.882,293331.9754,303949.6161,315419.9769,327667.1202,340435.6814,353978.2239,367543.543,380914.4583,393868.1549,406172.0896,418016.4142,428801.3694,438717.1469,447832.1542,456129.3689,464086.9551,471658.4648,478698.3828,485383.6112,491986.7166,498512.5396,504821.9616,510646.1982,516592.5921,522339.6229,527446.1667,532195.6694,536684.5111,540603.1722,544102.4063,547960.4342,551502.9632,555035.1313,558689.6653,561561.3041,564406.6746,566846.1448,568806.4921,570248.9311,571467.1094,573365.1403,574695.8253,576341.6626,577760.9478,579062.7112,580290.6319,581306.082,582959.0664,584721.1942,586657.7404,587693.4054,588925.7507,589888.7231,590167.278,590205.4699,590285.8334,590314.8848,590323.0799,590686.7814,590575.0764,590432.4315,590582.6919,590726.6994,591321.3555,592550.0667,593845.8676,594678.4841,595412.1875,596073.5149,596625.9771,596838.1427,597253.0394,597400.9653,597512.5272,597172.9037,597373.6349,597211.2614,597222.3041,597229.5363,597169.2262,597308.493,597442.3241,597817.0495,598279.4909,598155.7058,598870.7383,599066.7047,599745.8008
SSK5,36,NA,NA,NA,NA,NA,NA,NA,NA,NA,NA,NA,NA,NA,NA,NA,NA,NA,NA,NA,NA,NA,NA,NA,NA,NA,NA,NA,NA,NA,NA,283483.882,293331.9754,303949.6161,315419.9769,327667.1202,340435.6814,353978.2239,367543.543,380914.4583,393868.1549,406172.0896,418016.4142,428801.3694,438717.1469,447832.1542,456129.3689,464086.9551,471658.4648,478698.3828,485383.6112,491986.7166,498512.5396,504821.9616,510646.1982,516592.5921,522339.6229,527446.1667,532195.6694,536684.5111,540603.1722,544102.4063,547960.4342,551502.9632,555035.1313,558689.6653,561561.3041,564406.6746,566846.1448,568806.4921,570248.9311,571467.1094,573365.1403,574695.8253,576341.6626,577760.9478,579062.7112,580290.6319,581306.082,582959.0664,584721.1942,586657.7404,587693.4054,588925.7507,589888.7231,590167.278,590205.4699,590285.8334,590314.8848,590323.0799,590686.7814,590575.0764,590432.4315,590582.6919,590726.6994,591321.3555,592550.0667,593845.8676,594678.4841,595412.1875,596073.5149,596625.9771,596838.1427,597253.0394,597400.9653,597512.5272,597172.9037,597373.6349,597211.2614,597222.3041,597229.5363,597169.2262,597308.493,597442.3241,597817.0495,598279.4909,598155.7058,598870.7383,599066.7047,599745.8008
SSK6,37,NA,NA,NA,NA,NA,NA,NA,NA,NA,NA,NA,NA,NA,NA,NA,NA,NA,NA,NA,NA,NA,NA,NA,NA,NA,NA,NA,NA,NA,NA,283483.882,293331.9754,303949.6161,315419.9769,327667.1202,340435.6814,353978.2239,367543.543,380914.4583,393868.1549,406172.0896,418016.4142,428801.3694,438717.1469,447832.1542,456129.3689,464086.9551,471658.4648,478698.3828,485383.6112,491986.7166,498512.5396,504821.9616,510646.1982,516592.5921,522339.6229,527446.1667,532195.6694,536684.5111,540603.1722,544102.4063,547960.4342,551502.9632,555035.1313,558689.6653,561561.3041,564406.6746,566846.1448,568806.4921,570248.9311,571467.1094,573365.1403,574695.8253,576341.6626,577760.9478,579062.7112,580290.6319,581306.082,582959.0664,584721.1942,586657.7404,587693.4054,588925.7507,589888.7231,590167.278,590205.4699,590285.8334,590314.8848,590323.0799,590686.7814,590575.0764,590432.4315,590582.6919,590726.6994,591321.3555,592550.0667,593845.8676,594678.4841,595412.1875,596073.5149,596625.9771,596838.1427,597253.0394,597400.9653,597512.5272,597172.9037,597373.6349,597211.2614,597222.3041,597229.5363,597169.2262,597308.493,597442.3241,597817.0495,598279.4909,598155.7058,598870.7383,599066.7047,599745.8008
MES,38,NA,NA,NA,NA,NA,NA,NA,NA,NA,NA,NA,NA,NA,NA,NA,NA,NA,NA,NA,NA,NA,NA,NA,NA,NA,NA,NA,NA,NA,NA,15047310.86,16297066.33,17409271.08,18241331.23,18477345.64,18510408.28,20189857.17,17092957.4,17082258.7,17343680.55,17872195.09,18328131.52,18493203.99,18960103.94,18484905.14,19159858.24,18680514.15,18683204.95,17975173.33,18300326.94,18177002.57,17486516.57,17031523.28,17411779.97,17386912.86,17784254.01,18155199.68,18322745.56,18342691.32,18480003.94,18925126.04,19160464.64,19580027.67,19070325.38,18172334.57,18053739.71,18004641.94,18150045.44,17974396.3,17675671.24,17048622.6,17926680.86,18551933.17,19122052.64,19414891.59,20478923.4,20221285.81,21444130.96,21652664.99,22284661.57,21770161.02,21319027.35,21212158.29,20982574.68,21650162.15,21632873.98,22004937.96,21525584.54,20943190.1,21124958.78,20920946.6,21461945.39,21180777.62,21544183.96,22114991.61,21931766.62,22257204.92,21710920.42,21253835.05,21538505.06,20980820.82,21008277.6,21608669.68,21492252.91,21917508.54,21334314.78,21755456.03,21845950.2,22563151.73,21223447.41,20613549.83,21280382.44,21441607.8,22519047.85,22494878.78,23098583.77,23672089.18,24175757.55,23810915.33
MES1,39,NA,NA,NA,NA,NA,NA,NA,NA,NA,NA,NA,NA,NA,NA,NA,NA,NA,NA,NA,NA,NA,NA,NA,NA,NA,NA,NA,NA,NA,NA,15047310.86,16297066.33,17409271.08,18241331.23,18477345.64,18510408.28,20189857.17,17092957.4,17082258.7,17343680.55,17872195.09,18328131.52,18493203.99,18960103.94,18484905.14,19159858.24,18680514.15,18683204.95,17975173.33,18300326.94,18177002.57,17486516.57,17031523.28,17411779.97,17386912.86,17784254.01,18155199.68,18322745.56,18342691.32,18480003.94,18925126.04,19160464.64,19580027.67,19070325.38,18172334.57,18053739.71,18004641.94,18150045.44,17974396.3,17675671.24,17048622.6,17926680.86,18551933.17,19122052.64,19414891.59,20478923.4,20221285.81,21444130.96,21652664.99,22284661.57,21770161.02,21319027.35,21212158.29,20982574.68,21650162.15,21632873.98,22004937.96,21525584.54,20943190.1,21124958.78,20920946.6,21461945.39,21180777.62,21544183.96,22114991.61,21931766.62,22257204.92,21710920.42,21253835.05,21538505.06,20980820.82,21008277.6,21608669.68,21492252.91,21917508.54,21334314.78,21755456.03,21845950.2,22563151.73,21223447.41,20613549.83,21280382.44,21441607.8,22519047.85,22494878.78,23098583.77,23672089.18,24175757.55,23810915.33
GRH,40,NA,NA,NA,NA,NA,NA,NA,NA,NA,NA,NA,NA,NA,NA,NA,NA,NA,NA,NA,NA,NA,NA,NA,NA,NA,NA,NA,NA,NA,NA,1070452.63,1062427.285,1053019.399,1044237.59,1033776.994,1024122.902,1021692.119,1018679.48,1017704.098,1015541.302,1013468.705,1015387.602,1010052.19,1004543.903,1012416.084,1017594.079,1019889.64,1029246.716,1032186.662,1023377.869,1024934.148,1016417.402,1016621.094,1017893.625,1008275.573,999810.5568,996344.6111,994182.5495,995182.8016,998712.5643,997190.1229,999729.2391,998071.4941,993681.1898,990656.8578,990237.3517,924875.5255,864863.067,815774.7778,773759.4549,744351.7561,722097.7863,704428.2215,692662.2458,686777.1145,687903.7674,687026.4299,683088.2561,683210.793,681533.5387,679874.0816,678274.4009,677707.4481,676108.955,672153.0587,667433.9074,666461.0162,665568.7127,664125.9682,662924.5133,660950.8994,658494.0167,658298.5029,656138.9712,656364.9703,657748.52,662548.4132,665751.8366,669402.919,667623.8891,668640.2183,669088.9086,669828.4521,669678.0537,669693.4746,670251.6294,670645.1595,669165.5057,668667.6556,667159.3979,666477.7329,665781.3929,662423.4431,660250.2244,659190.0556,657479.4067,658884.7001,655638.9768,656912.5396
MAC,41,NA,NA,NA,NA,NA,NA,NA,NA,NA,NA,NA,NA,NA,NA,NA,NA,NA,NA,NA,NA,NA,NA,NA,NA,NA,NA,NA,NA,NA,NA,5168298.525,5213277.659,5254338.373,5285340.736,5311143.859,5347056.257,5440223.008,5387168.463,5342539.22,5357541.179,5360627.526,5303459.586,5244249.223,5112332.875,5026260.543,4897949.954,4854941.837,4867842.76,4802261.563,4782904.455,4734422.056,4688055.575,4628952.691,4605649.921,4597175.476,4611604.013,4669522.276,4701766.755,4784158.406,4802415.522,4816565.113,4877362.056,4921859.263,5008718.805,5043480.008,5014791.478,4922624.215,4858011.772,4759700.458,4666219.468,4624410.602,4641801.959,4577051.258,4531060.347,4522508.182,4462548.074,4445753.185,4425664.211,4466866.265,4457956.264,4521550.378,4519015.761,4524167.387,4511140.403,4473369.521,4434630.538,4386985.471,4360490.135,4361553.399,4422662.585,4401919.482,4378717,4359306.238,4351122.967,4347549.969,4384147.536,4439949.237,4429234.3,4427367.988,4441352.694,4457807.11,4456967.987,4434240.815,4416880.033,4394964.782,4361378.368,4360676.799,4346755.641,4337742.235,4361533.598,4391922.74,4430326.116,4369953.875,4384597.697,4394464.339,4388753.854,4378577.316,4259689.568,4319054.335
HAD,42,NA,NA,NA,NA,NA,NA,NA,NA,NA,NA,NA,NA,NA,NA,NA,NA,NA,NA,NA,NA,NA,NA,NA,NA,NA,NA,NA,NA,NA,NA,70493.78408,67715.77419,69555.76728,99390.38597,131244.8488,148035.8177,143840.3884,110014.009,86039.86099,76470.31694,255958.757,487428.9235,620031.4737,699467.8443,670038.6233,549582.8672,399330.6454,269414.3349,196881.7793,202493.9241,230456.8277,245244.872,242157.9862,281067.0416,321852.3753,395691.2714,530069.536,657241.3278,760058.3697,810260.4805,783965.0661,650556.6273,513324.8981,429661.8798,378184.3884,369734.7765,394034.9539,398917.425,387198.9768,356848.0328,473000.1992,627507.4256,700146.6565,714664.8158,683486.8194,584011.3214,489114.7476,514836.3519,591580.8508,625007.7022,623234.8128,587058.4494,503888.1908,435058.2081,366201.205,312964.0504,274066.278,243431.2436,217266.0377,198191.0629,175528.9353,161801.4486,148386.8781,134565.0148,122686.8071,115747.5247,109459.8522,98940.45289,95264.35291,93957.9416,128918.4172,171492.7158,194698.6357,200964.9801,195467.5993,172606.7524,157038.4949,145905.6924,140813.9649,135515.0071,130526.3567,125576.4356,237555.2759,376710.9601,456201.4732,486119.677,479425.0697,437114.1557,412517.0409
SAI,43,NA,NA,NA,NA,NA,NA,NA,NA,NA,NA,NA,NA,NA,NA,NA,NA,NA,NA,NA,NA,NA,NA,NA,NA,NA,NA,NA,NA,NA,NA,2127020.385,1562826.089,1146038.225,896058.467,640336.8803,519027.8984,502287.7579,460877.6095,392871.2777,325774.7434,300352.4549,296087.704,304482.0961,307076.1744,306127.6706,311680.3535,329470.7969,370320.8743,411498.0466,450979.7694,501140.1194,558621.2328,614654.9375,669471.7764,729923.9885,787469.1383,788653.7583,793168.4402,784739.3522,783606.3116,746920.241,726521.1294,702069.7329,724019.9292,762548.9183,777576.3056,923078.0621,1093186.605,1280249.547,1479940.504,1701142.477,1963805.848,2248806.477,2570485.121,2945135.439,3326017.578,3730818.346,4138761.73,4640939.765,5141698.051,5669835.078,6154974.597,6599554.876,7000321.628,7329644.574,7600092.63,7825661.29,8073534.236,8336279.396,8642193.729,8931064.992,9174918.892,9449869.806,9685055.096,9960052.095,10341110.5,10618186.01,10798885.78,10940221.83,11087376.81,11198607.47,11319522.63,11418460.21,11496417.7,11553682.59,11577843.83,11637369.54,11690455.22,11746554.54,11812902.98,11877321.31,11905675.25,11914118.13,12072929.99,12198506.67,12213652.29,12252290.03,12280620.79,12364263.24
RED,44,NA,NA,NA,NA,NA,NA,NA,NA,NA,NA,NA,NA,NA,NA,NA,NA,NA,NA,NA,NA,NA,NA,NA,NA,NA,NA,NA,NA,NA,NA,2912984.474,3017733.298,3099103.157,3000175.837,3015487.425,3060074.55,3018744.762,2988490.52,2930984.868,3165838.225,3147857.71,3157810.132,3170493.238,3088635.749,3148385.765,3138828.916,3370238.067,3212615.924,3154957.942,3096926.743,3202098.437,3100059.801,3212993.116,3154808.832,3130454.597,3214737.053,3179249.88,3089165.069,2953198.738,3136339.555,3181280.898,3418218.672,3344162.137,3441527.501,3273263.813,3320413.326,3275449.819,3349408.521,3212505.746,3175088.969,3351431.817,3059330.869,3164074.559,3077580.642,3100633.451,2982978.794,3131836.983,3267772.891,3090317.918,3401844.928,3208814.939,3002185.998,3315100.923,3076312.886,3203591.182,3046555.687,3097790.067,3100980.72,3108788.437,3017208.263,3167461.267,3111575.939,3034882.692,3177500.256,3362746.529,3281980.216,3168455.039,3145056.756,3022369.333,3057799.403,3106308.453,3318948.943,3071780.658,3241897.147,3130762.304,3164377.389,3242810.104,3182134.182,3266416.169,3130569.163,3266676.98,3087937.707,3466162.691,3539944.647,3307560.877,3532964.503,3361030.243,3758691.147,3476232.308
BWH,45,NA,NA,NA,NA,NA,NA,NA,NA,NA,NA,NA,NA,NA,NA,NA,NA,NA,NA,NA,NA,NA,NA,NA,NA,NA,NA,NA,NA,NA,NA,7310678.551,6785716.398,6780900.265,6818389,6804491.942,6723963.946,6418195.189,6277518.782,6183578.598,5977879.252,6028984.515,6611151.971,7066030.158,7434117.343,7841183.105,8052800.46,8105757.643,8467209.344,8406897.468,8233977.549,7972632.346,7746794.068,7861343.42,7601044.521,7217171.172,6874029.678,6508530.4,6091912.485,5781868.811,6010290.995,6410398.139,7546831.171,8332284.486,8807379.284,8773320.704,8671927.345,8027948.781,7472860.59,6976739.495,6550586.665,6224451.399,6041497.149,5879636.925,5793624.3,5744894.135,5714075.901,5700064.939,5690372.942,5711210.803,5723260.615,5772221.503,5759689.856,5762454.892,5753160.763,5733566.887,5721115.813,5716255.385,5700668.556,5697789.778,5722791.694,5693640.65,5674606.232,5660201.985,5657198.866,5666308.124,5686197.266,5723395.025,5719028.009,5715667.342,5724662.638,5729647.012,5719284.503,5712888.229,5710089.452,5710178.463,5700213.942,5707315.017,5703500.496,5698309.762,5714133.326,5710450.908,5713043.152,5691819.824,5685116.777,5691690.503,5699408.598,5716502.858,5702030.997,5736671.175
SSH,46,NA,NA,NA,NA,NA,NA,NA,NA,NA,NA,NA,NA,NA,NA,NA,NA,NA,NA,NA,NA,NA,NA,NA,NA,NA,NA,NA,NA,NA,NA,2840675.949,3093564.15,3484293.186,3782068.996,4074862.587,4315930.481,4526260.166,4617160.05,4458974.575,4498591.709,4640855.391,4699482.415,4856921.23,4787758.671,4534920.13,4157799.046,4000792.366,3469385.419,3006110.23,2645183.499,2340318.366,2158896.993,2005138.933,1966204.944,1954400.574,1888468.901,1835638.47,1732884.845,1606689.828,1501264.269,1443762.516,1458247.933,1478617.071,1521594.489,1597728.313,1741122.773,1704034.326,1636480.056,1584986.198,1486009.371,1422439.888,1292756.37,1205167.335,1146759.838,1064177.485,991245.7958,908934.9286,884844.6713,861400.4341,820685.2274,786363.2534,772616.5296,753622.7614,741497.8313,729441.0444,691967.2681,657660.6905,585872.7387,526613.9651,453324.0032,390355.933,354969.6193,313303.6699,265428.3875,240883.035,224797.6768,207842.3313,198330.0419,187912.247,169580.9259,160939.1226,169637.7979,183363.1601,197435.1696,213905.638,226196.4077,241570.1605,242315.3338,240832.4015,244937.0876,255109.7991,255365.4457,252905.9739,270064.5309,271579.326,274433.8266,298108.5993,325931.0569,349444.2728
NCO,47,NA,NA,NA,NA,NA,NA,NA,NA,NA,NA,NA,NA,NA,NA,NA,NA,NA,NA,NA,NA,NA,NA,NA,NA,NA,NA,NA,NA,NA,NA,4201170.935,4276349.797,4106481.496,4191518.547,4312967.713,4514766.181,4683890.831,4430855.638,4280582.89,4375836.529,4848798.724,5373208.691,5291997.217,5574726.588,5363552.594,5072737.81,4796292.194,4461713.807,4267027.357,4311146.483,4450543.415,4539880.612,4597622.832,4637212.649,4579757.58,4458656.334,4628068.455,4899333.111,5280073.513,5575824.502,5764675.618,5909779.253,5961984.868,5958184.786,5821347.789,5971311.916,5315415.556,4878482.441,4687194.82,4523057.96,4474090.329,4517602.799,4488045.08,4332721.764,4326969.053,4532970.527,4466282.387,4362176.985,4356569.77,4371409.781,4307427.668,4277034.019,4287085.79,4299337.658,4258748.899,4245377.663,4282685.195,4253190.975,4256236.779,4234332.167,4154391.696,4062234.054,4175023.331,4154357.013,4206527.312,4165401.077,4287297.168,4360016.21,4451790.554,4346691.881,4354547.786,4369790.357,4362943.923,4305145.282,4267938.035,4370651.53,4361584.714,4260829.115,4249489.159,4316993.659,4373595.834,4390813.024,4251967.881,4278339.257,4229024.346,4263386.583,4273088.727,4302161.558,4241945.769
PCO,48,NA,NA,NA,NA,NA,NA,NA,NA,NA,NA,NA,NA,NA,NA,NA,NA,NA,NA,NA,NA,NA,NA,NA,NA,NA,NA,NA,NA,NA,NA,2805796.932,2870444.274,3041645.645,3168919.867,3236423.356,3179749.472,3359888.299,3444425.081,3421758.713,3221658.338,3159349.694,3035070.143,3126285.015,3173146.404,3281020.67,3291772.25,3446111.012,3557982.533,3705848.713,3704264.061,3717637.198,3643767.012,3696437.976,3724307.561,3835993.628,3662208.99,3543425.23,3503430.315,3618123.28,3668626.698,3729522.778,3775615.052,3578218.356,3508630.512,3603819.764,3687947.357,3746590.586,3657232.015,3635633.589,3609828.779,3704916.832,3765183.056,3981736.707,3942856.014,3760644.709,3910193.719,3899809.005,3940289.823,3980576.602,3962898.151,4085316.892,4017748.388,4222030.215,4355890.634,4473224.745,4640330.638,4566114.009,4619432.352,4673641.799,4628717.303,4800576.892,4639430.631,4395443.227,4311121.996,4212173.892,4185391.032,4103170.772,4160987.277,4065724.635,4025750.898,4107666.485,4111149.445,4060435.082,4162581.074,4074269.461,3936664.679,3898421.666,3891131.158,3884277.885,4122535.948,4124915.678,4057277.56,3822271.193,3762015.752,3986963.103,4192942.815,4099338.985,3982740.772,3881833.397
CAP,49,NA,NA,NA,NA,NA,NA,NA,NA,NA,NA,NA,NA,NA,NA,NA,NA,NA,NA,NA,NA,NA,NA,NA,NA,NA,NA,NA,NA,NA,NA,4437031.175,3489253.639,2957412.289,2463157.327,2133401.133,1987936.318,2160471.565,4354298.699,3555331.686,3235014.078,4532269.862,5030212.446,4791696.627,3676783.611,5340024.534,6537610.557,6173747.743,5602769.241,4501294.525,5055497.172,4666187.539,2964182.183,4561062.723,5435876.744,4770267.627,5088764.384,6026010.48,6604613.683,6121693.695,3861336.351,4664474.912,5534174.759,3602204.324,4022791.895,5445939.649,4978697.639,4377719.488,5142189.766,5684625.754,5491242.052,4668693.318,3227951.636,3026938.132,4722323.538,4260107.562,3743853.102,6639851.521,5299774.981,3662284.885,5207037.674,7178951.509,5120807.065,4295216.051,6054614.63,5174663.302,4799817.639,6069941.047,5442038.214,4753559.021,5872219.179,5835167.525,5345709.62,3743109.385,5426659.859,6975588.884,5718863.868,4618441.882,5701878.127,6611725.42,5099693.781,5956244.343,5875026.613,4540228.554,4241560.148,3943220.926,4271890.005,6129933.013,5302683.421,4762987.541,4798386.402,6047914.325,5837357.889,5870016.154,6429007.314,5918178.46,4324151.283,5170963.518,6956687.097,4676557.119
PWN,50,NA,NA,NA,NA,NA,NA,NA,NA,NA,NA,NA,NA,NA,NA,NA,NA,NA,NA,NA,NA,NA,NA,NA,NA,NA,NA,NA,NA,NA,NA,19353380.58,6091585.11,6693765.072,8358604.063,9338068.587,9649727.607,8970166.231,9693020.236,9969786.393,10162898.62,10991204.29,12127480.48,13367074.85,14022732.23,14178968.48,13291172.6,17846969.85,14375654.34,12369564.75,12256970.9,10765335.74,9013848.502,9180949.513,10170214.76,11638259.99,12352478.1,11888336.06,11785720.43,12380606.42,14321547,14510855.13,14855830.13,13132186.04,12299567.38,10950816.01,9361958.591,9328539.705,8878482.555,8006373.887,8161512.061,8478847.497,6504171.53,7120614.627,8831286.466,9748277.013,10908506.78,8468319.062,10236466.91,11138770.63,14385245.15,14917648.27,14266939.49,15936382.04,16823549.84,21755949.87,18012878.8,24182155.17,21067399.09,23448857.09,25712611.11,28954752.81,34150369.94,34521492.23,36275920.28,41325338.11,41724109.21,39205258.86,38449819.81,40121051.9,37278186.35,42925448.76,44173337.57,46220420.15,42944777.43,45348534.79,49160699.78,44223703.86,57079555,48582431.01,48582680.65,58209130.21,39530773.66,40467097.08,46963699.78,44308465.12,49229888.28,45641406.67,69497914.94,52571646.4
CEP,51,NA,NA,NA,NA,NA,NA,NA,NA,NA,NA,NA,NA,NA,NA,NA,NA,NA,NA,NA,NA,NA,NA,NA,NA,NA,NA,NA,NA,NA,NA,43806620.18,43568252.75,43788047.12,47328924.38,45953633.5,42736187.79,284200137.9,291282381.3,50588098.37,49460557.44,53859674.14,57631032.06,52120816.77,49780005.17,86860060.42,84602124.64,47185257.17,52206469.95,48986984.88,46345201.61,47133315.58,51388332.12,58031184.82,52537555.42,48844919.39,51481418.45,51365476.97,51082259.27,55649626.29,59751381.85,61261258.23,58160189.61,55184967.72,59414182.28,70746096.2,61864449.96,46720857.86,50535911.19,54058626.38,53760173.11,55763710.73,65604954.15,61266767.59,55275754.59,63543146.11,65264019.4,58351466.3,53688287.73,53906062.34,54458704.72,67859774.82,69617130.13,57980535.04,57127611.37,57941217.67,60656267.12,69748126.92,69550907.64,61478867.82,67566895.15,64277977.56,55946535.18,57033007.35,57606123.69,58786093.62,59064776.75,58522843.36,59672301.51,58728525.44,56972436.09,59251350.18,64284351.88,58198350.83,55634127.39,59061946.7,57630323.47,58888196.93,65685900.93,65217914.62,72594861.31,75213050.61,68147785.43,62801871.66,59248248.29,61631056.12,60845364.91,58996319.21,57289546.99,59820522.53
KCR,52,NA,NA,NA,NA,NA,NA,NA,NA,NA,NA,NA,NA,NA,NA,NA,NA,NA,NA,NA,NA,NA,NA,NA,NA,NA,NA,NA,NA,NA,NA,5582.666938,5570.744208,5557.94204,5543.445939,5524.349998,5482.210058,5432.167523,5392.270029,5359.51528,5331.208238,5304.808588,5280.222897,5254.326975,5223.658168,5164.404271,5079.892391,4998.909973,4923.485639,4849.059728,4763.318038,4612.807863,4176.312767,3683.892347,3277.843498,2954.314744,2702.380778,2519.765898,2365.252545,2220.615464,2031.453928,1702.796499,1392.662211,1153.713025,959.722539,802.674493,680.894349,582.55881,498.438003,426.796599,367.018489,318.998392,280.717894,247.928776,218.707452,194.448398,173.777814,156.336161,141.437932,128.330418,117.039078,107.045296,98.236704,90.363961,83.538208,77.541832,72.091095,67.12485,62.79425,58.959802,55.512717,52.448982,49.639298,47.162141,44.948621,42.973774,41.152894,39.575536,38.146668,36.858563,35.676772,34.574883,33.519833,32.584974,31.70181,30.874229,30.123833,29.434036,28.777128,28.164351,27.605229,27.089903,26.618371,26.170525,25.75241,25.355496,24.989887,24.656861,24.351467,24.064717
SCR,53,NA,NA,NA,NA,NA,NA,NA,NA,NA,NA,NA,NA,NA,NA,NA,NA,NA,NA,NA,NA,NA,NA,NA,NA,NA,NA,NA,NA,NA,NA,91214.73504,87007.54236,84543.13997,95373.9774,93595.27311,89999.3434,88803.27024,99336.56141,97259.28288,93577.42281,92995.28916,101909.2086,99123.01235,94841.1489,91741.38806,90941.86568,96924.87878,96965.52894,96637.40057,102227.0136,99889.28122,95232.25823,85849.48297,79933.97324,98784.5364,105558.4962,100145.3091,94914.83919,113998.8337,114392.4153,107826.1514,104397.9824,122361.8834,120904.3422,115264.6815,110187.5473,112843.9424,117492.81,116051.3025,110005.1641,123923.5578,125254.4596,118391.5421,120985.8593,123671.9007,115576.5439,106406.2937,98435.30792,113948.0587,121845.4801,118617.3067,128128.6673,123175.4773,125370.7985,135723.8753,130092.3245,128557.1213,118707.2567,118458.5127,115359.9881,112978.8957,125463.0524,129691.217,123750.4343,133397.6092,135244.139,129577.445,143337.3212,135756.9114,124108.4623,114951.5717,128607.1655,131827.2205,132698.1067,133295.3104,127932.7656,139363.6787,147234.2648,146302.9364,140206.4819,131230.1284,144003.774,138514.1615,140694.3318,148756.7411,143319.4508,150163.5204,141578.8411,135653.6674
ZG,54,NA,NA,NA,NA,NA,NA,NA,NA,NA,NA,NA,NA,NA,NA,NA,NA,NA,NA,NA,NA,NA,NA,NA,NA,NA,NA,NA,NA,NA,NA,6828658.954,6802294.595,6789772.468,7189654.771,7190425.633,7164271.536,7129247.593,7113030.28,7089021.165,7066311.891,7036412.344,7317706.835,7311189.368,7280426.726,7271369.137,7255867.164,7248728.185,7660700.094,7651530.108,7638943.173,7627941.24,7609071.465,7987928.153,8008145.795,7992404.297,7968107.892,7969250.695,7950567.447,7932439.953,7917131.971,8340303.535,8325571.414,8324503.711,8733234.456,8719965.896,8714332.062,8701057.905,8690241.622,8679721.437,8674744.67,8660922.81,8652938.689,8677508.192,8678707.275,9185538.351,9713595.223,9740639.295,9773218.45,9794203.83,9798208.963,9818046.867,9854782.554,9868753.76,9924326.352,9998546.507,10027292.33,10623826.98,11171479.31,11197569.62,11203582.19,11267412.05,11350343.27,11380142.15,11405203.41,11443090.17,11518506.15,11535048.27,12302874.32,12412374.39,12455005.16,12509167.52,13125689.47,13172387.96,13219821.54,13250230.11,13343134.79,13369451.63,13465114.9,13561387.58,14504255.13,14651347.71,14696513.59,14835164.28,15031483.15,15812450.84,15927111.56,15994987.42,16077074.72,16143122.07
ZL,55,NA,NA,NA,NA,NA,NA,NA,NA,NA,NA,NA,NA,NA,NA,NA,NA,NA,NA,NA,NA,NA,NA,NA,NA,NA,NA,NA,NA,NA,NA,1155818518,1134789703,1205241440,1219457099,1140267806,1179373666,1282853031,1297161159,1175915059,1178445778,1305154729,1353600192,1293471862,1269227277,1259465378,1357117645,1275429384,1274485420,1265105898,1358561523,1294916087,1235842093,1344637325,1348391486,1355806985,1259344328,1298587571,1421785616,1374669547,1242682188,1250262335,1365762610,1348181295,1470807663,1315274522,1341751013,1362802551,1383732074,1302877568,1376377623,1413345217,1360955836,1393551460,1378721433,1525818534,1568998309,1366470339,1361911828,1362666317,1424863729,1359444051,1394333659,1432365687,1391233339,1324876342,1426150074,1454036590,1412848312,1418624098,1365047866,1408967900,1372611690,1370677589,1373732106,1421242835,1323814347,1439944432,1600290038,1428750287,1394918482,1454817897,1423162565,1420010857,1466661714,1417007118,1352566335,1483482245,1385218497,1378483958,1431163568,1505227719,1429295142,1384647700,1363859167,1412693063,1435761072,1350183553,1438200945,1331899386
ZM,56,NA,NA,NA,NA,NA,NA,NA,NA,NA,NA,NA,NA,NA,NA,NA,NA,NA,NA,NA,NA,NA,NA,NA,NA,NA,NA,NA,NA,NA,NA,393313667.2,534162274.4,647173125.9,696827310.6,731997214.8,637027472.8,873374280.4,634078023.9,751936250.1,558606032.6,651605133.1,738353259.1,720382159.6,825590408,507029340.1,689679408.6,649834508.7,809394843.2,553580414.4,705663856.8,835042173.4,704528151.2,475825593.6,633548728.1,683998581.5,844052829.3,687525920.8,770310663,743358079.6,732360669.8,722986877.8,766507236.8,920932243.6,690491780,611646356.6,694669920.5,741517547.5,704114596.8,779983331,642119246.2,453071101.6,666779494.5,647564029.9,764640951.5,611487426.8,974462279,581628818,761575531.6,866191944.2,1026789150,539930918.2,627770316.8,796652011.4,524760958.1,665564653.4,710038597.8,1063469059,761940482.6,563329538.5,810251242.7,512837607.8,694716027.8,689079384.4,865492956.3,553317620.5,522458051.4,866123817.7,563235623.7,587152966.2,905389023.4,477696130.5,554437217.4,743218155.1,659730703,725410230.8,593605366.4,761911052.2,730263921.9,695397775,532813915.6,473352917.2,823718703.3,467325044.1,481419521.9,516345409,525373124.5,668690698.3,567770300.2,653878319.8
ZS,57,NA,NA,NA,NA,NA,NA,NA,NA,NA,NA,NA,NA,NA,NA,NA,NA,NA,NA,NA,NA,NA,NA,NA,NA,NA,NA,NA,NA,NA,NA,23986651.75,29128413.92,37236582.04,38601221.78,5532781.745,8928448.038,9781781.493,2513151.313,16372161.41,38620842.55,59591491.37,9405850.855,38553277.92,27453356.55,25932284.14,60725242.65,20755855.8,29527503.23,31244134.42,48456908.13,17054257.5,8476470.526,16337493.07,55401128.21,66855546.76,34537221.92,31751056.45,113550423.3,36595685.69,4856916.558,33906991.59,134630248.4,41927834.53,13828388.44,18016046.47,79411204.61,110186384.5,66677452.86,23391514.8,55464790.54,80165776.32,47518112.28,50776203.8,51585210.69,80888879.93,9157247.461,6380238.721,69083434.57,98376133.15,89695297.25,38513806.54,42251778.68,88931291.7,41320323.24,14807498.12,69985701.79,320086.5411,75238622.91,88743039.84,69048742.4,86319512.47,51001114.16,49416732.45,82936937.02,51286433.32,30070130.76,100378733.2,22159779.67,3912007.38,70037361.17,102493621.5,62464230.04,42969282.17,94770970.53,26369153.27,42926759.61,111462800.4,20116826.76,36940095.86,30432665.14,108244647.1,76408881.66,50739110.33,46356158.16,60686833.44,26083332.05,36038276.86,66417244.2,24909798.52
DF,58,NA,NA,NA,NA,NA,NA,NA,NA,NA,NA,NA,NA,NA,NA,NA,NA,NA,NA,NA,NA,NA,NA,NA,NA,NA,NA,NA,NA,NA,NA,20508650.93,2695233.868,422758.2363,67416293.1,7880336.312,60695083.23,835289.0795,5122857.692,2099602.336,20020759.99,856060.8807,2729896.52,86017246.67,33278674.22,27206284.12,4158062.216,35900850.75,2137015.28,685620.4935,2604737.797,3214289.272,139088887.9,592940.5868,1802657.766,591063.6194,1580077.743,6726284.871,6985915.271,4704098.635,1977695.585,7894072.525,5404004.337,12460079.5,222952199.8,4737058.246,13129232.77,10513720.55,6321082.376,1365326.072,23497055.04,240531252.9,531434.2641,75164832.01,709140.3325,2655060.678,11143569.66,22051109.57,7376151.623,22703213.56,138767658.6,17153210.06,995210.0231,8312681.291,1295237.011,1110605.133,995603.316,8034909.155,12366933.17,134902627.5,2468694.786,573916.4359,2692042.153,87887901.13,7756640.282,710845.616,8241674.471,1394254.347,4326819.973,989998.8336,11648963.56,1023176.044,2414245.814,20608745.93,416095283.5,5413544.109,450879799.2,17494039.73,37568987.09,24703333.71,84345125.85,3893922.67,721814.6511,625483.1548,862908.046,2123357.498,29426630.46,10197623.46,299322817.4,9109067.716
PS,59,NA,NA,NA,NA,NA,NA,NA,NA,NA,NA,NA,NA,NA,NA,NA,NA,NA,NA,NA,NA,NA,NA,NA,NA,NA,NA,NA,NA,NA,NA,8178408733,76945103.66,99893702.56,164055010,282301516.5,502096968.1,964722707.2,3132628625,4944681792,8483052156,819323350.3,52988183.97,107293521.3,265465418.8,773067239.9,62763550.48,45455092.58,57958833.99,79060919.91,126773749.4,261899564.1,604399989.7,1071850518,1551359394,2147016898,2541245029,3143243295,3701717849,127878144.5,192209336.4,447193220.2,132290507.9,125088855,147296323.7,162642541.4,286252451.8,490359567.7,1449271836,3313498956,6799191358,9895828211,2367427614,291121051,220387014.6,277688784.4,252918577.3,284655398.9,250305726.8,238226060.1,208052197,252649054.7,566604122.8,1062677698,1729212843,586447820.9,212350759.4,233652829,324935025.2,685238500.7,1091948807,1699139706,295992436.2,387192420,535614821.9,255195300.7,294991421.7,430134018.7,1140823160,960114456.3,1438760782,329545478.8,427260522.8,287956110.3,311523243.7,365367446.1,513795961.1,526769558,858568471.5,1996167484,1007064726,2026847349,654079065.4,1491453544,3950693886,7433202382,9615333349,2266794713,2867631249,3413925191
PL,60,NA,NA,NA,NA,NA,NA,NA,NA,NA,NA,NA,NA,NA,NA,NA,NA,NA,NA,NA,NA,NA,NA,NA,NA,NA,NA,NA,NA,NA,NA,5532255040,4469148505,3971180996,3665045484,3467656353,4927990728,4081685354,4484003404,4606837395,5526318928,4587058442,4154953982,4474648655,5487802167,7466761643,5073015290,5537956233,6165569983,7351296984,5618170462,7215947287,7998986892,6187236498,5717065155,6956559332,5611267892,5708576974,6236414951,7644869358,9889142072,11858026379,10850000088,11349882148,13114515012,12284451696,11276307994,11095779671,11710381131,12061043355,12859145990,12765792956,10301737331,10595689813,10637749858,10478358433,9406852501,9850128062,8221910275,8641577827,9888082159,11026780867,12208747354,10684060543,9556350223,8985585436,8594870061,7490874704,10896090083,13236650846,9924845626,8578362366,7826292522,7672735312,7258447793,7045761080,9207487896,7522244239,7944199853,9204729576,8939761793,10989055349,11945205923,9025268015,8465202933,8129665490,8078536604,7087959862,6459728913,7361898196,9108507913,10475366914,7483211044,7563948175,8536286130,7142230592,7012198840,6576355441,7244327495,5445241095
BC,61,NA,NA,NA,NA,NA,NA,NA,NA,NA,NA,NA,NA,NA,NA,NA,NA,NA,NA,NA,NA,NA,NA,NA,NA,NA,NA,NA,NA,NA,NA,4147513.57,4172359.032,4196975.857,4222204.565,4248016.232,4274142.549,4300202.497,4326922.293,4353988.605,4381432.284,4409074.946,4436939.523,4465512.485,4494303.66,4523118.883,4552229.624,4581811.999,4612283.58,4643340.758,4674615.681,4705956.709,4736873.796,4767917.355,4799177.615,4831152.751,4863541.992,4896361.301,4929989.133,4964579.936,4999597.515,5035005.029,5070639.589,5106615.564,5143187.922,5180569.739,5217747.263,5254768.847,5292810.083,5331576.067,5370820.644,5409789.826,5448385.003,5487668.201,5528164.763,5569127.196,5610467.698,5651869.338,5693957.599,5736309.344,5779047.473,5822525.056,5866855.528,5911439.285,5956096.353,6001504.815,6047822.888,6094994.185,6142193.447,6189607.487,6237697.828,6286093.754,6335524.682,6384985.296,6434958.284,6484722.756,6535286.135,6585319.189,6635635.059,6686596,6738142.19,6790570.496,6843472.779,6896645.406,6950470.073,7005006.43,7059180.701,7113946.115,7169940.049,7226285.963,7283777.599,7341355.623,7399169.047,7457963.209,7516621.15,7576272.501,7636184.742,7696196.901,7756299.706,7817057.046
BD,62,NA,NA,NA,NA,NA,NA,NA,NA,NA,NA,NA,NA,NA,NA,NA,NA,NA,NA,NA,NA,NA,NA,NA,NA,NA,NA,NA,NA,NA,NA,7050121.853,7281506.771,7520928.581,7774226.737,8043254.648,8326933.792,8621268.172,8933698.005,9263156.906,9610995.431,9979577.539,10369395.03,10784750.57,11222877.38,11686154.7,12180139.74,12706548.65,13275068.87,13885799.18,14533237.88,15218303.57,15946822.84,16726409.85,17558669.61,18448523.63,19399139.88,20444165.3,21588281.16,22832979.2,24179816.11,25623682.14,27161582.11,28791780.41,30548009.3,32439192.8,34424941.71,36528624.88,38820887.08,41293841.85,43952173.56,46752701.71,49734129.35,52971587.97,56524220.91,60362758.56,64455523.61,68826589.2,73625199.68,78799855.17,84391104.25,90453596.21,97044109.35,104076283.6,111644347.5,119839627.9,128834018.3,138450552.3,148891120.2,160043291.1,172159678.6,185210251.3,199135232.6,214004796.3,230253286.4,247606930.7,266445057.7,286379258.5,307789420.3,331041165.4,356628275.6,384191662.1,413819313.9,445330274.4,479246399.5,515655477.7,553989989,594712221.7,639034247.4,685204300.3,733808673.6,785484530.4,840238353.9,898549732.9,960344285.2,1027152328,1096363318,1169853379,1246098653,1324380444
BFF,63,NA,NA,NA,NA,NA,NA,NA,NA,NA,NA,NA,NA,NA,NA,NA,NA,NA,NA,NA,NA,NA,NA,NA,NA,NA,NA,NA,NA,NA,NA,9421586.993,9698665.401,9728806.873,9801631.062,9862991.081,9929745.403,10240369.07,10347061.3,10420950.74,10477707.78,10792071.91,10837711.72,10906481.09,11004083.33,11045749.49,11477260.29,11582978.33,11669455.16,11749491.03,12200948.64,12289130.86,12380790.06,12475674.1,12988841.81,13131420,13234318.57,13342774.61,13894529.15,14000028.47,14113019.03,14657766.03,14780823.14,14918622.96,15514060.94,15593876.91,15740528.1,16353079.39,16511437.27,16630837.98,17215680.84,17365029.34,17443544.17,18065673.03,18225864.46,18355871.43,19022366.8,19081618.31,19232841.64,19884576.39,20040688.16,20184385.05,20792122.05,20943718.23,21087244.47,21697694.35,21834193.65,21956220.05,22498625.36,22712541.81,23244307.38,23424410.81,23553843.46,24146742.03,24259967.77,24800933.86,24946309.95,25117406.73,25602750.66,25757633.57,25884886.69,26411417.71,26536288.9,26698472.78,27158418.86,27330750.88,27736519.98,27919155.7,28052521.83,28490724.67,28640042.51,28933674.79,29119657.06,29355649.4,29610254.58,29941067.9,30151849.04,30475583.66,30662745.1,30867926.64
SPO,64,NA,NA,NA,NA,NA,NA,NA,NA,NA,NA,NA,NA,NA,NA,NA,NA,NA,NA,NA,NA,NA,NA,NA,NA,NA,NA,NA,NA,NA,NA,9889610.866,9916658.731,9921968.774,9926513.96,9931518.36,9935232.48,9959527.763,9966959.627,9974594.314,9978322.03,9999261.52,10004437.06,10006801.25,10014949.04,10022459.08,10048758.42,10055276.51,10058975.72,10065686.83,10092212.57,10099417.59,10102772.78,10108177.15,10135021.82,10143324.56,10153122.87,10158714.75,10184445.02,10188738,10196111.45,10214016.35,10221933.25,10228935.31,10248708.7,10253864.2,10259733.46,10279322.45,10288997.29,10295653.56,10310180.05,10317626.76,10326089.86,10340926.96,10349766.02,10353999.39,10376830.12,10381556.17,10384473.69,10403028.53,10410755.7,10422793.16,10442300.25,10449157.18,10456075.69,10479613.11,10486040.92,10492521.23,10510073.75,10525319.59,10544451.75,10550217.62,10557509.2,10583840.18,10595991.38,10617119.09,10629349.85,10641632.44,10664021.26,10673449.73,10677479.09,10703142.26,10713551.03,10723771.67,10746710.71,10759409.96,10791576.88,10808362.39,10816703.33,10841299.47,10860184.24,10888987.57,10897623.9,10919541.46,10940612.64,10968360.51,10980544.05,11009470.03,11027067.96,11043156.44
COR,65,NA,NA,NA,NA,NA,NA,NA,NA,NA,NA,NA,NA,NA,NA,NA,NA,NA,NA,NA,NA,NA,NA,NA,NA,NA,NA,NA,NA,NA,NA,10438678.19,10625452.93,10705675.05,10711412.93,10686441.68,10651592.02,10870462.15,10900146.13,10941840.26,10935889.22,11154683.56,11317274.52,11325940.78,11319321.81,11286193.88,11623052.15,11645048.45,11723918.56,11755453.77,12111606.82,12328971.35,12330439.02,12308223.72,12774098.52,12846710.22,13019178.23,13011440.57,13487029.72,13747621.69,13769911.56,14255936.35,14551494.17,14582720.54,15141302.82,15472156.66,15493329.07,16089660.45,16412630.69,16455961.23,17092860.64,17389920.35,17428254.94,18106033.17,18427842.81,18435724.15,19234343.56,19524402.25,19630435.68,20477454.45,20816588.43,20899589.95,21763814.5,22025926.53,22114250.15,23027497.77,23343065.98,23348044.73,24415808.2,24657910.02,25971513,26550835.43,26465088.23,27619642.7,27568050.17,28758053.9,29415151.7,29319503.36,30591470.03,30562075.37,30466103.23,31932723.15,32709333.42,32613965.54,34067689.37,33997595.34,35367341.68,35897490.25,35808032.87,37296094.61,37191340.4,38937508.32,39793116.03,41230176.31,41325052.32,42989181.93,42963584.38,44720532.41,45361095.02,45150316.52
PB,66,NA,NA,NA,NA,NA,NA,NA,NA,NA,NA,NA,NA,NA,NA,NA,NA,NA,NA,NA,NA,NA,NA,NA,NA,NA,NA,NA,NA,NA,NA,2226348314,2403442595,2378310066,2500327783,2460709123,2678770102,2860711261,2798552725,2777092466,2637760766,2871356114,2890041678,2813716766,3057734808,3015439397,2953871655,2756934061,2802275014,2751003881,2728917450,2824641835,2442661257,2516243949,2496686152,2540796296,2506838493,2559719319,2517361903,2401517893,2481081273,2856005884,2941858943,3216318166,3103769875,3252979376,3265592466,3416044360,3132697478,3104010020,3334129195,3457118441,3542732927,3645297317,3420220486,3297363924,3330435168,3219186692,3183798975,3148699311,3234159705,3266748672,3165426608,3049801546,2959790652,2690181690,2788218094,2522763922,2840553229,2845706748,2721787488,2650194998,2617988171,2722326810,3011031342,3150501668,3177154462,2907955909,2805296451,2898713683,2874186336,2838661036,2867937424,3055809914,3147887767,3399878224,3599314051,3759461338,3532414165,4489152281,3993391651,3648134728,3410153944,3322536967,2945280852,2843343140,2915426743,3253988440,3569332279,4323347454
BB,67,NA,NA,NA,NA,NA,NA,NA,NA,NA,NA,NA,NA,NA,NA,NA,NA,NA,NA,NA,NA,NA,NA,NA,NA,NA,NA,NA,NA,NA,NA,8001134870,8383052977,8772142945,9189023946,9655144866,10142657871,10635466879,11107556805,11585540721,12020158027,12407817311,12823261966,13178617070,13560384766,14000782156,14397501820,14836395885,15238375776,15685417657,16122499569,16573716662,16907797167,17256221367,17664739794,18086448299,18517155869,18935134388,19349183009,19682689252,19967967550,20300473231,20686956801,21103434752,21437070541,21747428799,22081483256,22455511465,22798652792,23118756535,23445980896,23806342850,24144194624,24472212931,24833267372,25175051973,25561631036,25915678010,26260322960,26620362747,26988064064,27327895864,27698840007,28035728326,28394537334,28806970878,29201081882,29627031805,30011071662,30423708032,30757634241,31050963792,31331217301,31673045073,31998588239,32372618099,32779418393,33107257221,33413140258,33723041843,33995225755,34294535874,34607092899,34965571822,35289670514,35653038653,36019101648,36364344499,36746344687,37142111493,37594950616,38030504734,38373351167,38653943578,38915661679,39145520596,39396622017,39702124513,40006584990,40351717649
DR,68,NA,NA,NA,NA,NA,NA,NA,NA,NA,NA,NA,NA,NA,NA,NA,NA,NA,NA,NA,NA,NA,NA,NA,NA,NA,NA,NA,NA,NA,NA,3121618342,3273801061,3413633631,3570653014,3725621519,3911314037,4099288103,4269835387,4444289358,4606722307,4796218462,4969075195,5133129871,5315924839,5495678131,5666881451,5843519697,6027035995,6206464323,6392192870,6582862116,6726598705,6902055766,7086880432,7273985743,7456963509,7643873036,7830068270,8005099372,8174245704,8372069963,8572106848,8783498631,8968516571,9161352251,9351728615,9557899311,9740991057,9926525373,10132527591,10343514249,10553339555,10759875371,10953031869,11148567062,11374487634,11564993994,11772119826,11974872778,12192973220,12399177144,12607332025,12802916483,13004448800,13213736263,13439371943,13652586240,13891146823,14114541288,14320036301,14514565817,14717106074,14935086127,15173612524,15406321267,15641155445,15849466587,16054092103,16277643901,16492790552,16716741641,16947419541,17196005892,17432101696,17696035491,17953134343,18210766460,18460748316,18768169452,19045405038,19308121939,19549625954,19786412188,20009738770,20234812802,20478688933,20745627123,21030252562,21312246429
DL,69,NA,NA,NA,NA,NA,NA,NA,NA,NA,NA,NA,NA,NA,NA,NA,NA,NA,NA,NA,NA,NA,NA,NA,NA,NA,NA,NA,NA,NA,NA,19713113884,20361699640,20918400885,22239023019,23236355002,24538821739,25473841635,26211384783,27197784053,27841453841,28823882217,29282294695,30166361960,31585169612,31762710385,32651220609,33176889644,34247998407,34628563888,35883323810,36551026521,36612872217,37278866230,38244567812,39206213079,40020339428,40895298237,41557888546,42000522216,42576386548,43823240236,44873651175,45917327510,46586968333,46980274376,47713235174,48791562551,49036532792,49689056481,50592428764,51576341449,51798511315,52439116516,52948203567,53337295409,54742114716,54803809635,55447569231,56282909936,57243321015,57586122169,58210266908,58771328755,59278756547,59950034992,60857999355,61357029208,62496274581,63193551458,63301474574,63489836382,64225553408,65228195444,66425593426,66912070045,67631519279,68115338443,68086860536,68943843433,69506945085,70064871881,70720310162,71755147149,72502145438,73540981780,74194495617,75254128685,75541913478,77795158357,77914779400,78017564529,78399479988,78300824475,78474573362,78874171307,80015187454,80827499346,82046752639,83100608732
DC,70,NA,NA,NA,NA,NA,NA,NA,NA,NA,NA,NA,NA,NA,NA,NA,NA,NA,NA,NA,NA,NA,NA,NA,NA,NA,NA,NA,NA,NA,NA,0,0,0,0,0,0,0,0,0,0,0,0,0,0,0,0,0,0,0,0,0,0,0,0,0,0,0,0,0,0,0,0,0,0,0,0,0,0,0,0,0,0,0,0,0,0,0,0,0,0,0,0,0,0,0,0,0,0,0,0,0,0,0,0,0,0,0,0,0,0,0,0,0,0,0,0,0,0,0,0,0,0,0,0,0,0,0,0,0
DIN,71,NA,NA,NA,NA,NA,NA,NA,NA,NA,NA,NA,NA,NA,NA,NA,NA,NA,NA,NA,NA,NA,NA,NA,NA,NA,NA,NA,NA,NA,NA,73725921907,83067232025,78247951348,77142874965,76355651287,74061349943,76194765032,74466608894,74774044944,72936415216,84220360320,80348305158,76778403617,74557766786,75433044261,79953143217,77184339964,76504764940,76588058744,78312649451,75053284598,76346051066,78726776610,78271847644,75948542988,78861684796,77024937723,76197137193,79117369880,76123646081,75157616809,77528792252,75586668792,73904046988,76986022743,77635344975,76075198046,74782585905,74174739560,72176256684,72741070581,85407901721,80091970347,78788773538,78158799532,77856985470,77106508236,78894080340,76548797814,76010759629,76457028218,76497046489,78726428038,79084684205,80348495906,78829408936,80286627118,75470338156,75346648644,81910341315,81383245640,82159148246,79553956538,78445400349,79675046210,77599358418,80667380143,79792972513,79267946716,80089106283,80116283048,80587300867,82946596158,80319320299,81111284176,79786564858,81303007826,81633637127,78289412536,80950383098,80474233681,86017813439,83619799115,82642948485,83283216841,85412297810,96806413239,92791873291,99430272785
