Year,POB,KWH,SWH,HWH,MWH,FWH,BES,HAS,HOS,RIS,SBA,SBB,SHO,DEO,PEL,PES,REO,DEL,FLA,LRD,SSK,MES,GRH,MAC,HAD,SAI,RED,BWH,SSH,NCO,PCO,CAP,PWN,CEP,KCR,SCR,ZG,ZL,ZM,ZS,DF,PS,PL,BC,BD,BFF,SPO,COR,PB,BB,DR,DL,DC,DIN
1980,158.946911,131591.4695,111183.7422,111829.4758,740509.6519,798008.0132,4829.894405,22758.19817,88136.80321,4696.912686,1563.722866,16705.02911,27477.98991,1385355.82,1271226.952,635305.0674,321006.9244,77588.29485,88364.10231,1460484.501,283483.882,15047310.86,1070452.63,5168298.525,70493.78408,2127020.385,2912984.474,7310678.551,2840675.949,4201170.935,2805796.932,4437031.175,19353380.58,43806620.18,5582.666938,91214.73504,6828658.954,1155818518,393313667.2,23986651.75,20508650.93,8178408733,5532255040,4147513.57,7050121.853,9421586.993,9889610.866,10438678.19,2226348314,8001134870,3121618342,19713113884,0,73725921907
1981,159.051093,131668.2266,109466.2792,112464.6246,741694.8013,797538.469,4890.439735,20822.0326,85780.06578,4697.554689,1556.458647,16860.30567,27301.57823,1386748.954,1278799.368,674459.4954,289776.4543,77938.13882,89047.70855,1511067.311,293331.9754,16297066.33,1062427.285,5213277.659,67715.77419,1562826.089,3017733.298,6785716.398,3093564.15,4276349.797,2870444.274,3489253.639,6091585.11,43568252.75,5570.744208,87007.54236,6802294.595,1134789703,534162274.4,29128413.92,2695233.868,76945103.66,4469148505,4172359.032,7281506.771,9698665.401,9916658.731,10625452.93,2403442595,8383052977,3273801061,20361699640,0,83067232025
1982,159.645056,133280.7448,107959.4145,112241.2751,739389.2475,795326.3497,4978.799646,18990.76504,85002.55086,4701.617406,1549.267584,17080.52782,27305.36389,1385068.402,1298546.914,713906.6648,263555.7906,78230.29921,89918.60104,1560576.534,303949.6161,17409271.08,1053019.399,5254338.373,69555.76728,1146038.225,3099103.157,6780900.265,3484293.186,4106481.496,3041645.645,2957412.289,6693765.072,43788047.12,5557.94204,84543.13997,6789772.468,1205241440,647173125.9,37236582.04,422758.2363,99893702.56,3971180996,4196975.857,7520928.581,9728806.873,9921968.774,10705675.05,2378310066,8772142945,3413633631,20918400885,0,78247951348
1983,160.402114,131079.2403,106682.7082,112035.517,752110.9946,805295.4229,5041.101215,17435.51471,84309.40874,4701.748053,1541.290887,17226.32514,27360.77227,1392532.845,1320486.345,752592.9559,241467.973,78101.08962,90379.31588,1614266.414,315419.9769,18241331.23,1044237.59,5285340.736,99390.38597,896058.467,3000175.837,6818389,3782068.996,4191518.547,3168919.867,2463157.327,8358604.063,47328924.38,5543.445939,95373.9774,7189654.771,1219457099,696827310.6,38601221.78,67416293.1,164055010,3665045484,4222204.565,7774226.737,9801631.062,9926513.96,10711412.93,2500327783,9189023946,3570653014,22239023019,0,77142874965
1984,161.181895,128347.5998,105307.7122,111949.3206,741738.8987,797154.3429,5085.65995,16085.46406,84162.65437,4707.115943,1528.918563,17316.73059,27194.12199,1388210.957,1341272.276,786707.9341,220177.2451,77715.24637,90429.87335,1663362.913,327667.1202,18477345.64,1033776.994,5311143.859,131244.8488,640336.8803,3015487.425,6804491.942,4074862.587,4312967.713,3236423.356,2133401.133,9338068.587,45953633.5,5524.349998,93595.27311,7190425.633,1140267806,731997214.8,5532781.745,7880336.312,282301516.5,3467656353,4248016.232,8043254.648,9862991.081,9931518.36,10686441.68,2460709123,9655144866,3725621519,23236355002,0,76355651287
1985,161.888511,125888.2923,103948.4576,112087.3324,736249.151,792013.6604,5113.410825,14924.24256,83805.75229,4705.584096,1519.202903,17339.1859,27112.38592,1384004.531,1352172.313,812538.8689,202013.3188,77356.28237,90167.35842,1707058.381,340435.6814,18510408.28,1024122.902,5347056.257,148035.8177,519027.8984,3060074.55,6723963.946,4315930.481,4514766.181,3179749.472,1987936.318,9649727.607,42736187.79,5482.210058,89999.3434,7164271.536,1179373666,637027472.8,8928448.038,60695083.23,502096968.1,4927990728,4274142.549,8326933.792,9929745.403,9935232.48,10651592.02,2678770102,10142657871,3911314037,24538821739,0,74061349943
1986,162.756744,123625.1729,102746.3196,112518.0569,735559.7347,789820.8466,5155.675214,14057.10365,83599.08957,4719.413907,1517.143215,17447.40605,27266.65203,1384419.881,1463855.675,833534.8231,185572.2763,77641.41615,90373.66397,1770050.75,353978.2239,20189857.17,1021692.119,5440223.008,143840.3884,502287.7579,3018744.762,6418195.189,4526260.166,4683890.831,3359888.299,2160471.565,8970166.231,284200137.9,5432.167523,88803.27024,7129247.593,1282853031,873374280.4,9781781.493,835289.0795,964722707.2,4081685354,4300202.497,8621268.172,10240369.07,9959527.763,10870462.15,2860711261,10635466879,4099288103,25473841635,0,76194765032
1987,163.690986,119586.734,101790.9603,112824.6673,731578.1917,784909.3471,5182.699579,13218.82366,83318.77712,4734.568464,1507.645706,17459.42768,27179.4156,1377992.122,1551675.555,847305.2522,171204.6784,77654.87235,89999.87597,1806126.105,367543.543,17092957.4,1018679.48,5387168.463,110014.009,460877.6095,2988490.52,6277518.782,4617160.05,4430855.638,3444425.081,4354298.699,9693020.236,291282381.3,5392.270029,99336.56141,7113030.28,1297161159,634078023.9,2513151.313,5122857.692,3132628625,4484003404,4326922.293,8933698.005,10347061.3,9966959.627,10900146.13,2798552725,11107556805,4269835387,26211384783,0,74466608894
1988,164.594485,115582.144,100970.3645,113359.4276,729609.0649,781401.5444,5204.150729,12518.37574,82913.17664,4743.547365,1501.465365,17456.96429,27203.20793,1374351.372,1474029.058,854576.7404,159324.076,77619.37682,89682.36648,1844195.526,380914.4583,17082258.7,1017704.098,5342539.22,86039.86099,392871.2777,2930984.868,6183578.598,4458974.575,4280582.89,3421758.713,3555331.686,9969786.393,50588098.37,5359.51528,97259.28288,7089021.165,1175915059,751936250.1,16372161.41,2099602.336,4944681792,4606837395,4353988.605,9263156.906,10420950.74,9974594.314,10941840.26,2777092466,11585540721,4444289358,27197784053,0,74774044944
1989,165.337447,109846.5791,100388.227,113904.6533,726851.0413,776871.8197,5213.776532,11931.99125,82380.08288,4743.116086,1495.147176,17485.7335,27132.64479,1369330.35,1434740.841,862747.6018,148909.8108,77597.03128,89571.55899,1871665.181,393868.1549,17343680.55,1015541.302,5357541.179,76470.31694,325774.7434,3165838.225,5977879.252,4498591.709,4375836.529,3221658.338,3235014.078,10162898.62,49460557.44,5331.208238,93577.42281,7066311.891,1178445778,558606032.6,38620842.55,20020759.99,8483052156,5526318928,4381432.284,9610995.431,10477707.78,9978322.03,10935889.22,2637760766,12020158027,4606722307,27841453841,0,72936415216
1990,166.093056,106416.144,99777.34383,114324.3769,723042.4721,771268.7108,5221.980388,11428.8251,81918.041,4741.823559,1486.927358,17481.28737,26979.31071,1366525.253,1427653.926,865164.3532,131975.1789,77399.86689,89064.23976,1902771.771,406172.0896,17872195.09,1013468.705,5360627.526,255958.757,300352.4549,3147857.71,6028984.515,4640855.391,4848798.724,3159349.694,4532269.862,10991204.29,53859674.14,5304.808588,92995.28916,7036412.344,1305154729,651605133.1,59591491.37,856060.8807,819323350.3,4587058442,4409074.946,9979577.539,10792071.91,9999261.52,11154683.56,2871356114,12407817311,4796218462,28823882217,0,84220360320
1991,166.897579,100017.1297,99250.2377,115059.0912,722693.4788,767549.3709,5234.936291,11088.92158,81398.67337,4736.996663,1488.092602,17485.23464,27077.5563,1365190.527,1415148.532,865148.6202,127658.0993,77133.8129,88850.25249,1927882.793,418016.4142,18328131.52,1015387.602,5303459.586,487428.9235,296087.704,3157810.132,6611151.971,4699482.415,5373208.691,3035070.143,5030212.446,12127480.48,57631032.06,5280.222897,101909.2086,7317706.835,1353600192,738353259.1,9405850.855,2729896.52,52988183.97,4154953982,4436939.523,10369395.03,10837711.72,10004437.06,11317274.52,2890041678,12823261966,4969075195,29282294695,0,80348305158
1992,167.62142,95049.10059,99624.18099,115715.941,719395.0565,763294.0957,5236.358868,10723.4221,80783.38306,4724.540934,1482.567573,17402.10041,26930.12523,1362129.395,1402611.53,866873.4866,127588.036,76774.1192,88589.28065,1946120.148,428801.3694,18493203.99,1010052.19,5244249.223,620031.4737,304482.0961,3170493.238,7066030.158,4856921.23,5291997.217,3126285.015,4791696.627,13367074.85,52120816.77,5254.326975,99123.01235,7311189.368,1293471862,720382159.6,38553277.92,86017246.67,107293521.3,4474648655,4465512.485,10784750.57,10906481.09,10006801.25,11325940.78,2813716766,13178617070,5133129871,30166361960,0,76778403617
1993,168.42387,93458.86744,100077.9445,116745.3317,718706.5882,760383.4786,5255.850109,10531.32859,80220.88357,4718.931316,1484.539445,17372.24937,27055.89958,1364820.689,1397589.62,865070.7659,127341.4027,76842.88503,88536.18621,1961746.736,438717.1469,18960103.94,1004543.903,5112332.875,699467.8443,307076.1744,3088635.749,7434117.343,4787758.671,5574726.588,3173146.404,3676783.611,14022732.23,49780005.17,5223.658168,94841.1489,7280426.726,1269227277,825590408,27453356.55,33278674.22,265465418.8,5487802167,4494303.66,11222877.38,11004083.33,10014949.04,11319321.81,3057734808,13560384766,5315924839,31585169612,0,74557766786
1994,169.378369,89700.94971,100328.974,118111.2441,720066.3491,758521.0119,5284.5874,10413.73405,79798.92839,4727.770165,1491.796088,17418.41181,27322.69602,1365302.362,1450390.628,863977.3151,125214.6607,77094.31184,88630.44926,1980685.562,447832.1542,18484905.14,1012416.084,5026260.543,670038.6233,306127.6706,3148385.765,7841183.105,4534920.13,5363552.594,3281020.67,5340024.534,14178968.48,86860060.42,5164.404271,91741.38806,7271369.137,1259465378,507029340.1,25932284.14,27206284.12,773067239.9,7466761643,4523118.883,11686154.7,11045749.49,10022459.08,11286193.88,3015439397,14000782156,5495678131,31762710385,0,75433044261
1995,170.386545,85819.35338,100158.9842,119676.569,720780.1205,756531.4687,5311.026234,10337.03165,79374.87111,4738.826039,1499.853507,17488.61219,27520.20407,1367883.581,1472271.824,865650.6273,126798.4856,77388.22701,89020.03768,1983702.758,456129.3689,19159858.24,1017594.079,4897949.954,549582.8672,311680.3535,3138828.916,8052800.46,4157799.046,5072737.81,3291772.25,6537610.557,13291172.6,84602124.64,5079.892391,90941.86568,7255867.164,1357117645,689679408.6,60725242.65,4158062.216,62763550.48,5073015290,4552229.624,12180139.74,11477260.29,10048758.42,11623052.15,2953871655,14397501820,5666881451,32651220609,0,79953143217
1996,171.260347,82790.88566,99941.08401,120906.3883,718001.827,752663.9545,5328.540081,10250.91504,78925.1847,4747.543616,1502.477053,17547.1563,27568.15063,1379139.118,1432142.107,869740.1464,124970.7281,77747.99726,89467.56034,1997808.48,464086.9551,18680514.15,1019889.64,4854941.837,399330.6454,329470.7969,3370238.067,8105757.643,4000792.366,4796292.194,3446111.012,6173747.743,17846969.85,47185257.17,4998.909973,96924.87878,7248728.185,1275429384,649834508.7,20755855.8,35900850.75,45455092.58,5537956233,4581811.999,12706548.65,11582978.33,10055276.51,11645048.45,2756934061,14836395885,5843519697,33176889644,0,77184339964
1997,171.934317,80598.08822,99585.97415,122504.3932,738662.4264,764031.3871,5331.209028,10125.77855,78403.38477,4746.481219,1498.957173,17565.31258,27457.62076,1389698.44,1413995.09,877581.2668,122797.6254,77794.16262,89922.91462,2009192.296,471658.4648,18683204.95,1029246.716,4867842.76,269414.3349,370320.8743,3212615.924,8467209.344,3469385.419,4461713.807,3557982.533,5602769.241,14375654.34,52206469.95,4923.485639,96965.52894,7660700.094,1274485420,809394843.2,29527503.23,2137015.28,57958833.99,6165569983,4612283.58,13275068.87,11669455.16,10058975.72,11723918.56,2802275014,15238375776,6027035995,34247998407,0,76504764940
1998,172.48503,77914.71813,99073.5101,123244.0436,740257.9279,764887.9362,5330.569692,9948.130702,77868.53535,4740.610024,1488.070823,17516.60467,27181.81614,1386095.077,1393977.059,883121.8529,115046.1664,77556.57669,89987.37357,2011359.102,478698.3828,17975173.33,1032186.662,4802261.563,196881.7793,411498.0466,3154957.942,8406897.468,3006110.23,4267027.357,3705848.713,4501294.525,12369564.75,48986984.88,4849.059728,96637.40057,7651530.108,1265105898,553580414.4,31244134.42,685620.4935,79060919.91,7351296984,4643340.758,13885799.18,11749491.03,10065686.83,11755453.77,2751003881,15685417657,6206464323,34628563888,0,76588058744
1999,173.135734,74869.1332,98783.63677,124360.2356,733142.0383,753862.4808,5346.530123,9915.042431,77418.52445,4742.179813,1489.163709,17554.11399,27314.23629,1374411.034,1375977.959,885268.9192,105201.6585,77558.75844,90381.30842,2013192.569,485383.6112,18300326.94,1023377.869,4782904.455,202493.9241,450979.7694,3096926.743,8233977.549,2645183.499,4311146.483,3704264.061,5055497.172,12256970.9,46345201.61,4763.318038,102227.0136,7638943.173,1358561523,705663856.8,48456908.13,2604737.797,126773749.4,5618170462,4674615.681,14533237.88,12200948.64,10092212.57,12111606.82,2728917450,16122499569,6392192870,35883323810,0,78312649451
2000,173.641319,72295.63044,98378.63548,125605.83,731357.8373,745908.2385,5350.013267,9855.748464,76867.53728,4737.107818,1489.510683,17521.19749,27301.47153,1368548.004,1371353.408,883021.5956,99291.0762,77620.24959,90294.04739,2017014.38,491986.7166,18177002.57,1024934.148,4734422.056,230456.8277,501140.1194,3202098.437,7972632.346,2340318.366,4450543.415,3717637.198,4666187.539,10765335.74,47133315.58,4612.807863,99889.28122,7627941.24,1294916087,835042173.4,17054257.5,3214289.272,261899564.1,7215947287,4705956.709,15218303.57,12289130.86,10099417.59,12328971.35,2824641835,16573716662,6582862116,36551026521,0,75053284598
2001,172.617151,70857.1118,97921.79378,126083.1894,721107.3287,733544.5818,5275.871444,9639.118307,76539.45491,4702.384328,1471.827596,17210.83137,26775.22177,1353810.68,1385118.77,886964.2283,98521.14019,77060.55327,89063.51873,2016596.385,498512.5396,17486516.57,1016417.402,4688055.575,245244.872,558621.2328,3100059.801,7746794.068,2158896.993,4539880.612,3643767.012,2964182.183,9013848.502,51388332.12,4176.312767,95232.25823,7609071.465,1235842093,704528151.2,8476470.526,139088887.9,604399989.7,7998986892,4736873.796,15946822.84,12380790.06,10102772.78,12330439.02,2442661257,16907797167,6726598705,36612872217,0,76346051066
2002,172.168524,70993.07599,97419.80983,126561.7545,713822.0177,722790.8105,5259.527282,9537.870976,76177.29517,4680.204347,1462.888598,16945.36009,26580.68032,1348766.727,1410602.226,882744.0067,98231.21808,76435.01605,87998.36063,2020859.446,504821.9616,17031523.28,1016621.094,4628952.691,242157.9862,614654.9375,3212993.116,7861343.42,2005138.933,4597622.832,3696437.976,4561062.723,9180949.513,58031184.82,3683.892347,85849.48297,7987928.153,1344637325,475825593.6,16337493.07,592940.5868,1071850518,6187236498,4767917.355,16726409.85,12475674.1,10108177.15,12308223.72,2516243949,17256221367,6902055766,37278866230,0,78726776610
2003,172.0295,68614.34122,96986.80254,126943.2043,707193.5988,712791.1601,5259.898504,9371.112653,75889.05008,4668.858701,1447.339688,16793.66832,26209.2558,1347167.098,1400418.269,876144.2416,100010.749,76278.66421,87566.75742,2014908.843,510646.1982,17411779.97,1017893.625,4605649.921,281067.0416,669471.7764,3154808.832,7601044.521,1966204.944,4637212.649,3724307.561,5435876.744,10170214.76,52537555.42,3277.843498,79933.97324,8008145.795,1348391486,633548728.1,55401128.21,1802657.766,1551359394,5717065155,4799177.615,17558669.61,12988841.81,10135021.82,12774098.52,2496686152,17664739794,7086880432,38244567812,0,78271847644
2004,171.95965,66892.93251,96704.22474,127709.4022,706619.7231,706262.4554,5251.527107,9357.601772,75512.87534,4654.47189,1445.767173,16671.99819,26296.76754,1345832.169,1394813.117,870538.3186,102340.2283,75969.86997,87091.10314,2020098.151,516592.5921,17386912.86,1008275.573,4597175.476,321852.3753,729923.9885,3130454.597,7217171.172,1954400.574,4579757.58,3835993.628,4770267.627,11638259.99,48844919.39,2954.314744,98784.5364,7992404.297,1355806985,683998581.5,66855546.76,591063.6194,2147016898,6956559332,4831152.751,18448523.63,13131420,10143324.56,12846710.22,2540796296,18086448299,7273985743,39206213079,0,75948542988
2005,171.887175,65266.44513,96396.70094,128189.8165,705086.4653,701198.1777,5244.974038,9319.073751,75166.81953,4641.477704,1444.644451,16563.01677,26274.72624,1344636.246,1396270.919,865474.9275,103656.1129,75738.00293,86670.85061,2026336.379,522339.6229,17784254.01,999810.5568,4611604.013,395691.2714,787469.1383,3214737.053,6874029.678,1888468.901,4458656.334,3662208.99,5088764.384,12352478.1,51481418.45,2702.380778,105558.4962,7968107.892,1259344328,844052829.3,34537221.92,1580077.743,2541245029,5611267892,4863541.992,19399139.88,13234318.57,10153122.87,13019178.23,2506838493,18517155869,7456963509,40020339428,0,78861684796
2006,172.319515,64126.58332,96198.53149,128905.7129,707903.6941,701275.0047,5280.852504,9060.339561,74745.61298,4647.951077,1425.922633,16585.03574,25637.12955,1348893.313,1392174.912,857460.2132,103367.9814,75946.81227,86996.76219,2027748.449,527446.1667,18155199.68,996344.6111,4669522.276,530069.536,788653.7583,3179249.88,6508530.4,1835638.47,4628068.455,3543425.23,6026010.48,11888336.06,51365476.97,2519.765898,100145.3091,7969250.695,1298587571,687525920.8,31751056.45,6726284.871,3143243295,5708576974,4896361.301,20444165.3,13342774.61,10158714.75,13011440.57,2559719319,18935134388,7643873036,40895298237,0,77024937723
2007,173.0645,62426.88704,95942.45462,129360.8917,708858.1609,700805.7162,5301.29172,8887.93876,74457.76078,4652.501341,1408.358718,16594.12712,25172.31816,1346509.927,1390321.857,850624.0573,100989.5172,75592.56586,86817.56455,2026579.879,532195.6694,18322745.56,994182.5495,4701766.755,657241.3278,793168.4402,3089165.069,6091912.485,1732884.845,4899333.111,3503430.315,6604613.683,11785720.43,51082259.27,2365.252545,94914.83919,7950567.447,1421785616,770310663,113550423.3,6985915.271,3701717849,6236414951,4929989.133,21588281.16,13894529.15,10184445.02,13487029.72,2517361903,19349183009,7830068270,41557888546,0,76197137193
2008,173.493816,61779.70068,95715.37286,129639.8194,707496.3033,699558.0647,5279.839639,8786.579544,74154.76698,4637.781097,1395.047835,16566.75616,24967.08435,1342424.93,1390598.44,845276.5787,98368.81417,75085.56911,86420.43553,2028311.323,536684.5111,18342691.32,995182.8016,4784158.406,760058.3697,784739.3522,2953198.738,5781868.811,1606689.828,5280073.513,3618123.28,6121693.695,12380606.42,55649626.29,2220.615464,113998.8337,7932439.953,1374669547,743358079.6,36595685.69,4704098.635,127878144.5,7644869358,4964579.936,22832979.2,14000028.47,10188738,13747621.69,2401517893,19682689252,8005099372,42000522216,0,79117369880
2009,173.866257,61545.74967,95570.20181,129748.9214,703782.9271,697024.9323,5273.081668,8657.326988,74048.62778,4633.256769,1377.726072,16524.58126,24665.58622,1343858.989,1386460.361,835333.563,94538.98014,74435.56785,85806.72665,2024502.683,540603.1722,18480003.94,998712.5643,4802415.522,810260.4805,783606.3116,3136339.555,6010290.995,1501264.269,5575824.502,3668626.698,3861336.351,14321547,59751381.85,2031.453928,114392.4153,7917131.971,1242682188,732360669.8,4856916.558,1977695.585,192209336.4,9889142072,4999597.515,24179816.11,14113019.03,10196111.45,13769911.56,2481081273,19967967550,8174245704,42576386548,0,76123646081
2010,173.833865,59220.95336,95577.28938,130052.2475,701400.2518,696692.7971,5239.581719,8492.865853,73821.28796,4615.349775,1354.921961,16473.08016,24177.08135,1346635.861,1382586.917,827198.9781,87419.44096,73927.7191,84999.55351,2019184.862,544102.4063,18925126.04,997190.1229,4816565.113,783965.0661,746920.241,3181280.898,6410398.139,1443762.516,5764675.618,3729522.778,4664474.912,14510855.13,61261258.23,1702.796499,107826.1514,8340303.535,1250262335,722986877.8,33906991.59,7894072.525,447193220.2,11858026379,5035005.029,25623682.14,14657766.03,10214016.35,14255936.35,2856005884,20300473231,8372069963,43823240236,0,75157616809
2011,173.863095,56800.79317,95404.84815,130193.3175,699100.193,696278.2879,5233.034889,8396.653037,73734.0733,4610.563131,1335.797917,16510.17727,23884.31707,1357099.477,1388235.296,827216.9502,81641.25305,73749.3939,84962.54772,2017665.689,547960.4342,19160464.64,999729.2391,4877362.056,650556.6273,726521.1294,3418218.672,7546831.171,1458247.933,5909779.253,3775615.052,5534174.759,14855830.13,58160189.61,1392.662211,104397.9824,8325571.414,1365762610,766507236.8,134630248.4,5404004.337,132290507.9,10850000088,5070639.589,27161582.11,14780823.14,10221933.25,14551494.17,2941858943,20686956801,8572106848,44873651175,0,77528792252
2012,173.830369,54647.98026,95265.67894,130573.8467,716890.2786,709143.6953,5221.255979,8332.218968,73535.91254,4603.661672,1320.122813,16523.19617,23755.6677,1368409.073,1385722.154,830476.6254,75246.69543,73608.27553,84855.63603,2013289.238,551502.9632,19580027.67,998071.4941,4921859.263,513324.8981,702069.7329,3344162.137,8332284.486,1478617.071,5961984.868,3578218.356,3602204.324,13132186.04,55184967.72,1153.713025,122361.8834,8324503.711,1348181295,920932243.6,41927834.53,12460079.5,125088855,11349882148,5106615.564,28791780.41,14918622.96,10228935.31,14582720.54,3216318166,21103434752,8783498631,45917327510,0,75586668792
2013,173.665378,53595.20203,95051.03199,130731.1533,709773.9846,705080.4355,5200.275008,8242.386456,73251.46078,4585.159957,1302.262419,16579.22397,23538.56292,1369620.278,1393896.042,839831.4198,68392.16488,73468.01676,84764.67483,2006167.304,555035.1313,19070325.38,993681.1898,5008718.805,429661.8798,724019.9292,3441527.501,8807379.284,1521594.489,5958184.786,3508630.512,4022791.895,12299567.38,59414182.28,959.722539,120904.3422,8733234.456,1470807663,690491780,13828388.44,222952199.8,147296323.7,13114515012,5143187.922,30548009.3,15514060.94,10248708.7,15141302.82,3103769875,21437070541,8968516571,46586968333,0,73904046988
2014,173.584268,54007.99158,94850.68676,130697.876,703876.9742,701099.943,5184.207989,8139.513757,73105.09762,4572.530888,1282.265016,16602.68742,23213.02254,1371654.505,1441364.571,849902.7394,64598.78391,73325.99492,84596.79082,2014614.417,558689.6653,18172334.57,990656.8578,5043480.008,378184.3884,762548.9183,3273263.813,8773320.704,1597728.313,5821347.789,3603819.764,5445939.649,10950816.01,70746096.2,802.674493,115264.6815,8719965.896,1315274522,611646356.6,18016046.47,4737058.246,162642541.4,12284451696,5180569.739,32439192.8,15593876.91,10253864.2,15472156.66,3252979376,21747428799,9161352251,46980274376,0,76986022743
2015,173.731441,52406.68447,94894.34365,131076.818,703344.1608,700244.9743,5188.717796,8118.6671,72992.35045,4567.417866,1271.036918,16703.54745,23139.93452,1366487.636,1439818.968,857619.0775,62184.65978,73447.72227,84916.86033,1994855.631,561561.3041,18053739.71,990237.3517,5014791.478,369734.7765,777576.3056,3320413.326,8671927.345,1741122.773,5971311.916,3687947.357,4978697.639,9361958.591,61864449.96,680.894349,110187.5473,8714332.062,1341751013,694669920.5,79411204.61,13129232.77,286252451.8,11276307994,5217747.263,34424941.71,15740528.1,10259733.46,15493329.07,3265592466,22081483256,9351728615,47713235174,0,77635344975
2016,174.172266,50920.98468,94751.51437,131667.6933,704954.0688,700446.0982,5209.619332,8160.13325,72929.3416,4576.069204,1268.699143,16808.96117,23328.50797,1362660.581,1422301.146,862394.146,76965.01612,73849.53547,85200.97855,1980156.701,564437.1118,17854326.18,1018325.232,5201376.884,496220.9233,988501.1923,3274890.606,9872166.951,1992759.666,6844085.237,3744773.498,4444521.178,9421593.077,46683499.95,582.563652,112840.2533,8700910.495,1361782590,741323407.9,110182948.1,10506433.22,490358089.9,11096077990,5254739.684,36528279.64,16352769.24,10279315.36,16089761.58,3415884122,22455515600,9558049154,48791777679,0,76076947357
2017,174.327128,50237.16395,94542.96871,131238.6139,694507.2623,694902.4651,5183.84224,8061.631914,72714.93785,4563.091928,1252.775943,16780.77659,23111.32903,1348809.609,1419919.68,864861.8847,92778.41327,73786.36641,84770.77522,1959913.427,566935.0388,17528390.78,1035873.81,5405850.348,621828.5846,1252704.011,3350732.114,11054333.83,2228417.522,7253138.212,3650424.617,5158721.377,8850196.406,50397549.49,498.447013,117481.021,8689549.509,1379702358,704149253.3,68355333.51,6310401.132,1449011623,11706813917,5292707.295,38819572.52,16511458.53,10289170.7,16414098.94,3124351184,22798823703,9740809467,49021221833,0,74811232603
2018,174.553679,50606.43673,94505.38345,130868.5018,684758.3252,689801.8551,5175.704253,7985.228787,72719.26316,4559.470128,1237.200491,16781.48351,22869.51432,1344602.329,1418815.389,856728.8081,109796.9413,73569.59263,84091.45737,1939780.631,568957.0823,16627222.64,1052347.345,5550477.866,739449.3601,1566218.271,3218383.875,12065723.98,2493651.289,7682652.28,3621194.973,5600852.159,8123963.378,53607651.83,426.870415,116021.4868,8678242.971,1295133681,764356154.8,22694558.18,1327729.784,3312582155,12055287800,5331369.565,41291065.23,16630551.33,10295598.96,16457602.36,3098559195,23117148270,9926306599,49669851269,0,74210420495
2019,174.805689,49380.518,94642.45578,130434.9589,676205.6614,684806.7373,5160.742889,7905.906126,72586.48809,4550.240196,1221.704997,16698.31133,22619.35694,1337134.088,1416390.131,837919.9176,127253.7223,73122.87237,83090.36971,1913090.234,570563.2965,15688409.97,1064611.098,5683333.76,823598.5184,1934283.038,3196665.519,12914644.27,2701090.022,7931659.663,3584068.816,5276656.311,8384238.248,52567879.28,367.192682,109919.0754,8671585.549,1358402571,622872176.3,54342046.14,67340276.1,6789939980,12984730313,5370498.505,43946618.42,17251023.12,10310795.74,17107726.88,3363510708,23452598626,10140906939,50662212267,0,72031827749
2020,175.174125,48584.0295,94817.43716,130372.7924,672319.0563,682086.1327,5174.135888,7898.714555,72478.72264,4551.806145,1215.828309,16675.89686,22644.56686,1341460.381,1425821.759,814340.6624,145254.3755,73120.91412,82637.21551,1891083.091,571998.8872,13938456.11,1081309.893,5860285.049,1001186.129,2373411.487,3378973.975,13661579.08,2951623.062,8181317.712,3664323.651,4339052.201,8860622.316,55113985.35,319.670146,123754.5754,8655541.57,1428834869,482822742.7,80032599.98,179666384.4,9926621632,12814498349,5409373.808,46744681.21,17395945.53,10319346.18,17416603.09,3488388409,23822390470,10350250839,51667078727,0,72736704467
2021,175.607565,48678.11753,94864.54706,130625.1568,670664.1236,680160.7841,5186.920067,7917.524779,72337.32522,4561.062765,1216.248616,16700.9912,22770.23113,1339399.31,1461043.701,794883.738,163679.2211,73350.95068,82553.0455,1877317.361,574097.7012,13371005.91,1095454.104,6079425.288,1277487.499,2921541.26,3119158.088,14414697.12,3064687.983,8464158.495,3708823.279,2879343.775,8815004.565,68775008.44,281.305149,124999.246,8646658.265,1376501410,646304624.4,32636956.05,541368.8206,2366104913,10506594612,5447852.513,49721401.74,17912650.07,10337579.61,18091766.09,3568342275,24168541388,10564395361,51957320444,0,85106811189
2022,176.024468,49779.19326,94912.14476,130608.3413,665256.6732,676407.8546,5189.399673,7837.293081,72250.4247,4570.969366,1208.781619,16684.26936,22573.4405,1340771.891,1455015.705,766971.8414,184784.6919,73229.68565,81969.86663,1852695.144,575677.3449,12513141.08,1102382.435,6176442.389,1503461.293,3576146.202,3243286.948,14967133.24,3171781.23,8538478.681,3908546.172,2671372.083,10136912.66,65124360.47,248.62848,118093.2721,8671685.139,1356587950,697559093.5,34791471.92,33727351.48,282168350.8,10205592405,5486988.594,52950629.69,18088488.21,10343728.43,18547553.78,3578466624,24506634421,10766085870,52445751509,0,80958472751
2023,175.925258,49504.67767,94932.73749,130605.4408,660012.8467,672361.5917,5158.975094,7746.023906,72080.85581,4561.55544,1198.615771,16633.00768,22320.94015,1345557.213,1424573.13,736755.5668,206018.621,72860.3283,81218.19595,1839816.935,577482.1517,11829943.03,1102352.93,6271003.13,1706440.932,4343422.907,3163806.959,15471817.77,3270845.784,8354029.903,3853891.749,3966676.276,10010745.11,54137160.61,219.59396,120641.8736,8676173.725,1278755610,751498776.3,47909640.69,907838.6042,219695458.6,8435278028,5527246.797,56497140.21,18221965.48,10349327.29,18523338.51,3408204379,24858075881,10957311703,53097955946,0,80016776660
2024,175.79817,49385.01102,95044.05943,130521.5546,656220.4501,668846.7128,5145.373342,7693.295718,71792.61867,4544.115817,1194.696695,16608.58472,22214.03953,1349225.599,1402988.954,703378.5371,228626.789,72495.39862,80759.33467,1824226.491,579065.4939,10663397.17,1099784.345,6368633.408,1865588.592,5254750.692,3188926.013,15685256.36,3290619.093,8478082.601,3655229.475,3432517.15,11133499.85,59056542.96,195.52125,123327.3624,9169651.267,1485946105,670494282.2,118492020,225698252,265532072.1,8588722082,5568006.262,60328007.67,18833537.82,10369719.87,19210943.63,3602040545,25263009919,11189482218,54471438793,0,76570284828
2025,175.863286,48868.23375,95175.82157,130783.6645,655027.0115,666958.0452,5142.683786,7684.567423,71704.84934,4539.973489,1195.920931,16620.93159,22261.03865,1357711.431,1385010.07,668667.5515,254035.3477,72265.55597,80616.53621,1814891.979,580696.2477,10075815.04,1103215.689,6449865.315,1867843.743,6275251.866,3183626.481,15643825.74,3388506.347,8701939.642,3775432.817,2978623.259,12371311.75,61222549.02,174.730602,115456.9504,9651103.018,1503452423,827634884.6,13584463.96,11178324.36,278688290.8,7567516779,5609026.81,64411653.5,18965799,10380080.38,19232798.71,3458535886,25655118242,11397547679,55240069780,0,77469997268
2026,176.118677,48558.21956,95199.77486,130718.0011,651177.6659,663969.1201,5141.714779,7585.65809,71617.9417,4542.15258,1189.47572,16696.75263,22035.53145,1368127.232,1368262.618,642869.551,282935.6333,72174.7322,80698.36002,1800153.498,582365.9394,9380209.567,1103483.487,6548430.207,1807213.451,7501419.063,3433455.571,15640020.55,3487163.017,8718431.916,3750415.965,5629355.706,9075836.779,55149639.94,157.202681,107389.4953,9674680.093,1382818661,583676974.6,16193720.52,5069750.439,752943162.8,6974954512,5650188.675,68774487.57,19098575.85,10385993.04,19456455.88,3383369542,26079422811,11608940108,55273090824,0,78035257644
2027,176.022769,48159.64608,95119.24114,130551.4354,658630.9136,669327.7717,5124.762977,7560.724007,71242.37456,4529.15714,1189.231854,16766.10904,22022.61357,1383616.21,1354061.414,619143.8963,312707.6541,71966.24252,80919.05179,1786256.372,583925.2204,9158816.646,1099531.834,6671415.788,1757982.227,8837097.866,3328395.702,15657957.9,3526006.83,8591957.272,3777598.072,4230672.919,9663145.677,50729318.84,142.268587,99755.94777,9718976.524,1347369729,711350130.5,65793455.02,7389457.463,227964357.4,6149187916,5692135.425,73568053.26,19707366.98,10411285.15,20384207.49,2972693909,26452636821,11802957408,55572885091,0,79212896383
2028,176.287424,47834.47082,95257.89065,130558.8238,654990.6201,665297.1012,5136.179625,7555.655486,71045.89931,4535.353544,1193.524503,16891.37154,22132.04615,1392348.159,1344671.19,591975.7789,341541.5383,71862.17282,81376.50762,1773731.579,585650.3958,8538763.212,1101825.39,6734642.219,2028462.765,10278074.74,3309865.014,15620283.59,3521304.123,8669031.261,3811535.456,3106061.009,12546296.37,51227586.33,129.070892,115097.489,9740361.416,1413599042,674476189.4,96976786.8,4050786.317,238995713.5,7019490998,5734151.882,78724525.32,19792573.07,10415450.22,20820347.66,3065745316,26810852556,12013777132,56392134835,0,76815891275
2029,176.22151,47445.37392,95321.07592,130675.8216,650729.2497,661088.7539,5123.522623,7519.504445,70656.21411,4526.353829,1194.997083,16913.91917,22142.30647,1394771.844,1339562.494,565425.1943,372295.9955,71860.76502,81728.52604,1763689.683,587273.5292,8266812.743,1104070.569,6816329.532,2499641.031,11791034.54,3281462.402,15597022.83,3518684.328,8731466.837,3804458.965,4215416.963,13737142.78,52674381.74,117.805742,122543.2681,9731493.713,1393140808,824832182.1,83309506.14,7974255.599,204909936,5950670346,5776294.189,84286768.86,20398765.69,10435477.62,21638420.63,2785888482,27151088752,12202554942,56871874319,0,79064143004
2030,176.270979,47455.00205,95430.38113,130604.6369,645069.682,656649.801,5113.271358,7443.417873,70244.11222,4513.109599,1190.627651,16947.72549,21993.55192,1392371.495,1330722.185,527437.9483,398195.3399,71701.75081,81682.06908,1749827.231,588171.8482,7800907.647,1100914.107,6853983.597,2938748.823,13312158.28,3190584.997,15507614.77,3376096.655,8559213.57,3923472.808,6364034.232,11378525.53,54187813.69,107.845035,118625.1908,9806888.154,1339551164,572105463,45754077.22,2968454.071,240679430.1,6294085807,5819210.643,90330789.83,20483369.98,10441249.23,21762160.1,2788525651,27468297122,12400453280,57196582382,0,77945305619
2031,176.157914,47618.77322,95541.27003,130299.2181,640956.5632,653288.199,5094.214026,7378.861503,69824.23862,4494.284117,1185.094336,16868.16753,21874.61655,1396043.749,1318192.019,479670.3439,426810.9741,71357.99489,81142.09571,1736498.492,588951.6932,7714540.286,1098643.029,6831948.941,3300047.672,14836937.26,3250407.54,15400999.69,3134965.352,8529874.863,3860005.014,4188119.899,12164965.04,53448836.94,99.135426,126015.6417,9866402.859,1374441201,793171324.4,38110099.51,768168.5679,542178278.9,6668435442,5862895.919,96887659.65,20677181.36,10458101.42,21944507.57,3055636513,27810270694,12628488190,58374842751,0,76856726572
2032,176.139723,47069.49488,95835.74685,130177.6357,639092.319,651203.7455,5094.124086,7350.929366,69621.52719,4488.673092,1183.02508,16878.34303,21882.15166,1403285.76,1309237.842,433557.3227,453527.9724,71157.17118,81069.06814,1724456.929,589565.6816,7398463.873,1098987.716,6824191.561,3556376.599,16343048.66,3258843.121,15289248.97,2908835.686,8488725.126,4075069.038,3274368.005,13888045.68,52500181.75,91.396444,123765.1246,9884199.467,1385431264,543672527.7,77760624.92,645168.7129,1042578551,8703605003,5906906.085,103884223.8,21270502.56,10481525.9,22860769.13,2912195270,28169418249,12831791936,58501181462,0,76189232746
2033,176.2694,46685.94665,96089.7484,130144.2425,637017.7491,648319.4976,5100.900462,7303.40621,69495.45424,4492.102472,1179.762104,16851.88708,21838.40916,1404186.462,1304303.322,395032.1383,481016.5245,71268.63526,81296.0317,1712709.609,590110.8898,7494915.978,1100868.867,6861684.445,3536644.434,17750760.15,3207028.092,15228472.04,2592248.449,8586548.459,4197922.689,5103349.533,14919379.47,50594290.31,84.668904,126131.8566,9918097.731,1444756559,704312828.4,54612487.72,2929488.1,1686634050,8444466522,5950962.509,111413583.3,21445499.31,10487355.91,23232590,2746046521,28474878181,13017873113,59043830201,0,77412942904
2034,176.072007,47255.6225,96180.03413,129858.9548,630534.9131,643608.9693,5077.399555,7213.9891,69217.52466,4475.449393,1170.485277,16754.33176,21634.70717,1399451.548,1310649.655,355085.6159,505383.2321,71118.77712,80779.95536,1702816.826,590684.5351,7013037.191,1098639.21,6883738.32,3450042.278,19033619.88,3239369.948,15155927.49,2237646.219,8503251.71,4339888.277,3935762.196,13250244.59,55090512.12,78.687156,135696.3178,9945743.901,1293735985,585230434.2,9779683.739,287066604.2,500127828.7,6732234771,5995845.039,119569656.2,22005530.13,10507299.42,24146801.82,2844615015,28757197342,13220080719,59719443524,0,80344807820
2035,175.669319,46311.02098,96386.67681,129523.6256,626088.9941,639727.2281,5054.800297,7157.295783,68995.87667,4455.586168,1163.214876,16621.01167,21516.88425,1397336.984,1309691.794,317904.9915,530780.8176,70722.34915,80345.3582,1693337.194,591194.1167,6903098.226,1094971.844,6886336.811,3163458.248,20193473.96,3115436.283,15052577.7,1957359.776,8368321.118,4492289.605,3980447.963,15099905.68,58588161.15,73.202368,129231.2613,9960738.514,1362742968,675697735.9,62274848.44,646266.9279,668198248.5,6011674824,6041797.347,128534284.4,22160218.32,10515251.06,24544401.4,3013992232,29074335121,13437003167,60276952624,0,80226628527
2036,175.170536,45757.78106,96629.78368,129212.8363,621877.9446,636360.2659,5020.186802,7094.632837,68798.00854,4432.043648,1155.147261,16549.06195,21361.17449,1399561.761,1306135.759,288470.8035,556083.0183,70517.50953,80154.91702,1684764.903,591516.9599,6713994.211,1094531.146,6933563.749,3027728.607,21115174.68,3250823.741,14999075.4,1663206.367,8372059.658,4420153.08,5096197.189,18387253.59,60538976.26,68.301167,126342.7286,10592869.78,1406138582,530359152.8,18115040.15,62843576.98,1733604950,5959044354,6088637.04,138120688.7,22279142.64,10520106.49,24477131,2841171603,29350890510,13622109261,60387244414,0,78555129455
2037,175.181767,45895.0198,96891.97743,129053.0681,624891.7184,638747.3799,5031.187201,7047.172165,68744.31568,4430.935206,1148.850324,16579.59782,21238.98782,1407114.731,1301880.249,275539.7623,582462.9859,70484.31873,80437.29625,1682779.143,592398.6253,6807675.731,1096255.537,6991000.483,2937306.923,22275279.72,3276696.342,14970769.29,1411443.821,8420531.378,4474804.731,4452934.336,17725488.76,59630726.58,64.021486,119877.2033,11124717.68,1412831886,921220493.9,80249164.5,4360646.855,311276084.2,5088554865,6135461.243,148523226,22921140,10541320.59,25610839.59,2893608776,29609694591,13826320924,61319049306,0,81170325958
2038,175.172782,44253.23407,97042.83237,128745.0519,626387.2349,639486.6072,5031.23844,7036.854826,68644.87288,4427.339187,1146.572134,16618.19815,21259.61904,1409712.746,1294156.234,263684.444,605264.3519,70346.35997,80641.90831,1678714.971,593051.5374,6624357.458,1094377.376,7006680.323,2838727.628,23380651.99,3271750.782,14924983.06,1166666.589,8362602.918,4489221.9,3750795.423,20815508.49,52532282.36,60.188146,120306.6322,11185895.55,1353908158,503763613,56910710.47,507785.5322,690579591.6,4874366920,6182538.363,159646149.2,23037880.63,10551751.61,25602529.01,2866984331,29907436749,14021659730,61181324634,0,80777748451
2039,174.959605,43187.01788,97254.62151,128612.6822,622483.227,635460.0555,5022.359615,7036.824445,68562.40279,4422.796254,1144.918472,16621.42516,21289.85445,1408139.792,1283427.016,256107.9818,629500.431,70189.4113,80783.12666,1673560.51,593637.7347,6869821.931,1092546.008,7068606.393,2666064.791,24544926.43,3269656.136,14937985.22,954358.7153,8344163.07,4430393.274,5094869.541,23006242.66,49714924.32,56.664474,113818.0129,11279327.15,1380027812,653561886.1,82799699.33,1491285.92,1082132859,4074256362,6230414.682,171740293.7,23577713.44,10568172.5,27026474.08,2615364497,30170006136,14207901254,61545312689,0,80802174857
2040,174.761123,42989.57123,97314.78732,128206.4855,618264.0271,631398.2259,5013.707811,6987.919648,68447.22816,4420.064139,1139.280767,16624.2122,21169.46595,1407065.769,1275678.66,243899.2872,649239.7196,70017.18061,80506.14782,1668837.222,594019.8289,6706699.768,1089153.66,7063700.153,2212045.892,25674049.52,3283689.031,14898928.19,836742.2038,8284098.94,4582572.988,4353307.46,25660902.68,50463424.31,53.57034,115183.0625,11339352.48,1404494009,548800968.3,83530535.29,11151446.77,1677267084,4469639650,6278554.333,184761264.5,23711664.08,10581255.88,27461900.92,2595579348,30461789680,14410658009,62098635755,0,79209672643
2041,174.187654,41762.49904,97620.10272,127950.3363,615466.2694,628797.5934,4971.312937,6934.363987,68130.94543,4393.695592,1132.248031,16621.64836,20998.01038,1405313.287,1268322.127,228925.3512,666693.5627,69784.87379,80234.37843,1672202.227,594373.1887,6802968.991,1084903.771,7088165.49,2062320.167,26753511.9,3188355.012,14879609.13,655500.8255,8155293.078,4392397.502,4616837.197,28507401.97,53682128.61,50.775182,127997.658,11360688.61,1379729448,727948046.2,38883320.93,1815668.744,247787156.3,3314243169,6327774.816,198659693.4,24237524.23,10598899.93,28560244.89,2401411727,30715532387,14596533282,62535817808,0,83176699794
2042,173.789411,41446.60293,97879.09657,127897.2562,614943.669,627757.2504,4963.938118,6975.838503,68035.67274,4382.731156,1134.018265,16636.03549,21146.18482,1408916.551,1263075.486,201544.5644,680930.9593,69788.20101,80076.72982,1670311.509,594099.445,6616533.412,1084501.544,7035374.719,1944371.844,27573889.87,3363717.525,14808398.78,455768.3859,8257633.898,4155619.827,3440055.803,30872007.01,54257534.71,48.305456,130526.9758,11457726.36,1327471482,557954041.7,47581230.23,436700589.1,318826947.5,3097895394,6377048.838,213497851.9,24384835.27,10609369.2,28579366.77,2449850365,30991550822,14792603996,62961473563,0,80679523414
2043,173.416712,40416.70936,98165.07829,127782.2622,612323.5025,625244.1563,4951.132591,6944.471008,67888.73102,4369.393595,1129.013706,16557.86639,21067.55395,1407344.3,1257012.661,176178.7181,695283.0081,69688.35764,79846.43196,1668617.572,594073.756,6725089.516,1080886.719,7034014.559,1841797.98,28390122.14,3225547.329,14793796.91,283112.8509,8148495.98,4069134.495,4285238.526,31193264.88,52805583.53,46.039531,123514.797,11487170.41,1335715845,617661099.2,79289094.28,9800674.189,436043223.3,2796742109,6426912.536,229711604.7,24557451.92,10613924.35,28483518.24,2454247775,31223336417,14989203799,63370563806,0,81203700310
2044,173.370618,40337.99506,98427.80152,127635.1724,610844.2984,622978.2062,4961.79849,6942.614446,67786.64062,4370.628327,1127.051462,16528.86695,21088.14219,1408563.955,1254333.063,149881.2556,708691.9559,69719.64533,79559.24407,1664004.235,593796.8653,6545885.416,1080914.456,7005625.416,1734704.709,29068569.96,3275511.177,14740971.23,170308.9379,8331568.331,3975922.299,5089329.574,34908015.09,52727702.72,44.015603,131843.8055,11553738.45,1470827300,551400877.7,49553226.09,5524274.899,226474421.1,3623757667,6476711.925,247057679.6,25108188.37,10645132.81,29739103.46,2582419935,31482111003,15189891309,63891000894,0,79632363425
2045,173.299061,39491.13295,98868.69302,127440.6853,607641.7244,619448.008,4960.844645,6902.486643,67695.73684,4370.170742,1120.669769,16422.45285,20955.96641,1411296.944,1255586.508,126323.3132,720832.1772,69630.30498,79378.26618,1666922.381,593962.3286,6632725.627,1083525.095,7010514.286,1633272.96,29694691.41,3104548.916,14752346.15,88306.22153,8295514.795,3940787.956,4463112.447,36707806.99,58079092.34,42.163055,133467.9722,11588151.08,1391207271,689798915.1,39938864.1,5730693.959,255014905.3,2670755526,6527145.802,265887808.9,25281991.77,10653253.75,30170927.97,2344857229,31712485239,15369232276,64097644496,0,82086592781
2046,173.465022,39143.26506,99162.08679,127611.2814,609271.3852,618658.0654,4994.433497,6978.239449,67673.11618,4387.442897,1127.059414,16454.14711,21236.62714,1414384.105,1260021.69,102640.7062,733003.1298,69823.84317,79667.88988,1664528.278,593850.876,6498838.539,1090843.332,6980421.195,1493786.459,30142165.34,3176901.903,14713888.02,35697.96538,8449198.445,3862138.737,3566203.848,38723087.84,58822593.35,40.577426,127446.5882,11707871.02,1455112105,483015101.2,93674973.9,616690.7431,329626792.3,2906316341,6577153.403,285776791.9,25679479.04,10675465.5,31468251.22,2419755997,31958467380,15563645173,64408063818,0,80957735929
2047,173.569969,37964.90359,99669.80654,127560.5989,607661.4581,616585.4413,4998.222841,6954.152894,67496.31867,4398.782507,1124.664215,16436.06787,21202.17538,1416483.317,1267341.97,83724.35411,746212.4723,70053.69526,79754.95109,1663428.13,593903.1516,6748503.071,1096060.142,6990414.905,1265853.598,30506147.18,3271504.64,14744266.88,12692.41223,8632122.103,3923551.341,4659735.187,38519590.33,58094674.11,39.147165,137690.5204,12505463.91,1616283238,563253125.3,21249188.95,3844326.494,728927700.4,3084892279,6627454.645,307152693.7,25896404.73,10686685.05,31619306.19,2226304524,32180224695,15746402937,64766994900,0,80589575690
2048,173.522957,37688.6743,99949.52157,127397.4399,606331.8233,614697.4565,5005.00729,6972.758048,67359.55275,4407.686806,1126.594747,16435.22157,21296.3956,1419923.911,1276845.54,67633.12828,758167.7473,70244.75665,79832.73067,1667793.936,594067.2327,6712970.908,1101236.828,6964203.187,691520.2186,30819331.45,3282549.959,14754371.74,4149.361095,8733294.505,3859206.618,5045764.897,39855393.29,56889766.67,37.853807,135112.0335,12561556.13,1398862891,535829353.7,6151566.564,1725037.545,1104844607,3609774307,6678232.055,330351653.4,26325803.68,10705893.86,32828643.34,2261429761,32408729417,15938347302,65032982672,0,80382374554
2049,173.388705,36754.06265,100186.2685,126906.5653,601697.9829,610704.796,4998.748498,6958.648814,67177.85863,4403.200521,1124.884957,16418.55127,21265.8471,1423607.219,1277938.911,60804.41122,771467.6024,70048.42788,80066.7762,1674354.843,594865.2195,6887750.059,1097339.798,7007429.474,566840.9245,31489835.12,3348007.08,14795442.06,1512.564976,8577686.666,3844081.029,4016159.146,38087722.56,54470883.82,36.661534,124930.5741,12600641.74,1417471417,690627048,81905312.74,5885522.492,1688914086,2809316144,6729715,355868839.9,26532734.75,10711808.01,33461846.23,2214840099,32596353526,16124823532,65328127502,0,82165055761
2050,173.201753,36638.80857,100374.1907,126393.3929,611517.8791,617306.96,5003.275359,6943.797602,67181.1332,4405.087886,1122.577882,16462.67423,21210.78214,1433318.302,1279093.514,61982.66175,783779.1846,69820.40826,80381.27252,1681393.039,595552.4105,6794828.067,1098755.1,7044369.289,538649.076,32124671.56,3414322.858,14828422.92,3314.357046,8582396.037,3909106.313,4693416.794,44091038.15,55177412.94,35.547088,115903.0488,12696406.67,1446062557,408878337.2,111115602.1,592216.7343,2226717554,3296187582,6781986.099,383212780.6,26679717.07,10724833.54,33387319.46,2139850465,32813231590,16316450275,65652793213,0,81384966086
2051,172.997668,34607.66048,100560.8581,126234.1836,604473.479,611873.9343,4994.023263,6911.568807,67100.14016,4405.097513,1118.747772,16474.76549,21095.67176,1426649.552,1278184.688,63692.9119,791905.3184,69626.40607,80303.38245,1682758.92,595777.5069,6996357.427,1098877.981,7062006.388,532874.2201,32443947.88,3322357.7,14816873.9,5962.184559,8505489.361,3896946.866,4859908.143,42483902.89,57693061.01,34.442429,129027.2289,13380926.54,1394326829,588390817.4,46549854.18,2614915.111,375858952.2,2869704123,6834863.064,412419892.5,27122761.44,10743607.39,34801377,2221455188,33047495488,16528324674,66410878450,0,84608546580
2052,172.929467,33018.58604,100730.8718,125982.0887,601340.6252,608577.3565,4996.093147,6927.430163,66967.63511,4402.736938,1120.404966,16524.07292,21154.08205,1426614.187,1271762.023,65390.16027,799983.1283,69638.94102,80535.66423,1690454.537,596464.3635,6819724.544,1099194.305,7067111.415,520939.7309,32821121.39,3341816.53,14834630.83,8028.323983,8493455.994,3847176.514,3484791.121,42303125.42,53337188,33.454469,135224.0226,13449470.46,1378106179,536556734.1,51448573.24,9632492.431,669453267.1,3818571979,6887985.899,443550798.8,27284303.45,10756480.42,34793581.28,2237693193,33324257522,16731290839,66764709403,0,81719902756
2053,172.832719,31720.95293,100857.8693,125718.4943,597855.0928,605316.0985,4986.328357,6903.652483,66818.60158,4399.386685,1118.948047,16537.65568,21069.20618,1424920.081,1264093.64,63903.95016,807965.0904,69526.72101,80603.77865,1695681.418,596714.0832,7057433.58,1098119.966,7086173.003,500389.6072,32930630.32,3307815.508,14838821.54,9835.322218,8440594.829,3935643.247,2919598.667,42434160.91,52241425.23,32.527123,135889.2821,13490142.8,1448184296,748513897.9,100406962.6,2977297.24,266929277.1,2548205337,6941673.067,476927645.6,27727668.07,10788621.96,36159546.5,2206622693,33529578753,16933086204,67094839671,0,83860629104
2054,172.689811,31028.75163,101191.4637,125277.6489,594775.7766,602443.9739,4972.204228,6863.170342,66615.26531,4391.449121,1116.198456,16496.20747,20956.21421,1427121.615,1259188.832,57752.42674,808739.8168,69382.52866,80225.22862,1702952.176,596350.1349,6922312.677,1096021.023,7022090.933,496348.526,32910359.95,3353711.487,14808820.17,12309.38546,8254372.244,3856015.463,2878565.083,46269615.12,55404984.42,31.653647,136915.693,13609677.17,1375832760,472578014.5,42623920.32,9331571.773,294636903.8,2508065032,6996011.408,512434109.9,27864533.94,10799626.84,36738029.28,2109565188,33741179739,17122943260,67351446070,0,82708783326
2055,172.797565,29433.18661,101631.0998,125118.7353,593759.327,601305.8004,4986.484716,6864.79044,66642.00101,4400.614635,1117.67594,16535.4292,20990.37074,1433755.322,1263698.489,52852.07867,814807.2134,69509.71481,80396.72338,1708807.434,596183.2677,7115623.69,1098966.327,6979875.615,481756.7282,32981653.92,3273532.71,14791926.59,16580.61932,8469297.879,3723121.155,2830330.886,47102530.21,54082964.69,30.872198,135577.1546,13744402.19,1397459339,567314249.4,79016191.44,8859283.996,411087146.3,2586779159,7050038.66,549687817.5,28032069.86,10811099.16,36593242.69,2192768961,33970679303,17324251800,67817547264,0,82072301489
2056,172.737113,28523.25382,102196.8974,125036.9662,594574.6567,601267.8087,4978.526944,6886.576908,66627.64531,4398.902134,1120.919106,16564.01749,21082.88271,1438166.634,1269372.62,46493.45928,816214.6961,69601.5491,80296.89186,1712748.813,596181.4547,7093849.891,1098568.217,6992360.76,461031.8856,33099248.85,3388289.472,14823275.77,20322.23741,8418863.745,3651280.444,4073500.809,47787523.62,53543024.6,30.149915,137158.2282,13801958.01,1385944601,607839366.1,96199173.19,653416.7961,591579426.9,3533119659,7104844.922,589247034.1,28441721.1,10846887.65,38138738.69,2064082346,34142371049,17508118218,67968151984,0,80276431339
2057,172.582614,27902.45723,102228.1083,123810.7972,589642.9517,598202.6643,4966.079574,6823.252453,66593.52766,4392.415709,1116.320351,16518.64599,20912.93043,1437237.714,1269015.26,40612.91789,817073.6924,69409.44822,79809.48112,1717358.239,596230.5626,7112511.243,1094877.615,6917054.623,443671.1429,33211173.54,3312634.434,14805727.34,23696.23161,8287513.019,3670602.368,4148732.632,49632484.88,56474023.44,29.464543,141605.3804,13850442.81,1395915747,740688611.3,51526830.13,1658122.951,1322050571,2545569306,7160544.261,631695009,28580317.82,10853821.77,38017241.3,2092110305,34298300635,17700536326,68221249887,0,82090925680
2058,172.425595,26488.42211,102536.1695,122739.7458,585334.4433,595408.5109,4953.32647,6778.38145,66538.45672,4389.124807,1111.473636,16489.27257,20781.62796,1440904.527,1270777.907,37034.27696,818309.06,69422.08064,79571.98067,1722835.741,595995.7004,6969457.417,1093571.839,6873615.176,440466.2324,33305108.96,3342805.467,14782330,27461.28094,8302049.916,3637499.126,3543209.352,56637069.23,57529545.51,28.824119,141798.8643,13984635.3,1345103851,506246604.1,16640198.09,854402.5745,2050337738,2763345443,7216887.589,676592560.6,28952376.78,10878945.28,39533063.38,2286544748,34499432984,17908248172,68802655765,0,81499600403
2059,172.047694,26330.1745,102747.9375,122383.4874,584843.3653,594209.5659,4923.818352,6782.30028,66362.06293,4367.59169,1112.008774,16448.74127,20802.21321,1444573.826,1271154.37,34518.01858,818963.1307,69376.74037,79569.68742,1732240.598,595840.7381,7202220.37,1092174.503,6892826.998,439391.6204,33362113.44,3280891.188,14803032.22,32830.32713,8350669.99,3866812.083,3418959.5,45498148.32,61925644.42,28.238267,135221.8751,14989483.62,1386382668,530083034.2,2323188.985,1037787.173,3025870075,3171346840,7274132.885,724542898.9,29135734.93,10892083.93,39858546.6,2190898163,34680803822,18103871513,69052161926,0,81310615713
2060,171.86123,26825.92842,103098.4186,122218.6015,585261.6954,593344.8622,4927.873294,6808.529088,66399.62914,4358.008974,1114.842282,16516.15003,20937.66544,1446147.558,1267096.187,32031.49089,818810.1204,69399.1409,79743.07789,1738734.493,595648.8593,6973933.69,1090805.839,6867577.536,452510.1032,33428337.35,3397098.296,14767644.29,33836.51273,8381067.012,3880201.387,4135269.555,47969494.2,55787712.65,27.700094,125672.8409,15053861.59,1405358719,440629014.4,118857059.1,5367580.83,4263994688,5187853362,7331510.08,774447987.5,29478042.23,10914548.12,41632768.13,2049719163,34867459915,18310712711,69304629273,0,78765850722
2061,171.841713,25404.67975,103072.7434,121778.3929,587801.5808,594499.111,4937.289555,6792.482422,66473.12584,4358.518822,1113.977998,16552.90689,20935.47146,1452702.771,1269661.283,33405.99222,822962.7139,69432.61044,80103.40201,1751353.82,596419.5112,7197334.726,1090220.515,6912429.664,478549.7167,33880884.22,3428379.119,14797566.71,34278.57526,8436887.077,3778945.94,4509733.3,55352853.26,52483239.82,27.207509,134610.2057,15089006.12,1462423551,697832018.5,97493104.09,811494.2949,280562072,3150545535,7389119.51,827970230.6,29666792.35,10925154.07,41856228.34,2084209495,35068260266,18531251395,69701270627,0,87821204246
2062,171.575849,25893.29832,103253.6608,121928.8051,600446.677,602242.5836,4918.679579,6757.363199,66423.27284,4349.277561,1109.531378,16526.31534,20832.934,1459700.889,1268988.517,36593.70416,823978.9802,69527.31009,80214.90595,1764283.561,597025.2665,7111120.283,1087414.096,6987469.095,521247.9912,34263074.28,3321648.674,14815935.63,48108.36072,8268100.272,3509897.521,4027076.157,38656863.49,57904132.14,26.738736,140221.1984,15225781.22,1307030032,429290076.7,3590642.381,638768.8537,284076228.3,3304104985,7447706.969,885298798.4,30007429.23,10952969.12,43553104.07,1945882763,35227462176,18715525931,69335627897,0,85265657786
2063,171.426321,27391.09997,102839.3014,121684.5711,594536.2358,597932.3462,4915.269243,6734.295842,66372.66667,4344.789436,1105.921809,16557.42742,20785.95955,1456553.995,1264882.667,38474.00869,826364.1126,69635.8404,80283.88166,1762805.122,597017.5418,6610312.129,1086921.076,7021099.406,674146.5446,34281753.89,3174667.056,14756222.24,61850.11831,8311328.044,3482410.376,5159363.956,43902679.66,57816833.66,26.298464,137946.7094,15372926.35,1438185761,574912692,71433336.04,3851011.078,292729662.4,2935796240,7506502.88,945313934.8,30205693.52,10974319.16,43637569.02,1910754322,35311027015,18893599249,69474555249,0,85739836947
2064,171.27161,27208.7672,102334.8362,121586.7864,587102.3775,592011.333,4910.026667,6679.743401,66375.83976,4343.50238,1097.652131,16525.38532,20616.46102,1450698.976,1257848.318,40669.34355,826055.6772,69659.45463,80335.08754,1770980.571,597425.7145,6040835.061,1085764.448,7103448.778,919352.1842,34443096.94,2881760.06,14680215.19,69246.75158,8241494.212,3673852.11,4247769.851,38343929.56,59219361.35,25.880927,143191.4096,16194782.76,1379043854,584233954.7,29868407.1,1320234.283,293312195.5,3646781200,7566419.812,1011528916,30505748.28,11002250.64,45380451.45,1830156600,35346323377,19045739796,69388963731,0,84003013020
2065,171.156138,26844.49615,101716.4474,121347.3387,585024.9757,588869.0221,4906.939135,6695.515108,66274.86035,4336.417473,1095.712926,16512.7814,20643.58911,1444817.095,1250174.164,41139.18054,825996.3249,69446.46279,80145.19893,1772287.085,597563.0651,6097871.715,1083140.527,7094243.321,1130285.147,34472538.32,3043536.141,14642140.88,82450.04288,8203261.035,3847422.424,3512616.819,37043898,57149399.11,25.496343,137544.2334,16306553.92,1306012373,734883636.8,15452343.64,7413975.015,303564802.5,2650870643,7626829.65,1081075100,30706858.14,11014294.32,45624774.8,1859233200,35362457309,19204827861,69464509468,0,88473711726
2066,171.061224,25379.50437,101479.3372,121146.3612,583994.3901,586506.8435,4920.455447,6722.910106,66400.41668,4341.891208,1097.471907,16527.73621,20768.23398,1440367.989,1238810.468,37926.50327,821106.1126,69299.8104,79928.14025,1769897.233,597033.4379,6070423.511,1081845.308,7048513.93,1316998.363,34210601.19,2972822.31,14559843.67,76449.12553,8271198.529,3770853.465,3981886.863,46554886.86,51328261.01,25.144896,148996.9009,16468364.14,1345477750,460490204.6,59734640.75,542995.0394,326623868,2563069191,7687203.938,1154593212,31017031.82,11048538.55,47343696.97,2005381814,35399007229,19378773532,69732681685,0,90799814773
2067,170.952082,24182.51512,101230.5271,121007.4145,581022.5286,583298.0547,4921.697788,6703.11677,66380.94512,4337.474777,1094.601566,16436.15243,20708.98891,1436566.191,1231872.458,35849.84151,818324.327,69108.31016,79672.68357,1769178.049,596636.2497,6351045.95,1078903.148,7053969.263,1457729.587,34146131.38,3030340.369,14556417.71,76119.31882,8246939.447,3686751.105,4935031.794,47751824.78,50853628.91,24.821177,155953.3893,16660381.01,1355194632,534530581.8,56020027.93,3050246.627,433140149.8,2296325885,7747731.995,1231770610,31208654.03,11070848.95,47171137.87,1872016810,35446760179,19543072156,69862383925,0,93343197693
2068,170.954089,23422.78814,101521.0178,120735.1223,579733.6312,581270.5424,4922.391451,6714.435728,66359.46182,4334.886952,1094.659225,16408.76642,20736.08903,1439537.197,1225041.912,33690.57187,816100.085,68906.40029,79467.79953,1769892.206,596381.7259,6532113.953,1076350.133,7051341.523,1498391.393,34131078.37,3247982.665,14575288.78,72246.78338,8282184.915,3628584.581,3296142.19,54152182.82,53738109.43,24.519478,155252.2277,16802406.19,1479155761,541382867.1,47753958.93,1254429.457,687149600,3126478382,7808726.868,1310450866,31606539.67,11101183.75,48820714.93,1927415729,35516701869,19728334841,70334422529,0,94553280293
