rgn_id,stock_id_taxonkey,year,mean_catch
1,Sebastes_marinus-27_600501,1980,20431.5452
1,Sebastes_marinus-27_600501,1981,20431.5452
1,Sebastes_marinus-27_600501,1982,20431.5452
1,Sebastes_marinus-27_600501,1983,20431.5452
1,Sebastes_marinus-27_600501,1984,20431.5452
1,Sebastes_marinus-27_600501,1985,20431.5452
1,Sebastes_marinus-27_600501,1986,20431.5452
1,Sebastes_marinus-27_600501,1987,20431.5452
1,Sebastes_marinus-27_600501,1988,20431.5452
1,Sebastes_marinus-27_600501,1989,20431.5452
1,Sebastes_marinus-27_600501,1990,20431.5452
1,Sebastes_marinus-27_600501,1991,20431.5452
1,Sebastes_marinus-27_600501,1992,20431.5452
1,Sebastes_marinus-27_600501,1993,20431.5452
1,Sebastes_marinus-27_600501,1994,20431.5452
1,Sebastes_marinus-27_600501,1995,20431.5452
1,Sebastes_marinus-27_600501,1996,20431.5452
1,Sebastes_marinus-27_600501,1997,20431.5452
1,Sebastes_marinus-27_600501,1998,20431.5452
1,Sebastes_marinus-27_600501,1999,20431.5452
1,Sebastes_marinus-27_600501,2000,20431.5452
1,Sebastes_marinus-27_600501,2001,20431.5452
1,Sebastes_marinus-27_600501,2002,20431.5452
1,Sebastes_marinus-27_600501,2003,20431.5452
1,Sebastes_marinus-27_600501,2004,20431.5452
1,Sebastes_marinus-27_600501,2005,20431.5452
1,Sebastes_marinus-27_600501,2006,20431.5452
1,Sebastes_marinus-27_600501,2007,20431.5452
1,Sebastes_marinus-27_600501,2008,20431.5452
1,Sebastes_marinus-27_600501,2009,20431.5452
1,Sebastes_marinus-27_600501,2010,20431.5452
1,Sebastes_marinus-27_600501,2011,20431.5452
1,Sebastes_marinus-27_600501,2012,20431.5452
1,Sebastes_marinus-27_600501,2013,20431.5452
1,Sebastes_marinus-27_600501,2014,20431.5452
1,Sebastes_marinus-27_600501,2015,20431.5452
1,Sebastes_marinus-27_600501,2016,20431.5452
1,Sebastes_marinus-27_600501,2017,20431.5452
1,Sebastes_marinus-27_600501,2018,20431.5452
1,Sebastes_marinus-27_600501,2019,20431.5452
1,Sebastes_marinus-27_600501,2020,20431.5452
1,Sebastes_marinus-27_600501,2021,20431.5452
1,Sebastes_marinus-27_600501,2022,20431.5452
1,Sebastes_marinus-27_600501,2023,20431.5452
1,Sebastes_marinus-27_600501,2024,20431.5452
1,Sebastes_marinus-27_600501,2025,20431.5452
1,Sebastes_marinus-27_600501,2026,20431.5452
1,Sebastes_marinus-27_600501,2027,20431.5452
1,Sebastes_marinus-27_600501,2028,20431.5452
1,Sebastes_marinus-27_600501,2029,20431.5452
1,Sebastes_marinus-27_600501,2030,20431.5452
1,Sebastes_marinus-27_600501,2031,20431.5452
1,Sebastes_marinus-27_600501,2032,20431.5452
1,Sebastes_marinus-27_600501,2033,20431.5452
1,Sebastes_marinus-27_600501,2034,20431.5452
1,Sebastes_marinus-27_600501,2035,20431.5452
1,Sebastes_marinus-27_600501,2036,20431.5452
1,Sebastes_marinus-27_600501,2037,20431.5452
1,Sebastes_marinus-27_600501,2038,20431.5452
1,Sebastes_marinus-27_600501,2039,20431.5452
1,Sebastes_marinus-27_600501,2040,20431.5452
1,Sebastes_marinus-27_600501,2041,20431.5452
1,Sebastes_marinus-27_600501,2042,20431.5452
1,Sebastes_marinus-27_600501,2043,20431.5452
1,Sebastes_marinus-27_600501,2044,20431.5452
1,Sebastes_marinus-27_600501,2045,20431.5452
1,Sebastes_marinus-27_600501,2046,20431.5452
1,Sebastes_marinus-27_600501,2047,20431.5452
1,Sebastes_marinus-27_600501,2048,20431.5452
1,Sebastes_marinus-27_600501,2049,20431.5452
1,Sebastes_marinus-27_600501,2050,20431.5452
1,Sebastes_marinus-27_600501,2051,20431.5452
1,Sebastes_marinus-27_600501,2052,20431.5452
1,Sebastes_marinus-27_600501,2053,20431.5452
1,Sebastes_marinus-27_600501,2054,20431.5452
1,Sebastes_marinus-27_600501,2055,20431.5452
1,Sebastes_marinus-27_600501,2056,20431.5452
1,Sebastes_marinus-27_600501,2057,20431.5452
1,Sebastes_marinus-27_600501,2058,20431.5452
1,Sebastes_marinus-27_600501,2059,20431.5452
1,Sebastes_marinus-27_600501,2060,20431.5452
1,Sebastes_marinus-27_600501,2061,20431.5452
1,Sebastes_marinus-27_600501,2062,20431.5452
1,Sebastes_marinus-27_600501,2063,20431.5452
1,Sebastes_marinus-27_600501,2064,20431.5452
1,Sebastes_marinus-27_600501,2065,20431.5452
1,Sebastes_marinus-27_600501,2066,20431.5452
1,Sebastes_marinus-27_600501,2067,20431.5452
1,Sebastes_marinus-27_600501,2068,20431.5452
1,Reinhardtius_hippoglossoides-27_600516,1980,57769.92299
1,Reinhardtius_hippoglossoides-27_600516,1981,57769.92299
1,Reinhardtius_hippoglossoides-27_600516,1982,57769.92299
1,Reinhardtius_hippoglossoides-27_600516,1983,57769.92299
1,Reinhardtius_hippoglossoides-27_600516,1984,57769.92299
1,Reinhardtius_hippoglossoides-27_600516,1985,57769.92299
1,Reinhardtius_hippoglossoides-27_600516,1986,57769.92299
1,Reinhardtius_hippoglossoides-27_600516,1987,57769.92299
1,Reinhardtius_hippoglossoides-27_600516,1988,57769.92299
1,Reinhardtius_hippoglossoides-27_600516,1989,57769.92299
1,Reinhardtius_hippoglossoides-27_600516,1990,57769.92299
1,Reinhardtius_hippoglossoides-27_600516,1991,57769.92299
1,Reinhardtius_hippoglossoides-27_600516,1992,57769.92299
1,Reinhardtius_hippoglossoides-27_600516,1993,57769.92299
1,Reinhardtius_hippoglossoides-27_600516,1994,57769.92299
1,Reinhardtius_hippoglossoides-27_600516,1995,57769.92299
1,Reinhardtius_hippoglossoides-27_600516,1996,57769.92299
1,Reinhardtius_hippoglossoides-27_600516,1997,57769.92299
1,Reinhardtius_hippoglossoides-27_600516,1998,57769.92299
1,Reinhardtius_hippoglossoides-27_600516,1999,57769.92299
1,Reinhardtius_hippoglossoides-27_600516,2000,57769.92299
1,Reinhardtius_hippoglossoides-27_600516,2001,57769.92299
1,Reinhardtius_hippoglossoides-27_600516,2002,57769.92299
1,Reinhardtius_hippoglossoides-27_600516,2003,57769.92299
1,Reinhardtius_hippoglossoides-27_600516,2004,57769.92299
1,Reinhardtius_hippoglossoides-27_600516,2005,57769.92299
1,Reinhardtius_hippoglossoides-27_600516,2006,57769.92299
1,Reinhardtius_hippoglossoides-27_600516,2007,57769.92299
1,Reinhardtius_hippoglossoides-27_600516,2008,57769.92299
1,Reinhardtius_hippoglossoides-27_600516,2009,57769.92299
1,Reinhardtius_hippoglossoides-27_600516,2010,57769.92299
1,Reinhardtius_hippoglossoides-27_600516,2011,57769.92299
1,Reinhardtius_hippoglossoides-27_600516,2012,57769.92299
1,Reinhardtius_hippoglossoides-27_600516,2013,57769.92299
1,Reinhardtius_hippoglossoides-27_600516,2014,57769.92299
1,Reinhardtius_hippoglossoides-27_600516,2015,57769.92299
1,Reinhardtius_hippoglossoides-27_600516,2016,57769.92299
1,Reinhardtius_hippoglossoides-27_600516,2017,57769.92299
1,Reinhardtius_hippoglossoides-27_600516,2018,57769.92299
1,Reinhardtius_hippoglossoides-27_600516,2019,57769.92299
1,Reinhardtius_hippoglossoides-27_600516,2020,57769.92299
1,Reinhardtius_hippoglossoides-27_600516,2021,57769.92299
1,Reinhardtius_hippoglossoides-27_600516,2022,57769.92299
1,Reinhardtius_hippoglossoides-27_600516,2023,57769.92299
1,Reinhardtius_hippoglossoides-27_600516,2024,57769.92299
1,Reinhardtius_hippoglossoides-27_600516,2025,57769.92299
1,Reinhardtius_hippoglossoides-27_600516,2026,57769.92299
1,Reinhardtius_hippoglossoides-27_600516,2027,57769.92299
1,Reinhardtius_hippoglossoides-27_600516,2028,57769.92299
1,Reinhardtius_hippoglossoides-27_600516,2029,57769.92299
1,Reinhardtius_hippoglossoides-27_600516,2030,57769.92299
1,Reinhardtius_hippoglossoides-27_600516,2031,57769.92299
1,Reinhardtius_hippoglossoides-27_600516,2032,57769.92299
1,Reinhardtius_hippoglossoides-27_600516,2033,57769.92299
1,Reinhardtius_hippoglossoides-27_600516,2034,57769.92299
1,Reinhardtius_hippoglossoides-27_600516,2035,57769.92299
1,Reinhardtius_hippoglossoides-27_600516,2036,57769.92299
1,Reinhardtius_hippoglossoides-27_600516,2037,57769.92299
1,Reinhardtius_hippoglossoides-27_600516,2038,57769.92299
1,Reinhardtius_hippoglossoides-27_600516,2039,57769.92299
1,Reinhardtius_hippoglossoides-27_600516,2040,57769.92299
1,Reinhardtius_hippoglossoides-27_600516,2041,57769.92299
1,Reinhardtius_hippoglossoides-27_600516,2042,57769.92299
1,Reinhardtius_hippoglossoides-27_600516,2043,57769.92299
1,Reinhardtius_hippoglossoides-27_600516,2044,57769.92299
1,Reinhardtius_hippoglossoides-27_600516,2045,57769.92299
1,Reinhardtius_hippoglossoides-27_600516,2046,57769.92299
1,Reinhardtius_hippoglossoides-27_600516,2047,57769.92299
1,Reinhardtius_hippoglossoides-27_600516,2048,57769.92299
1,Reinhardtius_hippoglossoides-27_600516,2049,57769.92299
1,Reinhardtius_hippoglossoides-27_600516,2050,57769.92299
1,Reinhardtius_hippoglossoides-27_600516,2051,57769.92299
1,Reinhardtius_hippoglossoides-27_600516,2052,57769.92299
1,Reinhardtius_hippoglossoides-27_600516,2053,57769.92299
1,Reinhardtius_hippoglossoides-27_600516,2054,57769.92299
1,Reinhardtius_hippoglossoides-27_600516,2055,57769.92299
1,Reinhardtius_hippoglossoides-27_600516,2056,57769.92299
1,Reinhardtius_hippoglossoides-27_600516,2057,57769.92299
1,Reinhardtius_hippoglossoides-27_600516,2058,57769.92299
1,Reinhardtius_hippoglossoides-27_600516,2059,57769.92299
1,Reinhardtius_hippoglossoides-27_600516,2060,57769.92299
1,Reinhardtius_hippoglossoides-27_600516,2061,57769.92299
1,Reinhardtius_hippoglossoides-27_600516,2062,57769.92299
1,Reinhardtius_hippoglossoides-27_600516,2063,57769.92299
1,Reinhardtius_hippoglossoides-27_600516,2064,57769.92299
1,Reinhardtius_hippoglossoides-27_600516,2065,57769.92299
1,Reinhardtius_hippoglossoides-27_600516,2066,57769.92299
1,Reinhardtius_hippoglossoides-27_600516,2067,57769.92299
1,Reinhardtius_hippoglossoides-27_600516,2068,57769.92299
1,Scomber_scombrus-27_600118,1980,227136.0988
1,Scomber_scombrus-27_600118,1981,227136.0988
1,Scomber_scombrus-27_600118,1982,227136.0988
1,Scomber_scombrus-27_600118,1983,227136.0988
1,Scomber_scombrus-27_600118,1984,227136.0988
1,Scomber_scombrus-27_600118,1985,227136.0988
1,Scomber_scombrus-27_600118,1986,227136.0988
1,Scomber_scombrus-27_600118,1987,227136.0988
1,Scomber_scombrus-27_600118,1988,227136.0988
1,Scomber_scombrus-27_600118,1989,227136.0988
1,Scomber_scombrus-27_600118,1990,227136.0988
1,Scomber_scombrus-27_600118,1991,227136.0988
1,Scomber_scombrus-27_600118,1992,227136.0988
1,Scomber_scombrus-27_600118,1993,227136.0988
1,Scomber_scombrus-27_600118,1994,227136.0988
1,Scomber_scombrus-27_600118,1995,227136.0988
1,Scomber_scombrus-27_600118,1996,227136.0988
1,Scomber_scombrus-27_600118,1997,227136.0988
1,Scomber_scombrus-27_600118,1998,227136.0988
1,Scomber_scombrus-27_600118,1999,227136.0988
1,Scomber_scombrus-27_600118,2000,227136.0988
1,Scomber_scombrus-27_600118,2001,227136.0988
1,Scomber_scombrus-27_600118,2002,227136.0988
1,Scomber_scombrus-27_600118,2003,227136.0988
1,Scomber_scombrus-27_600118,2004,227136.0988
1,Scomber_scombrus-27_600118,2005,227136.0988
1,Scomber_scombrus-27_600118,2006,227136.0988
1,Scomber_scombrus-27_600118,2007,227136.0988
1,Scomber_scombrus-27_600118,2008,227136.0988
1,Scomber_scombrus-27_600118,2009,227136.0988
1,Scomber_scombrus-27_600118,2010,227136.0988
1,Scomber_scombrus-27_600118,2011,227136.0988
1,Scomber_scombrus-27_600118,2012,227136.0988
1,Scomber_scombrus-27_600118,2013,227136.0988
1,Scomber_scombrus-27_600118,2014,227136.0988
1,Scomber_scombrus-27_600118,2015,227136.0988
1,Scomber_scombrus-27_600118,2016,227136.0988
1,Scomber_scombrus-27_600118,2017,227136.0988
1,Scomber_scombrus-27_600118,2018,227136.0988
1,Scomber_scombrus-27_600118,2019,227136.0988
1,Scomber_scombrus-27_600118,2020,227136.0988
1,Scomber_scombrus-27_600118,2021,227136.0988
1,Scomber_scombrus-27_600118,2022,227136.0988
1,Scomber_scombrus-27_600118,2023,227136.0988
1,Scomber_scombrus-27_600118,2024,227136.0988
1,Scomber_scombrus-27_600118,2025,227136.0988
1,Scomber_scombrus-27_600118,2026,227136.0988
1,Scomber_scombrus-27_600118,2027,227136.0988
1,Scomber_scombrus-27_600118,2028,227136.0988
1,Scomber_scombrus-27_600118,2029,227136.0988
1,Scomber_scombrus-27_600118,2030,227136.0988
1,Scomber_scombrus-27_600118,2031,227136.0988
1,Scomber_scombrus-27_600118,2032,227136.0988
1,Scomber_scombrus-27_600118,2033,227136.0988
1,Scomber_scombrus-27_600118,2034,227136.0988
1,Scomber_scombrus-27_600118,2035,227136.0988
1,Scomber_scombrus-27_600118,2036,227136.0988
1,Scomber_scombrus-27_600118,2037,227136.0988
1,Scomber_scombrus-27_600118,2038,227136.0988
1,Scomber_scombrus-27_600118,2039,227136.0988
1,Scomber_scombrus-27_600118,2040,227136.0988
1,Scomber_scombrus-27_600118,2041,227136.0988
1,Scomber_scombrus-27_600118,2042,227136.0988
1,Scomber_scombrus-27_600118,2043,227136.0988
1,Scomber_scombrus-27_600118,2044,227136.0988
1,Scomber_scombrus-27_600118,2045,227136.0988
1,Scomber_scombrus-27_600118,2046,227136.0988
1,Scomber_scombrus-27_600118,2047,227136.0988
1,Scomber_scombrus-27_600118,2048,227136.0988
1,Scomber_scombrus-27_600118,2049,227136.0988
1,Scomber_scombrus-27_600118,2050,227136.0988
1,Scomber_scombrus-27_600118,2051,227136.0988
1,Scomber_scombrus-27_600118,2052,227136.0988
1,Scomber_scombrus-27_600118,2053,227136.0988
1,Scomber_scombrus-27_600118,2054,227136.0988
1,Scomber_scombrus-27_600118,2055,227136.0988
1,Scomber_scombrus-27_600118,2056,227136.0988
1,Scomber_scombrus-27_600118,2057,227136.0988
1,Scomber_scombrus-27_600118,2058,227136.0988
1,Scomber_scombrus-27_600118,2059,227136.0988
1,Scomber_scombrus-27_600118,2060,227136.0988
1,Scomber_scombrus-27_600118,2061,227136.0988
1,Scomber_scombrus-27_600118,2062,227136.0988
1,Scomber_scombrus-27_600118,2063,227136.0988
1,Scomber_scombrus-27_600118,2064,227136.0988
1,Scomber_scombrus-27_600118,2065,227136.0988
1,Scomber_scombrus-27_600118,2066,227136.0988
1,Scomber_scombrus-27_600118,2067,227136.0988
1,Scomber_scombrus-27_600118,2068,227136.0988
1,Melanogrammus_aeglefinus-27_601381,1980,79124.24723
1,Melanogrammus_aeglefinus-27_601381,1981,79124.24723
1,Melanogrammus_aeglefinus-27_601381,1982,79124.24723
1,Melanogrammus_aeglefinus-27_601381,1983,79124.24723
1,Melanogrammus_aeglefinus-27_601381,1984,79124.24723
1,Melanogrammus_aeglefinus-27_601381,1985,79124.24723
1,Melanogrammus_aeglefinus-27_601381,1986,79124.24723
1,Melanogrammus_aeglefinus-27_601381,1987,79124.24723
1,Melanogrammus_aeglefinus-27_601381,1988,79124.24723
1,Melanogrammus_aeglefinus-27_601381,1989,79124.24723
1,Melanogrammus_aeglefinus-27_601381,1990,79124.24723
1,Melanogrammus_aeglefinus-27_601381,1991,79124.24723
1,Melanogrammus_aeglefinus-27_601381,1992,79124.24723
1,Melanogrammus_aeglefinus-27_601381,1993,79124.24723
1,Melanogrammus_aeglefinus-27_601381,1994,79124.24723
1,Melanogrammus_aeglefinus-27_601381,1995,79124.24723
1,Melanogrammus_aeglefinus-27_601381,1996,79124.24723
1,Melanogrammus_aeglefinus-27_601381,1997,79124.24723
1,Melanogrammus_aeglefinus-27_601381,1998,79124.24723
1,Melanogrammus_aeglefinus-27_601381,1999,79124.24723
1,Melanogrammus_aeglefinus-27_601381,2000,79124.24723
1,Melanogrammus_aeglefinus-27_601381,2001,79124.24723
1,Melanogrammus_aeglefinus-27_601381,2002,79124.24723
1,Melanogrammus_aeglefinus-27_601381,2003,79124.24723
1,Melanogrammus_aeglefinus-27_601381,2004,79124.24723
1,Melanogrammus_aeglefinus-27_601381,2005,79124.24723
1,Melanogrammus_aeglefinus-27_601381,2006,79124.24723
1,Melanogrammus_aeglefinus-27_601381,2007,79124.24723
1,Melanogrammus_aeglefinus-27_601381,2008,79124.24723
1,Melanogrammus_aeglefinus-27_601381,2009,79124.24723
1,Melanogrammus_aeglefinus-27_601381,2010,79124.24723
1,Melanogrammus_aeglefinus-27_601381,2011,79124.24723
1,Melanogrammus_aeglefinus-27_601381,2012,79124.24723
1,Melanogrammus_aeglefinus-27_601381,2013,79124.24723
1,Melanogrammus_aeglefinus-27_601381,2014,79124.24723
1,Melanogrammus_aeglefinus-27_601381,2015,79124.24723
1,Melanogrammus_aeglefinus-27_601381,2016,79124.24723
1,Melanogrammus_aeglefinus-27_601381,2017,79124.24723
1,Melanogrammus_aeglefinus-27_601381,2018,79124.24723
1,Melanogrammus_aeglefinus-27_601381,2019,79124.24723
1,Melanogrammus_aeglefinus-27_601381,2020,79124.24723
1,Melanogrammus_aeglefinus-27_601381,2021,79124.24723
1,Melanogrammus_aeglefinus-27_601381,2022,79124.24723
1,Melanogrammus_aeglefinus-27_601381,2023,79124.24723
1,Melanogrammus_aeglefinus-27_601381,2024,79124.24723
1,Melanogrammus_aeglefinus-27_601381,2025,79124.24723
1,Melanogrammus_aeglefinus-27_601381,2026,79124.24723
1,Melanogrammus_aeglefinus-27_601381,2027,79124.24723
1,Melanogrammus_aeglefinus-27_601381,2028,79124.24723
1,Melanogrammus_aeglefinus-27_601381,2029,79124.24723
1,Melanogrammus_aeglefinus-27_601381,2030,79124.24723
1,Melanogrammus_aeglefinus-27_601381,2031,79124.24723
1,Melanogrammus_aeglefinus-27_601381,2032,79124.24723
1,Melanogrammus_aeglefinus-27_601381,2033,79124.24723
1,Melanogrammus_aeglefinus-27_601381,2034,79124.24723
1,Melanogrammus_aeglefinus-27_601381,2035,79124.24723
1,Melanogrammus_aeglefinus-27_601381,2036,79124.24723
1,Melanogrammus_aeglefinus-27_601381,2037,79124.24723
1,Melanogrammus_aeglefinus-27_601381,2038,79124.24723
1,Melanogrammus_aeglefinus-27_601381,2039,79124.24723
1,Melanogrammus_aeglefinus-27_601381,2040,79124.24723
1,Melanogrammus_aeglefinus-27_601381,2041,79124.24723
1,Melanogrammus_aeglefinus-27_601381,2042,79124.24723
1,Melanogrammus_aeglefinus-27_601381,2043,79124.24723
1,Melanogrammus_aeglefinus-27_601381,2044,79124.24723
1,Melanogrammus_aeglefinus-27_601381,2045,79124.24723
1,Melanogrammus_aeglefinus-27_601381,2046,79124.24723
1,Melanogrammus_aeglefinus-27_601381,2047,79124.24723
1,Melanogrammus_aeglefinus-27_601381,2048,79124.24723
1,Melanogrammus_aeglefinus-27_601381,2049,79124.24723
1,Melanogrammus_aeglefinus-27_601381,2050,79124.24723
1,Melanogrammus_aeglefinus-27_601381,2051,79124.24723
1,Melanogrammus_aeglefinus-27_601381,2052,79124.24723
1,Melanogrammus_aeglefinus-27_601381,2053,79124.24723
1,Melanogrammus_aeglefinus-27_601381,2054,79124.24723
1,Melanogrammus_aeglefinus-27_601381,2055,79124.24723
1,Melanogrammus_aeglefinus-27_601381,2056,79124.24723
1,Melanogrammus_aeglefinus-27_601381,2057,79124.24723
1,Melanogrammus_aeglefinus-27_601381,2058,79124.24723
1,Melanogrammus_aeglefinus-27_601381,2059,79124.24723
1,Melanogrammus_aeglefinus-27_601381,2060,79124.24723
1,Melanogrammus_aeglefinus-27_601381,2061,79124.24723
1,Melanogrammus_aeglefinus-27_601381,2062,79124.24723
1,Melanogrammus_aeglefinus-27_601381,2063,79124.24723
1,Melanogrammus_aeglefinus-27_601381,2064,79124.24723
1,Melanogrammus_aeglefinus-27_601381,2065,79124.24723
1,Melanogrammus_aeglefinus-27_601381,2066,79124.24723
1,Melanogrammus_aeglefinus-27_601381,2067,79124.24723
1,Melanogrammus_aeglefinus-27_601381,2068,79124.24723
1,Pollachius_virens-27_601343,1980,361563.5109
1,Pollachius_virens-27_601343,1981,361563.5109
1,Pollachius_virens-27_601343,1982,361563.5109
1,Pollachius_virens-27_601343,1983,361563.5109
1,Pollachius_virens-27_601343,1984,361563.5109
1,Pollachius_virens-27_601343,1985,361563.5109
1,Pollachius_virens-27_601343,1986,361563.5109
1,Pollachius_virens-27_601343,1987,361563.5109
1,Pollachius_virens-27_601343,1988,361563.5109
1,Pollachius_virens-27_601343,1989,361563.5109
1,Pollachius_virens-27_601343,1990,361563.5109
1,Pollachius_virens-27_601343,1991,361563.5109
1,Pollachius_virens-27_601343,1992,361563.5109
1,Pollachius_virens-27_601343,1993,361563.5109
1,Pollachius_virens-27_601343,1994,361563.5109
1,Pollachius_virens-27_601343,1995,361563.5109
1,Pollachius_virens-27_601343,1996,361563.5109
1,Pollachius_virens-27_601343,1997,361563.5109
1,Pollachius_virens-27_601343,1998,361563.5109
1,Pollachius_virens-27_601343,1999,361563.5109
1,Pollachius_virens-27_601343,2000,361563.5109
1,Pollachius_virens-27_601343,2001,361563.5109
1,Pollachius_virens-27_601343,2002,361563.5109
1,Pollachius_virens-27_601343,2003,361563.5109
1,Pollachius_virens-27_601343,2004,361563.5109
1,Pollachius_virens-27_601343,2005,361563.5109
1,Pollachius_virens-27_601343,2006,361563.5109
1,Pollachius_virens-27_601343,2007,361563.5109
1,Pollachius_virens-27_601343,2008,361563.5109
1,Pollachius_virens-27_601343,2009,361563.5109
1,Pollachius_virens-27_601343,2010,361563.5109
1,Pollachius_virens-27_601343,2011,361563.5109
1,Pollachius_virens-27_601343,2012,361563.5109
1,Pollachius_virens-27_601343,2013,361563.5109
1,Pollachius_virens-27_601343,2014,361563.5109
1,Pollachius_virens-27_601343,2015,361563.5109
1,Pollachius_virens-27_601343,2016,361563.5109
1,Pollachius_virens-27_601343,2017,361563.5109
1,Pollachius_virens-27_601343,2018,361563.5109
1,Pollachius_virens-27_601343,2019,361563.5109
1,Pollachius_virens-27_601343,2020,361563.5109
1,Pollachius_virens-27_601343,2021,361563.5109
1,Pollachius_virens-27_601343,2022,361563.5109
1,Pollachius_virens-27_601343,2023,361563.5109
1,Pollachius_virens-27_601343,2024,361563.5109
1,Pollachius_virens-27_601343,2025,361563.5109
1,Pollachius_virens-27_601343,2026,361563.5109
1,Pollachius_virens-27_601343,2027,361563.5109
1,Pollachius_virens-27_601343,2028,361563.5109
1,Pollachius_virens-27_601343,2029,361563.5109
1,Pollachius_virens-27_601343,2030,361563.5109
1,Pollachius_virens-27_601343,2031,361563.5109
1,Pollachius_virens-27_601343,2032,361563.5109
1,Pollachius_virens-27_601343,2033,361563.5109
1,Pollachius_virens-27_601343,2034,361563.5109
1,Pollachius_virens-27_601343,2035,361563.5109
1,Pollachius_virens-27_601343,2036,361563.5109
1,Pollachius_virens-27_601343,2037,361563.5109
1,Pollachius_virens-27_601343,2038,361563.5109
1,Pollachius_virens-27_601343,2039,361563.5109
1,Pollachius_virens-27_601343,2040,361563.5109
1,Pollachius_virens-27_601343,2041,361563.5109
1,Pollachius_virens-27_601343,2042,361563.5109
1,Pollachius_virens-27_601343,2043,361563.5109
1,Pollachius_virens-27_601343,2044,361563.5109
1,Pollachius_virens-27_601343,2045,361563.5109
1,Pollachius_virens-27_601343,2046,361563.5109
1,Pollachius_virens-27_601343,2047,361563.5109
1,Pollachius_virens-27_601343,2048,361563.5109
1,Pollachius_virens-27_601343,2049,361563.5109
1,Pollachius_virens-27_601343,2050,361563.5109
1,Pollachius_virens-27_601343,2051,361563.5109
1,Pollachius_virens-27_601343,2052,361563.5109
1,Pollachius_virens-27_601343,2053,361563.5109
1,Pollachius_virens-27_601343,2054,361563.5109
1,Pollachius_virens-27_601343,2055,361563.5109
1,Pollachius_virens-27_601343,2056,361563.5109
1,Pollachius_virens-27_601343,2057,361563.5109
1,Pollachius_virens-27_601343,2058,361563.5109
1,Pollachius_virens-27_601343,2059,361563.5109
1,Pollachius_virens-27_601343,2060,361563.5109
1,Pollachius_virens-27_601343,2061,361563.5109
1,Pollachius_virens-27_601343,2062,361563.5109
1,Pollachius_virens-27_601343,2063,361563.5109
1,Pollachius_virens-27_601343,2064,361563.5109
1,Pollachius_virens-27_601343,2065,361563.5109
1,Pollachius_virens-27_601343,2066,361563.5109
1,Pollachius_virens-27_601343,2067,361563.5109
1,Pollachius_virens-27_601343,2068,361563.5109
1,Sebastes_mentella-27_600505,1980,67146.43498
1,Sebastes_mentella-27_600505,1981,67146.43498
1,Sebastes_mentella-27_600505,1982,67146.43498
1,Sebastes_mentella-27_600505,1983,67146.43498
1,Sebastes_mentella-27_600505,1984,67146.43498
1,Sebastes_mentella-27_600505,1985,67146.43498
1,Sebastes_mentella-27_600505,1986,67146.43498
1,Sebastes_mentella-27_600505,1987,67146.43498
1,Sebastes_mentella-27_600505,1988,67146.43498
1,Sebastes_mentella-27_600505,1989,67146.43498
1,Sebastes_mentella-27_600505,1990,67146.43498
1,Sebastes_mentella-27_600505,1991,67146.43498
1,Sebastes_mentella-27_600505,1992,67146.43498
1,Sebastes_mentella-27_600505,1993,67146.43498
1,Sebastes_mentella-27_600505,1994,67146.43498
1,Sebastes_mentella-27_600505,1995,67146.43498
1,Sebastes_mentella-27_600505,1996,67146.43498
1,Sebastes_mentella-27_600505,1997,67146.43498
1,Sebastes_mentella-27_600505,1998,67146.43498
1,Sebastes_mentella-27_600505,1999,67146.43498
1,Sebastes_mentella-27_600505,2000,67146.43498
1,Sebastes_mentella-27_600505,2001,67146.43498
1,Sebastes_mentella-27_600505,2002,67146.43498
1,Sebastes_mentella-27_600505,2003,67146.43498
1,Sebastes_mentella-27_600505,2004,67146.43498
1,Sebastes_mentella-27_600505,2005,67146.43498
1,Sebastes_mentella-27_600505,2006,67146.43498
1,Sebastes_mentella-27_600505,2007,67146.43498
1,Sebastes_mentella-27_600505,2008,67146.43498
1,Sebastes_mentella-27_600505,2009,67146.43498
1,Sebastes_mentella-27_600505,2010,67146.43498
1,Sebastes_mentella-27_600505,2011,67146.43498
1,Sebastes_mentella-27_600505,2012,67146.43498
1,Sebastes_mentella-27_600505,2013,67146.43498
1,Sebastes_mentella-27_600505,2014,67146.43498
1,Sebastes_mentella-27_600505,2015,67146.43498
1,Sebastes_mentella-27_600505,2016,67146.43498
1,Sebastes_mentella-27_600505,2017,67146.43498
1,Sebastes_mentella-27_600505,2018,67146.43498
1,Sebastes_mentella-27_600505,2019,67146.43498
1,Sebastes_mentella-27_600505,2020,67146.43498
1,Sebastes_mentella-27_600505,2021,67146.43498
1,Sebastes_mentella-27_600505,2022,67146.43498
1,Sebastes_mentella-27_600505,2023,67146.43498
1,Sebastes_mentella-27_600505,2024,67146.43498
1,Sebastes_mentella-27_600505,2025,67146.43498
1,Sebastes_mentella-27_600505,2026,67146.43498
1,Sebastes_mentella-27_600505,2027,67146.43498
1,Sebastes_mentella-27_600505,2028,67146.43498
1,Sebastes_mentella-27_600505,2029,67146.43498
1,Sebastes_mentella-27_600505,2030,67146.43498
1,Sebastes_mentella-27_600505,2031,67146.43498
1,Sebastes_mentella-27_600505,2032,67146.43498
1,Sebastes_mentella-27_600505,2033,67146.43498
1,Sebastes_mentella-27_600505,2034,67146.43498
1,Sebastes_mentella-27_600505,2035,67146.43498
1,Sebastes_mentella-27_600505,2036,67146.43498
1,Sebastes_mentella-27_600505,2037,67146.43498
1,Sebastes_mentella-27_600505,2038,67146.43498
1,Sebastes_mentella-27_600505,2039,67146.43498
1,Sebastes_mentella-27_600505,2040,67146.43498
1,Sebastes_mentella-27_600505,2041,67146.43498
1,Sebastes_mentella-27_600505,2042,67146.43498
1,Sebastes_mentella-27_600505,2043,67146.43498
1,Sebastes_mentella-27_600505,2044,67146.43498
1,Sebastes_mentella-27_600505,2045,67146.43498
1,Sebastes_mentella-27_600505,2046,67146.43498
1,Sebastes_mentella-27_600505,2047,67146.43498
1,Sebastes_mentella-27_600505,2048,67146.43498
1,Sebastes_mentella-27_600505,2049,67146.43498
1,Sebastes_mentella-27_600505,2050,67146.43498
1,Sebastes_mentella-27_600505,2051,67146.43498
1,Sebastes_mentella-27_600505,2052,67146.43498
1,Sebastes_mentella-27_600505,2053,67146.43498
1,Sebastes_mentella-27_600505,2054,67146.43498
1,Sebastes_mentella-27_600505,2055,67146.43498
1,Sebastes_mentella-27_600505,2056,67146.43498
1,Sebastes_mentella-27_600505,2057,67146.43498
1,Sebastes_mentella-27_600505,2058,67146.43498
1,Sebastes_mentella-27_600505,2059,67146.43498
1,Sebastes_mentella-27_600505,2060,67146.43498
1,Sebastes_mentella-27_600505,2061,67146.43498
1,Sebastes_mentella-27_600505,2062,67146.43498
1,Sebastes_mentella-27_600505,2063,67146.43498
1,Sebastes_mentella-27_600505,2064,67146.43498
1,Sebastes_mentella-27_600505,2065,67146.43498
1,Sebastes_mentella-27_600505,2066,67146.43498
1,Sebastes_mentella-27_600505,2067,67146.43498
1,Sebastes_mentella-27_600505,2068,67146.43498
1,Micromesistius_poutassou-27_600031,1980,1071958.985
1,Micromesistius_poutassou-27_600031,1981,1071958.985
1,Micromesistius_poutassou-27_600031,1982,1071958.985
1,Micromesistius_poutassou-27_600031,1983,1071958.985
1,Micromesistius_poutassou-27_600031,1984,1071958.985
1,Micromesistius_poutassou-27_600031,1985,1071958.985
1,Micromesistius_poutassou-27_600031,1986,1071958.985
1,Micromesistius_poutassou-27_600031,1987,1071958.985
1,Micromesistius_poutassou-27_600031,1988,1071958.985
1,Micromesistius_poutassou-27_600031,1989,1071958.985
1,Micromesistius_poutassou-27_600031,1990,1071958.985
1,Micromesistius_poutassou-27_600031,1991,1071958.985
1,Micromesistius_poutassou-27_600031,1992,1071958.985
1,Micromesistius_poutassou-27_600031,1993,1071958.985
1,Micromesistius_poutassou-27_600031,1994,1071958.985
1,Micromesistius_poutassou-27_600031,1995,1071958.985
1,Micromesistius_poutassou-27_600031,1996,1071958.985
1,Micromesistius_poutassou-27_600031,1997,1071958.985
1,Micromesistius_poutassou-27_600031,1998,1071958.985
1,Micromesistius_poutassou-27_600031,1999,1071958.985
1,Micromesistius_poutassou-27_600031,2000,1071958.985
1,Micromesistius_poutassou-27_600031,2001,1071958.985
1,Micromesistius_poutassou-27_600031,2002,1071958.985
1,Micromesistius_poutassou-27_600031,2003,1071958.985
1,Micromesistius_poutassou-27_600031,2004,1071958.985
1,Micromesistius_poutassou-27_600031,2005,1071958.985
1,Micromesistius_poutassou-27_600031,2006,1071958.985
1,Micromesistius_poutassou-27_600031,2007,1071958.985
1,Micromesistius_poutassou-27_600031,2008,1071958.985
1,Micromesistius_poutassou-27_600031,2009,1071958.985
1,Micromesistius_poutassou-27_600031,2010,1071958.985
1,Micromesistius_poutassou-27_600031,2011,1071958.985
1,Micromesistius_poutassou-27_600031,2012,1071958.985
1,Micromesistius_poutassou-27_600031,2013,1071958.985
1,Micromesistius_poutassou-27_600031,2014,1071958.985
1,Micromesistius_poutassou-27_600031,2015,1071958.985
1,Micromesistius_poutassou-27_600031,2016,1071958.985
1,Micromesistius_poutassou-27_600031,2017,1071958.985
1,Micromesistius_poutassou-27_600031,2018,1071958.985
1,Micromesistius_poutassou-27_600031,2019,1071958.985
1,Micromesistius_poutassou-27_600031,2020,1071958.985
1,Micromesistius_poutassou-27_600031,2021,1071958.985
1,Micromesistius_poutassou-27_600031,2022,1071958.985
1,Micromesistius_poutassou-27_600031,2023,1071958.985
1,Micromesistius_poutassou-27_600031,2024,1071958.985
1,Micromesistius_poutassou-27_600031,2025,1071958.985
1,Micromesistius_poutassou-27_600031,2026,1071958.985
1,Micromesistius_poutassou-27_600031,2027,1071958.985
1,Micromesistius_poutassou-27_600031,2028,1071958.985
1,Micromesistius_poutassou-27_600031,2029,1071958.985
1,Micromesistius_poutassou-27_600031,2030,1071958.985
1,Micromesistius_poutassou-27_600031,2031,1071958.985
1,Micromesistius_poutassou-27_600031,2032,1071958.985
1,Micromesistius_poutassou-27_600031,2033,1071958.985
1,Micromesistius_poutassou-27_600031,2034,1071958.985
1,Micromesistius_poutassou-27_600031,2035,1071958.985
1,Micromesistius_poutassou-27_600031,2036,1071958.985
1,Micromesistius_poutassou-27_600031,2037,1071958.985
1,Micromesistius_poutassou-27_600031,2038,1071958.985
1,Micromesistius_poutassou-27_600031,2039,1071958.985
1,Micromesistius_poutassou-27_600031,2040,1071958.985
1,Micromesistius_poutassou-27_600031,2041,1071958.985
1,Micromesistius_poutassou-27_600031,2042,1071958.985
1,Micromesistius_poutassou-27_600031,2043,1071958.985
1,Micromesistius_poutassou-27_600031,2044,1071958.985
1,Micromesistius_poutassou-27_600031,2045,1071958.985
1,Micromesistius_poutassou-27_600031,2046,1071958.985
1,Micromesistius_poutassou-27_600031,2047,1071958.985
1,Micromesistius_poutassou-27_600031,2048,1071958.985
1,Micromesistius_poutassou-27_600031,2049,1071958.985
1,Micromesistius_poutassou-27_600031,2050,1071958.985
1,Micromesistius_poutassou-27_600031,2051,1071958.985
1,Micromesistius_poutassou-27_600031,2052,1071958.985
1,Micromesistius_poutassou-27_600031,2053,1071958.985
1,Micromesistius_poutassou-27_600031,2054,1071958.985
1,Micromesistius_poutassou-27_600031,2055,1071958.985
1,Micromesistius_poutassou-27_600031,2056,1071958.985
1,Micromesistius_poutassou-27_600031,2057,1071958.985
1,Micromesistius_poutassou-27_600031,2058,1071958.985
1,Micromesistius_poutassou-27_600031,2059,1071958.985
1,Micromesistius_poutassou-27_600031,2060,1071958.985
1,Micromesistius_poutassou-27_600031,2061,1071958.985
1,Micromesistius_poutassou-27_600031,2062,1071958.985
1,Micromesistius_poutassou-27_600031,2063,1071958.985
1,Micromesistius_poutassou-27_600031,2064,1071958.985
1,Micromesistius_poutassou-27_600031,2065,1071958.985
1,Micromesistius_poutassou-27_600031,2066,1071958.985
1,Micromesistius_poutassou-27_600031,2067,1071958.985
1,Micromesistius_poutassou-27_600031,2068,1071958.985
1,Clupea_harengus-27_600024,1980,138302.6187
1,Clupea_harengus-27_600024,1981,138302.6187
1,Clupea_harengus-27_600024,1982,138302.6187
1,Clupea_harengus-27_600024,1983,138302.6187
1,Clupea_harengus-27_600024,1984,138302.6187
1,Clupea_harengus-27_600024,1985,138302.6187
1,Clupea_harengus-27_600024,1986,138302.6187
1,Clupea_harengus-27_600024,1987,138302.6187
1,Clupea_harengus-27_600024,1988,138302.6187
1,Clupea_harengus-27_600024,1989,138302.6187
1,Clupea_harengus-27_600024,1990,138302.6187
1,Clupea_harengus-27_600024,1991,138302.6187
1,Clupea_harengus-27_600024,1992,138302.6187
1,Clupea_harengus-27_600024,1993,138302.6187
1,Clupea_harengus-27_600024,1994,138302.6187
1,Clupea_harengus-27_600024,1995,138302.6187
1,Clupea_harengus-27_600024,1996,138302.6187
1,Clupea_harengus-27_600024,1997,138302.6187
1,Clupea_harengus-27_600024,1998,138302.6187
1,Clupea_harengus-27_600024,1999,138302.6187
1,Clupea_harengus-27_600024,2000,138302.6187
1,Clupea_harengus-27_600024,2001,138302.6187
1,Clupea_harengus-27_600024,2002,138302.6187
1,Clupea_harengus-27_600024,2003,138302.6187
1,Clupea_harengus-27_600024,2004,138302.6187
1,Clupea_harengus-27_600024,2005,138302.6187
1,Clupea_harengus-27_600024,2006,138302.6187
1,Clupea_harengus-27_600024,2007,138302.6187
1,Clupea_harengus-27_600024,2008,138302.6187
1,Clupea_harengus-27_600024,2009,138302.6187
1,Clupea_harengus-27_600024,2010,138302.6187
1,Clupea_harengus-27_600024,2011,138302.6187
1,Clupea_harengus-27_600024,2012,138302.6187
1,Clupea_harengus-27_600024,2013,138302.6187
1,Clupea_harengus-27_600024,2014,138302.6187
1,Clupea_harengus-27_600024,2015,138302.6187
1,Clupea_harengus-27_600024,2016,138302.6187
1,Clupea_harengus-27_600024,2017,138302.6187
1,Clupea_harengus-27_600024,2018,138302.6187
1,Clupea_harengus-27_600024,2019,138302.6187
1,Clupea_harengus-27_600024,2020,138302.6187
1,Clupea_harengus-27_600024,2021,138302.6187
1,Clupea_harengus-27_600024,2022,138302.6187
1,Clupea_harengus-27_600024,2023,138302.6187
1,Clupea_harengus-27_600024,2024,138302.6187
1,Clupea_harengus-27_600024,2025,138302.6187
1,Clupea_harengus-27_600024,2026,138302.6187
1,Clupea_harengus-27_600024,2027,138302.6187
1,Clupea_harengus-27_600024,2028,138302.6187
1,Clupea_harengus-27_600024,2029,138302.6187
1,Clupea_harengus-27_600024,2030,138302.6187
1,Clupea_harengus-27_600024,2031,138302.6187
1,Clupea_harengus-27_600024,2032,138302.6187
1,Clupea_harengus-27_600024,2033,138302.6187
1,Clupea_harengus-27_600024,2034,138302.6187
1,Clupea_harengus-27_600024,2035,138302.6187
1,Clupea_harengus-27_600024,2036,138302.6187
1,Clupea_harengus-27_600024,2037,138302.6187
1,Clupea_harengus-27_600024,2038,138302.6187
1,Clupea_harengus-27_600024,2039,138302.6187
1,Clupea_harengus-27_600024,2040,138302.6187
1,Clupea_harengus-27_600024,2041,138302.6187
1,Clupea_harengus-27_600024,2042,138302.6187
1,Clupea_harengus-27_600024,2043,138302.6187
1,Clupea_harengus-27_600024,2044,138302.6187
1,Clupea_harengus-27_600024,2045,138302.6187
1,Clupea_harengus-27_600024,2046,138302.6187
1,Clupea_harengus-27_600024,2047,138302.6187
1,Clupea_harengus-27_600024,2048,138302.6187
1,Clupea_harengus-27_600024,2049,138302.6187
1,Clupea_harengus-27_600024,2050,138302.6187
1,Clupea_harengus-27_600024,2051,138302.6187
1,Clupea_harengus-27_600024,2052,138302.6187
1,Clupea_harengus-27_600024,2053,138302.6187
1,Clupea_harengus-27_600024,2054,138302.6187
1,Clupea_harengus-27_600024,2055,138302.6187
1,Clupea_harengus-27_600024,2056,138302.6187
1,Clupea_harengus-27_600024,2057,138302.6187
1,Clupea_harengus-27_600024,2058,138302.6187
1,Clupea_harengus-27_600024,2059,138302.6187
1,Clupea_harengus-27_600024,2060,138302.6187
1,Clupea_harengus-27_600024,2061,138302.6187
1,Clupea_harengus-27_600024,2062,138302.6187
1,Clupea_harengus-27_600024,2063,138302.6187
1,Clupea_harengus-27_600024,2064,138302.6187
1,Clupea_harengus-27_600024,2065,138302.6187
1,Clupea_harengus-27_600024,2066,138302.6187
1,Clupea_harengus-27_600024,2067,138302.6187
1,Clupea_harengus-27_600024,2068,138302.6187
1,Gadus_morhua-27_600069,1980,1707711.269
1,Gadus_morhua-27_600069,1981,1707711.269
1,Gadus_morhua-27_600069,1982,1707711.269
1,Gadus_morhua-27_600069,1983,1707711.269
1,Gadus_morhua-27_600069,1984,1707711.269
1,Gadus_morhua-27_600069,1985,1707711.269
1,Gadus_morhua-27_600069,1986,1707711.269
1,Gadus_morhua-27_600069,1987,1707711.269
1,Gadus_morhua-27_600069,1988,1707711.269
1,Gadus_morhua-27_600069,1989,1707711.269
1,Gadus_morhua-27_600069,1990,1707711.269
1,Gadus_morhua-27_600069,1991,1707711.269
1,Gadus_morhua-27_600069,1992,1707711.269
1,Gadus_morhua-27_600069,1993,1707711.269
1,Gadus_morhua-27_600069,1994,1707711.269
1,Gadus_morhua-27_600069,1995,1707711.269
1,Gadus_morhua-27_600069,1996,1707711.269
1,Gadus_morhua-27_600069,1997,1707711.269
1,Gadus_morhua-27_600069,1998,1707711.269
1,Gadus_morhua-27_600069,1999,1707711.269
1,Gadus_morhua-27_600069,2000,1707711.269
1,Gadus_morhua-27_600069,2001,1707711.269
1,Gadus_morhua-27_600069,2002,1707711.269
1,Gadus_morhua-27_600069,2003,1707711.269
1,Gadus_morhua-27_600069,2004,1707711.269
1,Gadus_morhua-27_600069,2005,1707711.269
1,Gadus_morhua-27_600069,2006,1707711.269
1,Gadus_morhua-27_600069,2007,1707711.269
1,Gadus_morhua-27_600069,2008,1707711.269
1,Gadus_morhua-27_600069,2009,1707711.269
1,Gadus_morhua-27_600069,2010,1707711.269
1,Gadus_morhua-27_600069,2011,1707711.269
1,Gadus_morhua-27_600069,2012,1707711.269
1,Gadus_morhua-27_600069,2013,1707711.269
1,Gadus_morhua-27_600069,2014,1707711.269
1,Gadus_morhua-27_600069,2015,1707711.269
1,Gadus_morhua-27_600069,2016,1707711.269
1,Gadus_morhua-27_600069,2017,1707711.269
1,Gadus_morhua-27_600069,2018,1707711.269
1,Gadus_morhua-27_600069,2019,1707711.269
1,Gadus_morhua-27_600069,2020,1707711.269
1,Gadus_morhua-27_600069,2021,1707711.269
1,Gadus_morhua-27_600069,2022,1707711.269
1,Gadus_morhua-27_600069,2023,1707711.269
1,Gadus_morhua-27_600069,2024,1707711.269
1,Gadus_morhua-27_600069,2025,1707711.269
1,Gadus_morhua-27_600069,2026,1707711.269
1,Gadus_morhua-27_600069,2027,1707711.269
1,Gadus_morhua-27_600069,2028,1707711.269
1,Gadus_morhua-27_600069,2029,1707711.269
1,Gadus_morhua-27_600069,2030,1707711.269
1,Gadus_morhua-27_600069,2031,1707711.269
1,Gadus_morhua-27_600069,2032,1707711.269
1,Gadus_morhua-27_600069,2033,1707711.269
1,Gadus_morhua-27_600069,2034,1707711.269
1,Gadus_morhua-27_600069,2035,1707711.269
1,Gadus_morhua-27_600069,2036,1707711.269
1,Gadus_morhua-27_600069,2037,1707711.269
1,Gadus_morhua-27_600069,2038,1707711.269
1,Gadus_morhua-27_600069,2039,1707711.269
1,Gadus_morhua-27_600069,2040,1707711.269
1,Gadus_morhua-27_600069,2041,1707711.269
1,Gadus_morhua-27_600069,2042,1707711.269
1,Gadus_morhua-27_600069,2043,1707711.269
1,Gadus_morhua-27_600069,2044,1707711.269
1,Gadus_morhua-27_600069,2045,1707711.269
1,Gadus_morhua-27_600069,2046,1707711.269
1,Gadus_morhua-27_600069,2047,1707711.269
1,Gadus_morhua-27_600069,2048,1707711.269
1,Gadus_morhua-27_600069,2049,1707711.269
1,Gadus_morhua-27_600069,2050,1707711.269
1,Gadus_morhua-27_600069,2051,1707711.269
1,Gadus_morhua-27_600069,2052,1707711.269
1,Gadus_morhua-27_600069,2053,1707711.269
1,Gadus_morhua-27_600069,2054,1707711.269
1,Gadus_morhua-27_600069,2055,1707711.269
1,Gadus_morhua-27_600069,2056,1707711.269
1,Gadus_morhua-27_600069,2057,1707711.269
1,Gadus_morhua-27_600069,2058,1707711.269
1,Gadus_morhua-27_600069,2059,1707711.269
1,Gadus_morhua-27_600069,2060,1707711.269
1,Gadus_morhua-27_600069,2061,1707711.269
1,Gadus_morhua-27_600069,2062,1707711.269
1,Gadus_morhua-27_600069,2063,1707711.269
1,Gadus_morhua-27_600069,2064,1707711.269
1,Gadus_morhua-27_600069,2065,1707711.269
1,Gadus_morhua-27_600069,2066,1707711.269
1,Gadus_morhua-27_600069,2067,1707711.269
1,Gadus_morhua-27_600069,2068,1707711.269
1,Mallotus_villosus-27_600252,1980,228858.2884
1,Mallotus_villosus-27_600252,1981,228858.2884
1,Mallotus_villosus-27_600252,1982,228858.2884
1,Mallotus_villosus-27_600252,1983,228858.2884
1,Mallotus_villosus-27_600252,1984,228858.2884
1,Mallotus_villosus-27_600252,1985,228858.2884
1,Mallotus_villosus-27_600252,1986,228858.2884
1,Mallotus_villosus-27_600252,1987,228858.2884
1,Mallotus_villosus-27_600252,1988,228858.2884
1,Mallotus_villosus-27_600252,1989,228858.2884
1,Mallotus_villosus-27_600252,1990,228858.2884
1,Mallotus_villosus-27_600252,1991,228858.2884
1,Mallotus_villosus-27_600252,1992,228858.2884
1,Mallotus_villosus-27_600252,1993,228858.2884
1,Mallotus_villosus-27_600252,1994,228858.2884
1,Mallotus_villosus-27_600252,1995,228858.2884
1,Mallotus_villosus-27_600252,1996,228858.2884
1,Mallotus_villosus-27_600252,1997,228858.2884
1,Mallotus_villosus-27_600252,1998,228858.2884
1,Mallotus_villosus-27_600252,1999,228858.2884
1,Mallotus_villosus-27_600252,2000,228858.2884
1,Mallotus_villosus-27_600252,2001,228858.2884
1,Mallotus_villosus-27_600252,2002,228858.2884
1,Mallotus_villosus-27_600252,2003,228858.2884
1,Mallotus_villosus-27_600252,2004,228858.2884
1,Mallotus_villosus-27_600252,2005,228858.2884
1,Mallotus_villosus-27_600252,2006,228858.2884
1,Mallotus_villosus-27_600252,2007,228858.2884
1,Mallotus_villosus-27_600252,2008,228858.2884
1,Mallotus_villosus-27_600252,2009,228858.2884
1,Mallotus_villosus-27_600252,2010,228858.2884
1,Mallotus_villosus-27_600252,2011,228858.2884
1,Mallotus_villosus-27_600252,2012,228858.2884
1,Mallotus_villosus-27_600252,2013,228858.2884
1,Mallotus_villosus-27_600252,2014,228858.2884
1,Mallotus_villosus-27_600252,2015,228858.2884
1,Mallotus_villosus-27_600252,2016,228858.2884
1,Mallotus_villosus-27_600252,2017,228858.2884
1,Mallotus_villosus-27_600252,2018,228858.2884
1,Mallotus_villosus-27_600252,2019,228858.2884
1,Mallotus_villosus-27_600252,2020,228858.2884
1,Mallotus_villosus-27_600252,2021,228858.2884
1,Mallotus_villosus-27_600252,2022,228858.2884
1,Mallotus_villosus-27_600252,2023,228858.2884
1,Mallotus_villosus-27_600252,2024,228858.2884
1,Mallotus_villosus-27_600252,2025,228858.2884
1,Mallotus_villosus-27_600252,2026,228858.2884
1,Mallotus_villosus-27_600252,2027,228858.2884
1,Mallotus_villosus-27_600252,2028,228858.2884
1,Mallotus_villosus-27_600252,2029,228858.2884
1,Mallotus_villosus-27_600252,2030,228858.2884
1,Mallotus_villosus-27_600252,2031,228858.2884
1,Mallotus_villosus-27_600252,2032,228858.2884
1,Mallotus_villosus-27_600252,2033,228858.2884
1,Mallotus_villosus-27_600252,2034,228858.2884
1,Mallotus_villosus-27_600252,2035,228858.2884
1,Mallotus_villosus-27_600252,2036,228858.2884
1,Mallotus_villosus-27_600252,2037,228858.2884
1,Mallotus_villosus-27_600252,2038,228858.2884
1,Mallotus_villosus-27_600252,2039,228858.2884
1,Mallotus_villosus-27_600252,2040,228858.2884
1,Mallotus_villosus-27_600252,2041,228858.2884
1,Mallotus_villosus-27_600252,2042,228858.2884
1,Mallotus_villosus-27_600252,2043,228858.2884
1,Mallotus_villosus-27_600252,2044,228858.2884
1,Mallotus_villosus-27_600252,2045,228858.2884
1,Mallotus_villosus-27_600252,2046,228858.2884
1,Mallotus_villosus-27_600252,2047,228858.2884
1,Mallotus_villosus-27_600252,2048,228858.2884
1,Mallotus_villosus-27_600252,2049,228858.2884
1,Mallotus_villosus-27_600252,2050,228858.2884
1,Mallotus_villosus-27_600252,2051,228858.2884
1,Mallotus_villosus-27_600252,2052,228858.2884
1,Mallotus_villosus-27_600252,2053,228858.2884
1,Mallotus_villosus-27_600252,2054,228858.2884
1,Mallotus_villosus-27_600252,2055,228858.2884
1,Mallotus_villosus-27_600252,2056,228858.2884
1,Mallotus_villosus-27_600252,2057,228858.2884
1,Mallotus_villosus-27_600252,2058,228858.2884
1,Mallotus_villosus-27_600252,2059,228858.2884
1,Mallotus_villosus-27_600252,2060,228858.2884
1,Mallotus_villosus-27_600252,2061,228858.2884
1,Mallotus_villosus-27_600252,2062,228858.2884
1,Mallotus_villosus-27_600252,2063,228858.2884
1,Mallotus_villosus-27_600252,2064,228858.2884
1,Mallotus_villosus-27_600252,2065,228858.2884
1,Mallotus_villosus-27_600252,2066,228858.2884
1,Mallotus_villosus-27_600252,2067,228858.2884
1,Mallotus_villosus-27_600252,2068,228858.2884
1,Pandalus_borealis-27_690269,1980,298507.8865
1,Pandalus_borealis-27_690269,1981,298507.8865
1,Pandalus_borealis-27_690269,1982,298507.8865
1,Pandalus_borealis-27_690269,1983,298507.8865
1,Pandalus_borealis-27_690269,1984,298507.8865
1,Pandalus_borealis-27_690269,1985,298507.8865
1,Pandalus_borealis-27_690269,1986,298507.8865
1,Pandalus_borealis-27_690269,1987,298507.8865
1,Pandalus_borealis-27_690269,1988,298507.8865
1,Pandalus_borealis-27_690269,1989,298507.8865
1,Pandalus_borealis-27_690269,1990,298507.8865
1,Pandalus_borealis-27_690269,1991,298507.8865
1,Pandalus_borealis-27_690269,1992,298507.8865
1,Pandalus_borealis-27_690269,1993,298507.8865
1,Pandalus_borealis-27_690269,1994,298507.8865
1,Pandalus_borealis-27_690269,1995,298507.8865
1,Pandalus_borealis-27_690269,1996,298507.8865
1,Pandalus_borealis-27_690269,1997,298507.8865
1,Pandalus_borealis-27_690269,1998,298507.8865
1,Pandalus_borealis-27_690269,1999,298507.8865
1,Pandalus_borealis-27_690269,2000,298507.8865
1,Pandalus_borealis-27_690269,2001,298507.8865
1,Pandalus_borealis-27_690269,2002,298507.8865
1,Pandalus_borealis-27_690269,2003,298507.8865
1,Pandalus_borealis-27_690269,2004,298507.8865
1,Pandalus_borealis-27_690269,2005,298507.8865
1,Pandalus_borealis-27_690269,2006,298507.8865
1,Pandalus_borealis-27_690269,2007,298507.8865
1,Pandalus_borealis-27_690269,2008,298507.8865
1,Pandalus_borealis-27_690269,2009,298507.8865
1,Pandalus_borealis-27_690269,2010,298507.8865
1,Pandalus_borealis-27_690269,2011,298507.8865
1,Pandalus_borealis-27_690269,2012,298507.8865
1,Pandalus_borealis-27_690269,2013,298507.8865
1,Pandalus_borealis-27_690269,2014,298507.8865
1,Pandalus_borealis-27_690269,2015,298507.8865
1,Pandalus_borealis-27_690269,2016,298507.8865
1,Pandalus_borealis-27_690269,2017,298507.8865
1,Pandalus_borealis-27_690269,2018,298507.8865
1,Pandalus_borealis-27_690269,2019,298507.8865
1,Pandalus_borealis-27_690269,2020,298507.8865
1,Pandalus_borealis-27_690269,2021,298507.8865
1,Pandalus_borealis-27_690269,2022,298507.8865
1,Pandalus_borealis-27_690269,2023,298507.8865
1,Pandalus_borealis-27_690269,2024,298507.8865
1,Pandalus_borealis-27_690269,2025,298507.8865
1,Pandalus_borealis-27_690269,2026,298507.8865
1,Pandalus_borealis-27_690269,2027,298507.8865
1,Pandalus_borealis-27_690269,2028,298507.8865
1,Pandalus_borealis-27_690269,2029,298507.8865
1,Pandalus_borealis-27_690269,2030,298507.8865
1,Pandalus_borealis-27_690269,2031,298507.8865
1,Pandalus_borealis-27_690269,2032,298507.8865
1,Pandalus_borealis-27_690269,2033,298507.8865
1,Pandalus_borealis-27_690269,2034,298507.8865
1,Pandalus_borealis-27_690269,2035,298507.8865
1,Pandalus_borealis-27_690269,2036,298507.8865
1,Pandalus_borealis-27_690269,2037,298507.8865
1,Pandalus_borealis-27_690269,2038,298507.8865
1,Pandalus_borealis-27_690269,2039,298507.8865
1,Pandalus_borealis-27_690269,2040,298507.8865
1,Pandalus_borealis-27_690269,2041,298507.8865
1,Pandalus_borealis-27_690269,2042,298507.8865
1,Pandalus_borealis-27_690269,2043,298507.8865
1,Pandalus_borealis-27_690269,2044,298507.8865
1,Pandalus_borealis-27_690269,2045,298507.8865
1,Pandalus_borealis-27_690269,2046,298507.8865
1,Pandalus_borealis-27_690269,2047,298507.8865
1,Pandalus_borealis-27_690269,2048,298507.8865
1,Pandalus_borealis-27_690269,2049,298507.8865
1,Pandalus_borealis-27_690269,2050,298507.8865
1,Pandalus_borealis-27_690269,2051,298507.8865
1,Pandalus_borealis-27_690269,2052,298507.8865
1,Pandalus_borealis-27_690269,2053,298507.8865
1,Pandalus_borealis-27_690269,2054,298507.8865
1,Pandalus_borealis-27_690269,2055,298507.8865
1,Pandalus_borealis-27_690269,2056,298507.8865
1,Pandalus_borealis-27_690269,2057,298507.8865
1,Pandalus_borealis-27_690269,2058,298507.8865
1,Pandalus_borealis-27_690269,2059,298507.8865
1,Pandalus_borealis-27_690269,2060,298507.8865
1,Pandalus_borealis-27_690269,2061,298507.8865
1,Pandalus_borealis-27_690269,2062,298507.8865
1,Pandalus_borealis-27_690269,2063,298507.8865
1,Pandalus_borealis-27_690269,2064,298507.8865
1,Pandalus_borealis-27_690269,2065,298507.8865
1,Pandalus_borealis-27_690269,2066,298507.8865
1,Pandalus_borealis-27_690269,2067,298507.8865
1,Pandalus_borealis-27_690269,2068,298507.8865
