1,NA,NA,NA,NA,NA,NA,NA,NA,NA,NA,NA,-0.000176827190353279,0.000589612611857859,0.00140385219709049,0.00170477217101039,0.00174776623760575,0.00191604270671908,0.00207155825639971,0.0019906056839889,0.00183757556298758,0.001794922636706,0.00171511837392169,0.00151612234295939,0.00146662436021661,0.00170457652697342,0.00189498621297757,0.00174351200537837,0.00146323616023603,0.00136246568807952,0.00134303909669553,0.00119007689745443,0.00101020002680219,0.000984882363700645,0.000996525449525887,0.000884212854138866,0.000785830672179522,0.000857948772199357,0.000936739036618839,0.000839769229167953,0.000722365430612104,0.00076898202255693,0.000818389547568632,0.000675838757558278,0.000510786354825044,0.000545132645668023,0.000626075930334924,0.000524830099750684,0.000385395446662162,0.00043956111082144,0.000542087538482061,0.000448869566331389,0.000302737706618483,0.000361280635759798,0.000484465934396994,0.000397946287478579,0.000235650511307028,0.000289371054841503,0.000434252313312289,0.000362484373422678,0.000189459978008788,0.000237873572859204,0.000399123145955471,0.000332667083395854,0.000141628816675787,0.000189082410473773,0.00037692786304877,0.000313001367551635,9.0431523447343e-05,0.000140656482323642,0.000376613256515057,0.00031237540475848,3.23074450103711e-05,0.000119577262332804,0.000495934989424907,0.000320270645504994,-0.000630140112714894,-0.00141451458718667,-0.00125699857841521,-0.000610936359218606,-0.000326967048828841,-0.000465648820704434,-0.000576818186492467,-0.00057803815222357,-0.000676477896085714,-0.000829571218444958,-0.00088056661354674,-0.000907423531934182,-0.000972105515105959,-0.000885834433066002,-0.000631376469723222,-0.000581458512026511,-0.000870094623583562,-0.00102771443144745,-0.000710688757552091,-0.000294107953898948,-0.000229371735319894,-0.000328186040098988,-0.000245926334104585,-0.000152477006585272,-0.000297362792780032,-0.000412890311115799,-0.000218121115536096,-3.00921296156886e-05,-0.000184241069056235,-0.000348621167325813,-0.000144866262866916,8.13740778884409e-05,-8.93619542150503e-05,-0.000290007497159461,-5.03749961562328e-05,0.000232619107037202,1.13199385354257e-05,-0.000304230257061278,-8.29954043326531e-05,0.00026015705215876,1.3857002215456e-05,-0.00038327992403886,-0.000110441803130801,0.000365135590840282,7.67886574828403e-05,-0.000478518615885104,-0.000142838495168274,0.000546262025518107,0.000157723176140934,-0.000714436281645359,-0.000209348389040187,0.000996815193859746,0.000220537276702348,-0.0018647721344629,-0.000489375830291738,0.00602017174556924,0.0122079888835902
1,NA,NA,NA,NA,NA,NA,NA,NA,NA,NA,NA,-0.00239044519605969,-0.00300230353662823,-0.0040927755744935,-0.00543236977461259,-0.00692334094563396,-0.00855259453319324,-0.0103372298454172,-0.0123888049421543,-0.0146983481326153,-0.0166943913762818,-0.0173586068794345,-0.0161336240035528,-0.01360214950029,-0.0110027628934928,-0.00912942365092118,-0.00787699306767831,-0.00671709554129674,-0.00530852803982995,-0.00364666049223317,-0.00191758201001413,-0.000374519909313697,0.000745313502247491,0.00131993137605502,0.00140199619048964,0.00118907212292196,0.000904221150966222,0.000619421502118911,0.000190989120779861,-0.000512041237172411,-0.00130257526961675,-0.0017864818638138,-0.00185708985077859,-0.0018553447243006,-0.00207461088863958,-0.0023369857477693,-0.00232786631119808,-0.00215369313621405,-0.00217384230711826,-0.00233977834809984,-0.00215093026391067,-0.00141405045910936,-0.000710538800051452,-0.000849791296283264,-0.00198911366462529,-0.00345776612416504,-0.00436095858867525,-0.00426448152841274,-0.00342065038300365,-0.00248163040150118,-0.00196191866109796,-0.0018828214671025,-0.00189237607970139,-0.00165006282732438,-0.00103696851627877,-0.000166299140808235,0.00055574040513573,0.000492760636486622,-0.000675787741005074,-0.00236689089539599,-0.00342564269533252,-0.00325768273737559,-0.00235077784281668,-0.00149572734083936,-0.000882892250626988,-0.000322049860266738,3.13130844320497e-05,-0.000207351115069088,-0.000914502581390586,-0.00147263347014448,-0.00164940606054653,-0.0019308935330633,-0.00271426067659508,-0.00359319636886468,-0.00382941850398222,-0.0032880051580646,-0.00251769676611868,-0.00201894388178747,-0.00178708470838096,-0.00155378814600748,-0.00114962580395783,-0.000549495064924521,0.000178230823628667,0.000803707511789042,0.000963865511215189,0.000456211187988664,-0.000480005392496707,-0.0012635870400528,-0.00140598028605066,-0.000873605929786692,-5.04391614182254e-05,0.00064612779447959,0.0011188354809013,0.00155808740291707,0.00206873820653009,0.00240748077979802,0.00219588883824606,0.00140867210962536,0.000539005578657381,0.000158597585436127,0.000330128165777488,0.000596167723750263,0.000608518294191285,0.000591638040326359,0.000956315958148046,0.00154331264810459,0.0016403256169939,0.000923384712463005,3.42316454391423e-05,-0.000177289837258954,0.000182278780472167,0.000151992769797715,-0.000756032549467989,-0.00183336757538388,-0.00206943737530985,-0.00140021020188552,-0.00062666243757814,-0.000258432346411652,6.03028732255595e-05,0.000875323690361363,0.00205117017922607,0.00287609353282825
1,NA,NA,NA,NA,NA,NA,NA,NA,NA,NA,NA,-0.00895333578365953,-0.00738260372239719,-0.00757126543043452,-0.0103815398060449,-0.0117900823444348,-0.0090406760738837,-0.00510287246753016,-0.00401925345968124,-0.00522746169039312,-0.00569870641996051,-0.00494643973937503,-0.00448663969786267,-0.00434947566272825,-0.00353595498550519,-0.00263428354116346,-0.00294814636730667,-0.00398679430480708,-0.00442668797374868,-0.00448928158684847,-0.00479331556042961,-0.00413551610820484,-0.00148786763633613,0.00081110480507629,-0.000521542629258853,-0.00429839659884568,-0.00555986130527408,-0.00240177077107795,0.00121520656483121,0.000917848693135603,-0.00252993050888506,-0.00507143653001041,-0.00479598321378027,-0.00325514806690297,-0.00229413067687378,-0.00181024194572199,-0.000934165025366696,-2.58841500935247e-05,-0.000461832586589495,-0.00246959422465221,-0.00397873856755737,-0.00266405005473747,0.000811796746440052,0.00293994906081618,0.00151505333851354,-0.0016762310246099,-0.00352473447830537,-0.00355379088238639,-0.00336219502696977,-0.00335962462730066,-0.00262166700693989,-0.00141375423037715,-0.00104589618210049,-0.00118675389104617,-0.000135459173862706,0.00175445324998869,0.00174799796511049,-0.00114206223703839,-0.00424444116868905,-0.0048365879868868,-0.00348298747881071,-0.0022891055687202,-0.00184473055396683,-0.00158712824539897,-0.00144398132461276,-0.0013350710193496,-0.000521917503527369,0.000875276867311925,0.00117938887784597,-0.000336582572154853,-0.00176097580779722,-0.0012273864044996,0.000195105699044795,0.000381538465019204,-0.000467359514257026,-0.000677163133909531,-0.000158020185510033,-2.7691899314064e-05,-4.58231580777735e-05,0.000863129456462275,0.00207806770632768,0.00204545758605068,0.00130459270121275,0.00190731836043323,0.00372726207469487,0.0041643171446335,0.00200983000833155,-0.000967371157693186,-0.00285896647720651,-0.00348829270739426,-0.00278247187803515,-8.6976987830667e-05,0.00358156040361912,0.00513226598781458,0.00306462117834183,-0.00033313427753523,-0.00211491504233763,-0.00227227810751884,-0.00246631427796729,-0.00285688454471611,-0.00239049641605593,-0.0011993241333057,-0.000540544954453104,-0.000767914936932179,-0.00107216550703093,-0.000992058309411625,-0.000841246995577194,-0.000864666206532583,-0.00102732067177236,-0.00135130947503104,-0.00168378237825362,-0.00163924182027397,-0.00139459322040292,-0.00169907962456683,-0.00242535388914522,-0.00229077818698276,-0.000959077186821311,-4.92005678447427e-05,-0.000736762006865455,-0.00173746179298995,-0.00137313771071046,-0.000328768949203528
1,NA,NA,NA,NA,NA,NA,NA,NA,NA,NA,NA,0.00195315462600298,0.003214604640708,0.00161268831001582,-0.00349975399761338,-0.00633794359821405,-0.00289841040097372,0.00277206654683848,0.004515585535672,0.00236323981371633,0.000605732666612901,0.000664500632880483,0.000678665081808028,0.000281766228736657,0.000909367844171172,0.00202968921627367,0.00145877404383654,-0.000472670441201473,-0.000864760233215911,0.00113299067397499,0.00296140380059473,0.00269186593365323,0.00149863158953245,0.00106781781903376,0.00110663663234156,0.000729180759034165,0.000255161461219622,0.000255752564073397,0.000348402530771175,0.000107054690046127,-7.4863168122441e-05,7.49383269287307e-05,8.30536403464421e-05,-0.000239361285694351,-0.000337024514012185,-8.05476085954382e-05,-0.000114958560130773,-0.000487830217500651,-0.000382258916726386,0.000127971822085016,-0.000304114778852949,-0.00195441572564459,-0.00292695842825097,-0.00174236365910385,0.000334928407821344,0.00108874848100537,0.000382495991025245,-0.0002334395364052,-0.000116188381932503,1.00099392001951e-05,-0.000238310680244602,-0.000381152312082911,-0.000210051267125699,-0.00013442243710049,-0.000321804883688159,-0.000478024627947882,-0.000488336293993363,-0.000495743644473023,-0.000468699130289352,-0.000357018104710782,-0.00038374843133937,-0.000566605883692617,-0.000475247789080591,-0.000162642684164105,-0.00055810647944643,-0.00193698871978576,-0.00286876902769251,-0.0020742249851029,-0.00058532880443618,-0.000349391770308571,-0.00121066692054583,-0.00129805565121988,-0.000260643551780682,0.000129069755448796,-0.000989513204811665,-0.00208897317585155,-0.00171381522300162,-0.000565226311485034,1.01215459098469e-05,2.50887016317591e-06,-8.99782830785512e-05,-0.000604450077341667,-0.00166244213703237,-0.00200634800900801,-0.00073534566093425,0.000629548410371328,-0.000155194392464253,-0.00261491533966662,-0.00382868443755857,-0.00232787729670569,8.14845380734397e-05,0.000968543615012862,0.000214984032146148,-0.00061596641161632,-0.000696549945525149,-0.000522794959654682,-0.000633371244977532,-0.000871392659138159,-0.000919956511335585,-0.000827119113523622,-0.000802458245715343,-0.000877507113799858,-0.00094350739926341,-0.000947751866396729,-0.000933384743008858,-0.000942260077044565,-0.000948487827559852,-0.000911664793234124,-0.000867842337364699,-0.000887303031229969,-0.000939547245575767,-0.000929139645455379,-0.000888046980177748,-0.000944476060124266,-0.00105189893842006,-0.00101042584016575,-0.000858090717168913,-0.000896291407223693,-0.0011206961006538,-0.00103084772147177,-0.000378867251038528,0.000281445288186966
1,NA,NA,NA,NA,NA,NA,NA,NA,NA,NA,NA,0.00202548366552247,0.00195610194886342,0.000829307471541973,0.000303722426219011,-0.003370679509902,-0.000782262438813852,0.00232774201887143,0.000918292883883787,0.00106883408811953,0.000406743572247237,-1.50372997307358e-05,0.00056374446692864,0.000134129051953202,0.00061132658221652,0.000912148586744266,0.0010090897115802,-0.000640314026310485,-0.00171238169084997,-0.000928365000484987,-0.000457159545127261,-0.000707849789097992,-0.000910448679333875,-0.000975024201810726,-0.00110090141642871,-0.000479513017690891,0.000422017544572384,0.000631295592430803,0.000533757320858363,0.000540900312635983,0.000946525662427256,0.000752489950056834,0.000562855457824085,0.000447178853058006,0.000313173203775108,0.000136116717835755,0.000114957618482237,1.56300739009296e-05,-7.58054399483399e-05,-0.000158689322296901,-0.000231466265426583,-0.000330980253727908,-0.00219825981443389,-0.000474665340096436,-0.000100015044401047,-0.000274155212654392,-0.00039723649540413,-0.00051765566268358,-0.000570796835031473,-0.000639279621834632,-0.000723817847985586,-0.000718411544934128,-0.000711472038386951,-0.000678645810441303,-0.000643838561793508,-0.000676062892633666,-0.000766565223012883,-0.000684199029649335,-0.000696881871943944,-0.000703183970210297,-0.00073098793715598,-0.000701028756170174,-0.00072997372950212,-0.000769422776389028,-0.000822288453789177,-0.000854344540806018,-0.00285543722380233,-0.000411237163385536,-0.000510899839683887,-0.000811539421478713,-0.00111847132407394,-0.000952907637813638,-0.000271947986437482,-0.00061565155603116,-0.000573391292860492,-0.00138605592152263,-0.0012945182335331,-0.00104694831499597,-6.10955928950219e-05,-0.000612051469816244,-0.000110037625842274,-0.000621243112072456,-0.00120612472128379,-0.00121431768686087,-0.000529707171559757,-0.00046558793035878,-0.000521719423950628,-0.000626387491346136,-0.00293492957833408,-0.000901664944966463,-0.00025575343045503,-0.000402114825798883,-0.000532493842233528,-0.000624413066617535,-0.000711761401806399,-0.000743270898732717,-0.000778198430816168,-0.000807787762297174,-0.000886943810532337,-0.000849731329693348,-0.000866629117902029,-0.000881196372042758,-0.000897531742078961,-0.000906390570817983,-0.000957551268973234,-0.000923518905085352,-0.000933968498876503,-0.00094557192236433,-0.00101828011233174,-0.000954818073263475,-0.000966607826983434,-0.00097757001459442,-0.0010572561953035,-0.000986682025423846,-0.000961485601172818,-0.000956300268061483,-0.00104756619626212,-0.000997441068430582,-0.00100392257052384,-0.00099953081299109,-0.0010337741190023,0.000204448320265449
1,NA,NA,NA,NA,NA,NA,NA,NA,NA,NA,NA,0.00590877660872913,0.00680391105195621,0.00639020607642671,0.00377791697512952,0.0013406898600663,0.00137996842113175,0.00281753219747349,0.00309631628643192,0.00187579270057059,0.000822088037389257,0.000723261192906222,0.000898807738760166,0.00100168111210452,0.00142665549282173,0.0019546942598625,0.00171785255430512,0.000764315441757812,0.00022656824992584,0.000585093536790371,0.00100845948757033,0.000822300489812022,0.000484354054530289,0.000569379880254406,0.000790810453932256,0.000678721292295847,0.000433431818713803,0.000435912801979743,0.000523579345815595,0.000383115003404377,0.000175642261907694,0.000193323379680699,0.000296019239147238,0.000215553843889715,7.47251285524442e-05,0.000120706473730081,0.000248425826170351,0.000233641205996449,0.000155186260361706,0.000169948677881671,0.000150904574482524,-3.58863710028245e-05,-0.000165885497856788,4.6971970126819e-06,0.000273559692951952,0.000291283862961844,0.000117060880221231,5.88300927901741e-05,0.000142858985923588,0.000157868755183976,8.09424968131189e-05,6.47061106877622e-05,0.000112366128797614,0.000111267769448364,8.01126869736102e-05,9.17967016129673e-05,9.48854135667254e-05,5.96128982182087e-05,8.83204435511153e-05,0.000157726364920396,7.7567463648176e-05,-5.50701024288891e-05,0.000136090004867473,0.000462870045860875,8.41858042077703e-06,-0.00148493198975652,-0.00270086916904244,-0.00226452171732427,-0.000761220068401514,-1.19747325997288e-05,-0.000513853541027398,-0.000999793671218718,-0.000677163410126802,-0.000382086641245838,-0.000900826397886689,-0.00151284037083377,-0.00120325754414452,-0.000332418207516838,1.07702219498407e-06,-0.000427794869463316,-0.00102924223734391,-0.00148800852666575,-0.00175175977272923,-0.0014415722379777,-0.00041211234245031,0.000451176604517656,0.000168504682838577,-0.000797172671270108,-0.00109572886322429,-0.000464695569426965,6.47013826466925e-05,-6.05350754656619e-05,-0.000238581884135947,-4.1543829997881e-05,6.29535044902596e-05,-0.000216894924827127,-0.000363721955876084,-8.11523518646773e-05,8.53888130980529e-05,-0.000193284877938016,-0.000346890832817248,1.91546831729283e-07,0.000235871430047219,-0.000108008035415441,-0.000400317092598357,-5.49601129731236e-05,0.000316643991134846,2.83916765368986e-05,-0.00032582305902773,2.33524433692622e-05,0.000438291739927266,-2.57838207184946e-06,-0.000591430782147739,-0.000140317614228724,0.000595327876630414,3.92428408355627e-05,-0.000984354034370583,-0.000176343955010427,0.00162832458066742,0.000277968375441695,-0.00545500218325179,-0.010790648683662
1,NA,NA,NA,NA,NA,NA,NA,NA,NA,NA,NA,0.00528316994227396,0.00535443454685325,0.00462306413051916,0.00288791172002156,0.00128078754952288,0.000788819253979334,0.000970092524394062,0.00086408387357384,0.00048292696722374,0.000514968668883675,0.00100162650076374,0.00129470562429823,0.00119464333005403,0.00120508637716199,0.00153319670442276,0.00162853430500576,0.00103970902731731,0.000150017637580824,-0.000344434852203257,-0.000307275470441404,-0.000113540114098143,1.16236367366795e-05,0.000181207429194252,0.000464015458658373,0.000701077429413388,0.000779165400663473,0.000820075339883708,0.000932184492262955,0.000920630839595482,0.000478200100577197,-0.000317208032766025,-0.000914530659786195,-0.000866713471031844,-0.000369325347145733,9.18546200523451e-06,6.08491599560779e-05,8.158836562e-05,0.000269857494758163,0.000403083064904664,0.000313218997003872,0.000271138617922162,0.000506729660001426,0.000649051269022927,0.000167248988507396,-0.000753305100858803,-0.00131724698306623,-0.00113489835494462,-0.000643987836657089,-0.000398491176778037,-0.000393887150991645,-0.000319582768195659,-9.09306570129331e-05,0.000178032113773874,0.00045331797271686,0.000694554013946913,0.000655179271044304,0.000104078845111211,-0.000775211147787225,-0.00142866747240245,-0.00141096226482862,-0.000765067111741402,2.73503799608221e-06,0.000290912523166043,-9.31634948129201e-05,-0.000698930877796045,-0.000850213007196565,-0.000391437860910671,0.000146477365058573,0.000211041619882835,-0.000166575103807354,-0.000576805540471348,-0.000787476890714345,-0.000838183692497552,-0.000763442013285598,-0.000535433194647439,-0.00022527661602556,2.71185788101036e-05,0.000190033485449881,0.000326563017881476,0.000463570194009222,0.000604470157500536,0.000750888232625258,0.000763502672842975,0.000389012670387601,-0.000339043693529995,-0.000907945601783311,-0.000847048600526534,-0.000319791861451257,0.000127651419767894,0.000290636946284728,0.000398124331993266,0.000570631904222907,0.000661689276213906,0.000675546409841132,0.000848967317801375,0.00113903201583732,0.00106320941476046,0.000338728725042259,-0.000622386279069076,-0.00115265543251475,-0.00105153088781496,-0.000615109546924231,-0.000153346401073229,0.000216679331687786,0.000419109863838862,0.000387008060573457,0.00021372514719431,0.000136587805695143,0.000280205523074173,0.000457241688962107,0.000277326457765348,-0.000441194147305701,-0.00129732598735988,-0.00154440933463995,-0.000969523967334851,-0.000335996563225471,-0.000444944403297676,-0.000839484359515197,-0.000202522231065316,0.00170576408733059,0.00337848016341802
1,NA,NA,NA,NA,NA,NA,NA,NA,NA,NA,NA,0.00144798819651903,0.00108799423757144,0.000535533929586496,-0.000143270758597325,-0.000625384065603196,-0.000204939972121121,0.00113173128783339,0.00211266188898707,0.00171435353750748,0.000703050966033292,0.000435060370894913,0.000766565536960417,0.000666763104384849,0.000312712395145631,0.000699700893566302,0.00149988997975248,0.00139005963096395,0.000482358279148443,0.000272714059409207,0.000956660241480112,0.00102502971477048,1.14641513628833e-05,-0.000615732834411631,-7.34612680801661e-05,0.00042181357148019,-2.43725401909423e-05,-0.000438505440210513,2.02673907758744e-05,0.000465425937661301,7.36538805896636e-05,-0.000328921181898423,4.85488134205347e-05,0.000373473871527974,-0.000152175408091981,-0.000638487921472475,-0.000163133722695274,0.000421914845047056,7.34562284816498e-05,-0.000472783965332013,-0.000137426856474665,0.000433056385729103,0.000148028160881886,-0.000414679990095035,-0.000174153087877382,0.000320130522120099,-7.12337120667428e-06,-0.000575419112709863,-0.000228825409574807,0.000461093975149929,0.000212947616548664,-0.000499442928654226,-0.000321249885404828,0.000389862564669219,0.00024946815504201,-0.000490768826785004,-0.000437778285550028,0.000261562723598896,0.000243735204782602,-0.000413697758955944,-0.000385501695024271,0.000288521895309035,0.000312692007740534,-0.000317559396357581,-0.000418304275450865,-9.43307391585435e-05,-0.000478853633803844,-0.00115781925691394,-0.000664808881598145,0.000525419572695363,0.000490939734127949,-0.000608217505178921,-0.000694889661047693,0.000326630102562842,0.000295126097294318,-0.00107868580383652,-0.00145639110754781,-0.000145454825350555,0.000559847745235764,-0.000444853783429622,-0.0012214996833384,-0.000621560614787686,-0.000293621689960943,-0.00108679631987085,-0.00115202936725689,0.000291736409119281,0.000990953704898878,-0.000209478986640033,-0.000979974142796269,0.000163396925205284,0.000953192522660906,-0.000275065658968288,-0.00122828551973475,-2.55198528780198e-05,0.00101026300292073,-0.000236739265408126,-0.00140317306821292,-0.000107649389847531,0.0012370923934264,-6.73430430215838e-05,-0.00158576164566071,-0.000298203065880465,0.00131344149647505,-0.000110937112152154,-0.00194724147079839,-0.000355676395787263,0.00185674338636765,0.000172626681711918,-0.00245581975769937,-0.000656900215637357,0.00248651777457365,0.000520137479406824,-0.0032989927850462,-0.00104084842088392,0.00372063841034498,0.000738052848094473,-0.0058209333377488,-0.0010815516829914,0.0105839732605548,0.00227283597923522,-0.0349209926905716,-0.0699731187724666
1,NA,NA,NA,NA,NA,NA,NA,NA,NA,NA,NA,0.00530836142236257,0.00555783378262564,0.00512852740483627,0.00387299687752396,0.00298615682478864,0.00320806187368383,0.00370374106412008,0.00346372213734991,0.00271928252565257,0.00215843099549407,0.00173790712663369,0.00121687888657185,0.00102254161717941,0.00151840568530393,0.00202503513415131,0.00164771327591851,0.000678967800546104,0.000171837382755058,0.000397062881081212,0.000685193968934961,0.000628331544996641,0.000500284694116893,0.000505731907795237,0.000457421754816778,0.000298361369660327,0.000258274653121227,0.000371147243967584,0.000390732966505603,0.000260739381698016,0.000181638313150323,0.000182972047015006,9.60518742090244e-05,-4.50835326208932e-05,-3.19328150863996e-05,9.79404586525234e-05,0.000108206563236735,4.57344629634093e-06,-5.28350903028496e-06,5.61678630131013e-05,-9.14834510812312e-06,-0.00014366431057411,-0.000117416454838093,1.21705131235217e-05,-8.13882644834507e-06,-0.000135965210295019,-0.000116920595096381,5.70945143874013e-06,-2.68077252485455e-05,-0.000160822853693787,-0.000121008230927977,3.04797961607761e-05,-7.06642223846643e-06,-0.000169553762384034,-0.00013058313429859,4.13330457735839e-05,-1.16634481983624e-05,-0.000209870620947683,-0.000146557425583893,8.41222169976064e-05,-7.73586114277691e-07,-0.000285473878789411,-0.000144768936451101,0.000283346743003676,-9.34506470251506e-06,-0.00127731706953771,-0.00232932479999626,-0.00215450272230022,-0.00134060376322598,-0.00103118454506657,-0.00124338150598291,-0.00122521391757235,-0.000921863241805987,-0.000975079070695273,-0.00150721794085573,-0.00190499681225731,-0.00177775018717163,-0.00135474982645967,-0.000966844366531383,-0.000791653213791932,-0.00101668333883431,-0.00159657462883178,-0.00193683921772347,-0.00147470724463972,-0.00052275524695311,7.16198663432976e-05,3.06740808513339e-05,-0.000194977546154718,-0.000267975975408952,-0.000293001893015621,-0.000333552792049829,-0.000263956644767305,-0.000152007655933595,-0.000214425987385525,-0.000364711653156213,-0.000328677989945625,-0.000167845205365502,-0.000149667039653245,-0.000196039407432735,-5.3939749923515e-05,0.000112229793124641,-4.08485736969055e-05,-0.00033770693683266,-0.000344884135988544,-0.0001861104463865,-0.000300439753707415,-0.000541619135107752,-0.000428247501875312,-0.000150462505348337,-0.000286235920035516,-0.000624777142014921,-0.000471496445596742,-6.11886783641324e-05,-0.000252089525499599,-0.000780082339806754,-0.000533168682894214,0.000186218978888597,-0.000211773483275834,-0.00144745454558315,-0.000748229252665489,0.00296411927990192,0.00655192387949022
1,NA,NA,NA,NA,NA,NA,NA,NA,NA,NA,NA,-4.59951148767956e-05,-5.97107958077991e-05,0.000815208780465593,0.000729109774561643,0.000449838847597306,0.000443775849030992,0.000236079917086407,0.00050506316344423,0.000398469535480839,0.000463735846776725,0.000440479105218383,0.000277026820279413,-3.91246162720904e-05,0.000384931456620219,0.00101810435063721,0.000437422422790323,0.000210690084436749,3.55481703806504e-06,0.00042991875028342,0.000241798529685866,0.00016655572832569,3.36473814983584e-05,-7.14794433167576e-05,-0.000121021134379173,-0.000183251691873387,-0.00022874226936187,-0.000240834027628534,-0.00021952544525794,-0.000291920751009034,-0.000340639399628362,-0.000383158643923132,-0.000410356530163192,-0.000467165667036085,-0.00047684228927336,-0.000486685406516418,-0.000490281525242775,-0.000526815317202889,-0.00060954163458371,-0.000612163425304679,-0.000621291906275356,-0.000622736806247026,-0.000589174531605785,-0.000560146025151198,-0.000693947977182141,-0.000625066845335809,-0.000635635949515212,-0.000653880748897606,-0.000675990419412464,-0.000641282455743575,-0.000654552248080087,-0.000665654276747585,-0.000612733822170863,-0.000585959023952309,-0.000632252769363628,-0.000629171644749071,-0.000723718447039889,-0.000662331706835495,-0.000659625318055301,-0.000666680157691779,-0.000650971525633537,-0.000694716980131904,-0.000634268601591881,-0.000657302843838359,-0.00066250124864542,-0.000655373896520928,-0.00622171650495185,0.0029575858809392,0.00196005735527116,0.00214225629967357,0.00170230236669466,0.00102634160281001,0.00174400669862163,0.00116700899954214,0.00147303585893255,0.00127074749118172,0.000363862550714078,-0.000198837976717048,0.000670450779878706,0.000265974412656522,0.000515242271788008,0.000972609401094005,0.00125119202269586,0.000625862077361816,0.000872026096739642,0.000887921777711576,0.000402990422296856,3.68128512473476e-06,-0.000214958363338624,-0.00037407362341213,-0.000501441103149869,-0.000529918947793639,-0.000477552516921609,-0.000571049007201729,-0.000544868669882792,-0.000453169878841031,-0.000512346978772005,-0.000571447680174142,-0.000591822538482223,-0.000621172816124282,-0.000733103014569636,-0.000757612215971815,-0.000757426594335975,-0.000815028194196099,-0.000877286476221428,-0.00090142641135138,-0.000889970330498979,-0.000873949476052349,-0.000912876737663826,-0.000901414727527694,-0.000892657739140823,-0.000892443969892742,-0.000897465301442857,-0.000900589349909886,-0.000896032598955543,-0.000912943492973994,-0.000913413678126584,-0.000910666983357622,-0.000906198875230135,-0.000911112589185414,-0.000911365948983445,0.00457392953696667
1,NA,NA,NA,NA,NA,NA,NA,NA,NA,NA,NA,0.00946058990508991,0.00863072058431769,0.00715903247197236,0.00569779402944803,0.00483364511210027,0.00446234632719644,0.00396139283836128,0.00302323428590245,0.00202520736449241,0.00142515276616706,0.00112103785527129,0.000732846783806806,0.000292198858018011,0.000203571121828006,0.000536481442876102,0.000783820868513807,0.000504328404630883,-6.99598265283541e-05,-0.000315140388988944,2.12198759363957e-05,0.000570489174147149,0.0008340088386527,0.000720552383281614,0.000517536059419399,0.000455214011847893,0.000442600434988449,0.000232997658455858,-0.000252901035579178,-0.000823888112114091,-0.00119091993427212,-0.00119716513215273,-0.000918195926743692,-0.000592386872286355,-0.000427925939958662,-0.000431218010757739,-0.000457758213855186,-0.000460944184312417,-0.000584927096104693,-0.000898589168255803,-0.00114395299160464,-0.000961767446399087,-0.000358027661477855,0.000256129815864092,0.000515558693280127,0.000401198674095937,7.30468609271284e-05,-0.000341173791533755,-0.000689174818028881,-0.000770267278771719,-0.000544729479689643,-0.000211505952306013,4.45116342229213e-05,0.000208978549813388,0.000263034152187203,0.000130858845789561,-5.21747480553003e-05,3.59215148391101e-05,0.000363646562407283,0.000413300046996135,-4.2638527759209e-05,-0.000452316876052627,-0.000339668251482905,-0.000258050166201507,-0.00103125036289686,-0.0021903592241328,-0.00221895576091402,-0.000616987840774463,0.00124849390339676,0.00189780755547453,0.0015328377075452,0.00133559477156808,0.00162182564050006,0.00166616265164521,0.00106938735035644,0.000322005381659274,-1.11536994040762e-05,0.000110744299347765,0.000497822273075599,0.000932841528075379,0.000994521407560178,0.000381775614701318,-0.000408016865786287,-0.000412277527942706,0.000515370000335302,0.00140867513391196,0.00150846005874516,0.00121318351462651,0.0012402151272406,0.00148375320962746,0.00138833539355421,0.000977915436157772,0.000707740750931052,0.000559962707532335,0.000117476988497067,-0.000538003445613278,-0.000800904253186907,-0.000498610299404234,-0.000156926130284951,-0.000135211154689507,-0.000161233451492215,1.28351765784629e-05,0.000122385960383831,-6.7434029896063e-05,-0.000278606004693316,-0.000228477074645461,-0.000151446470771255,-0.000300604736967358,-0.000340493514968898,0.000142214884940373,0.000808847538572799,0.000938035900652778,0.000492716047499897,0.000130216279939255,0.000172619070886171,0.00027451764189923,0.000199002496901635,0.000157829846995305,0.000103550289325405,-0.0005397484379559,-0.00189363149788413,-0.00303162993727746
1,NA,NA,NA,NA,NA,NA,NA,NA,NA,NA,NA,0.00549449765821031,0.00702814858702805,0.00624933251840609,0.00115963577285338,-0.00474624332984419,-0.0069234144766801,-0.00517103788589335,-0.00239277001346583,-0.000274630205856496,0.00131888120543255,0.00219180122446172,0.00165979698265861,7.63073538347925e-05,-0.0012527143291301,-0.00147761551545145,-0.000611086405689854,0.000798159426071088,0.00162648796654885,0.000794823192319605,-0.00121924078072855,-0.00251544409267268,-0.00215033125216202,-0.00113470608711452,-0.000413599311519519,0.000375264652547891,0.00110901431374266,0.000284463504829802,-0.00232648665199076,-0.00405664699448405,-0.00261503285071907,0.000558533426393559,0.00250608069518066,0.00273762467919791,0.00233685448476795,0.000781650861748417,-0.00263150246258181,-0.0051042353677051,-0.00256268638733381,0.00377784086070587,0.00715778589051652,0.00337789255382059,-0.00390492514527718,-0.00798243522953523,-0.00665961504693779,-0.00281801458362274,0.00036418569996588,0.00190219730776331,0.00181620646530245,0.000268072703313749,-0.00190342305428803,-0.0034028236812258,-0.00358808104423591,-0.00277404973712159,-0.00173092756495574,-0.00128415361594314,-0.00166636213534765,-0.00180620462414538,-0.00031379550615096,0.00220040189478166,0.00308828982821918,0.000938671098512422,-0.00232812043270147,-0.00381138273696902,-0.00292346852766645,-0.00106302904764721,0.000727730921706637,0.00205567857561473,0.00215254033803713,0.00066884734146111,-0.000896396478892392,-0.000502722963450886,0.00170924321464572,0.00356243259764,0.00361211422747409,0.00228019633117338,0.000464904107388975,-0.00119004674877043,-0.00163028040406399,-9.76023738274989e-06,0.00244329404412813,0.00296601334529356,0.000670431243213976,-0.00190026436173607,-0.00172427999041691,0.00111126112534343,0.00382283358167612,0.00424447987417054,0.00263466522978995,0.000531362478719544,-0.00102389085084909,-0.00181408491030499,-0.00177868750082411,-0.000901328747122676,8.14350153302001e-05,-0.000325859284418861,-0.00265006340874763,-0.00492304400235,-0.00431929953705801,-0.000826514075802365,0.00214455420675819,0.00181295000967108,-0.000634509301459474,-0.00208187994064435,-0.00154007062048755,-0.00039924157275717,0.000175826458622019,-0.000111089835240108,-0.00170025463240364,-0.00424383807941808,-0.00531665521093672,-0.0029839515204646,0.00065510028694149,0.00165383115201934,-0.000203825631893473,-0.00167273348932628,-0.00189591137499256,-0.00310890809077247,-0.00426935743887924,0.00013235391728994,0.011153027922246,0.0206695608728484
1,NA,NA,NA,NA,NA,NA,NA,NA,NA,NA,NA,0.000757276709452803,0.00232341187132512,0.00485157474311126,0.00670615519720297,0.00606030266737623,0.00262061739711594,-0.00130184660611654,-0.00273218159948652,-0.00174856503069343,-0.00157438545746658,-0.00381108733349578,-0.00579085985470229,-0.00472917691598163,-0.00212408482934912,-0.000928853959093701,-0.00058318879128727,0.000971729027186008,0.00215045423789917,-1.09605141238589e-05,-0.0032462877026731,-0.00206370904272912,0.00290726918256468,0.00431826557893888,-0.000695167170644773,-0.00530155669734977,-0.00318423924114697,0.00184528570590281,0.00225054108962652,-0.00162941387821114,-0.00331899254087187,-0.000992343734163015,0.000843546356005476,-7.77827050670865e-05,-0.000550743838252821,0.0013901790614046,0.00243217728380607,-0.000533157707764964,-0.00494527540065626,-0.00577692586142486,-0.00200472364731485,0.0026032709812398,0.00400523566137512,0.00159823591350339,-0.00187248356701364,-0.00325161629097614,-0.00216898172117119,-0.00113419693046435,-0.00187709033554828,-0.00271127734350429,-0.00107398656285884,0.00243965434435989,0.00472707707789155,0.00407369923706735,0.00126355027326319,-0.00225410625408795,-0.00492071672277561,-0.00490616754622941,-0.00223572435151453,-5.70124987042675e-05,-0.000750860663101705,-0.0021230752247261,-0.00116650289847087,7.33775037007334e-05,-0.00236690666037376,-0.00624105353354132,-0.00458961402633484,0.00371186419155212,0.0113171922990825,0.0124489992150378,0.00947789951852496,0.00665069986111,0.00358985988697214,-0.000647876354287646,-0.00286639199367666,-0.000832161414779264,0.00138717396133803,-0.000656594636529562,-0.00406428338425169,-0.00320786258741457,0.000816231666802558,0.00235394129609823,0.000870588021275154,0.000929727006608871,0.00307212785117272,0.00236637065829282,-0.00281622810484361,-0.00738508431011731,-0.00701229960360727,-0.0033877823302344,0.000185401592779577,0.00313030768993183,0.00491894620924427,0.00309175289538732,-0.0024975052732179,-0.00723695407319447,-0.00708145485451706,-0.00356814307727849,-0.000697510802430301,0.000408522197936634,0.000862466698124287,0.0006468286392316,-0.000836819349351536,-0.00251413612077567,-0.00274485420176873,-0.00168440015648308,-0.000707361651190119,-0.000596408319456287,-0.00140681959128397,-0.00252982732074702,-0.00225427705318992,0.000415260941356799,0.00304910088940868,0.00210436233830169,-0.00143830990466132,-0.00290561205494111,-0.00145309596478427,-0.00132689248475515,-0.00322878098974311,-0.000921430926909217,0.00860205790133861,0.0177524086193603
1,NA,NA,NA,NA,NA,NA,NA,NA,NA,NA,NA,0.00542996678983076,0.00339559889239904,0.00189521916338364,0.00215871345841467,0.00255410277658275,0.00212010734320423,0.00208541299433929,0.0027749774977277,0.00241370075717295,0.000419791866264063,-0.00115589728103593,-0.000976798306711935,-0.000407399259136909,-0.000673241791192325,-0.000784254004615903,7.30826039117005e-05,0.000679280244376024,0.000100699934511894,-0.000486247502412773,-4.84870051460362e-05,0.00040542337993088,-0.000142571354115439,-0.000882485963903612,-0.000945311329163978,-0.000923042448022215,-0.001170366598366,-0.000817190344972296,8.3833567006586e-05,-0.00015237787719613,-0.00185510937145406,-0.00285323637069457,-0.00194466844874874,-0.000732369995819937,-0.000258736811086457,0.000924993428554011,0.00301225864647936,0.00285155166439743,-0.00105909417278927,-0.0046783198935092,-0.00359975422519909,0.000319311077628726,0.00181182888859865,-0.000201187434222483,-0.002313352933764,-0.00257010732707474,-0.00214416749353585,-0.00176152228048743,-0.000773747501572331,0.000384449863923386,0.00061923830845334,0.0008484624506373,0.00264816642857113,0.00458367023703676,0.00364344285370244,0.000142091179329285,-0.00257011595698664,-0.00320248398482548,-0.00351480506529267,-0.00420909950423365,-0.00383963835856616,-0.00225868315306155,-0.001328204364202,-0.00153042659431257,-0.00135072112938683,-0.000533894609587193,-0.000476466392981045,-0.000978932545386613,-0.000197910868562801,0.00175552073133556,0.00277940222224604,0.00260076856412095,0.00286260355496726,0.00335648765136476,0.00240468587301113,0.00103632473092308,0.00197346121366149,0.00418099497394575,0.00374328738968543,0.000772898330241745,-0.000366014305448914,0.0012825541352246,0.00175206070252454,-0.000174664263147939,-0.00076967087835289,0.000768319076905222,-0.000272370895003426,-0.00521454498641827,-0.00797964021418363,-0.00471050087603864,-0.000276558341641753,0.000270357745993266,-0.000332204435761874,0.00156555684120097,0.00269416011789847,-0.000576751840618783,-0.00422834023184127,-0.00339598831785093,-0.00134742554183642,-0.00293049602719098,-0.00481368308404218,-0.00193308140302317,0.00184284217564645,0.000241461803097032,-0.00331563613924946,-0.00187775622238995,0.00159247741247714,-4.88208357465325e-05,-0.00352307076508218,-0.000999897087991641,0.00354824814344479,0.000799351033932361,-0.00457424398911765,-0.000975900687155473,0.00596539068594737,0.000721180142222444,-0.0099765025940588,-0.00285390082379777,0.0156371191721698,0.0039015083180951,-0.0523511908153225,-0.105796872900643
1,NA,NA,NA,NA,NA,NA,NA,NA,NA,NA,NA,-0.0115529055132804,-0.020768360160595,-0.0304891991106571,-0.0329325937122871,-0.0300791007543175,-0.0265973331909866,-0.0216020132523935,-0.0135900946784364,-0.00729085773745375,-0.00843110406153524,-0.0149543877867329,-0.0194217208389604,-0.0180603613905284,-0.0127646292125592,-0.00653219668885807,-0.00179330926025045,-0.00123069593182024,-0.00508530409375041,-0.00866613364327495,-0.00709657049196455,-0.0018538477188903,0.00136706071075743,0.000318258152098849,-0.00233135673656992,-0.00410880806799963,-0.0047611187683918,-0.00376940968946204,-0.000702328736035263,0.00177652589158761,3.21935054650169e-05,-0.00452153552855172,-0.0059541131715326,-0.00182715871631967,0.00322455639972219,0.00369941028377951,-0.000277804564949413,-0.00442337843897089,-0.00532815571644374,-0.00239624728547216,0.00240573875761108,0.00505257054828068,0.00247362739757673,-0.00310168444299475,-0.00539419179609091,-0.00159258802784024,0.00378544080823051,0.00446568019584426,-0.00048010703305934,-0.00690858444153708,-0.0103100673379695,-0.00812966674695748,-0.000568809405367077,0.00756458960531159,0.00848307514633184,-0.000483082604475271,-0.0113589711859365,-0.0126042160578859,-0.00229783311405551,0.0091515956683077,0.0105017158590526,0.00137343717673666,-0.0085538666220133,-0.00994037274744386,-0.00208145439346907,0.00777470753030229,0.0118457286199805,0.00860876055939475,0.00285563628897556,-0.000219695516419094,0.00016824105511315,0.00148861636090558,0.0016921565972865,0.000476623019356026,-0.00153795133894619,-0.00279831979588607,-0.00115685569378154,0.00347571421575932,0.00760777875766117,0.00758829794319205,0.00389189458722861,-0.000252384568485198,-0.00344069642023825,-0.00615107093390144,-0.00694887938614386,-0.00303914605292732,0.00415465772437784,0.00786079083625069,0.00326071258365968,-0.0060225868545345,-0.0112889119302064,-0.00787418504564297,0.000578095219109898,0.00617015183423941,0.00405936221782444,-0.00325965284028928,-0.0080190133374014,-0.00461762428097767,0.00404793357323729,0.00884671010299787,0.00410227135356767,-0.00597059069859807,-0.0116314767516146,-0.00772209228804144,0.00139605204081672,0.00636650858502552,0.00188883565276488,-0.00787260655631616,-0.0128189381909589,-0.0072212898979922,0.00346434086071401,0.00809625991531604,0.00248345983742571,-0.00613534145553274,-0.00828924753200688,-0.00288989025417941,0.00352223325661871,0.00528019701328031,0.00193407960598524,-0.00409700706609151,-0.0101519594805577,-0.013811648841731
1,NA,NA,NA,NA,NA,NA,NA,NA,NA,NA,NA,-0.000223884101083982,0.000114742370191934,-0.000522836139751348,-0.00202210054635188,-0.00236272980923502,-0.000795932791424647,0.00078902597552144,0.000637216766678605,-0.000801733827122675,-0.00243733088513398,-0.00400683387625644,-0.00495022149474167,-0.00402439961548673,-0.00142911890100628,0.000567837791225934,0.000506412659460942,-0.000482696239461511,-0.000930840394178567,-0.00104301046986066,-0.00109581165442751,-0.00014270082206469,0.00172445430587675,0.00204504631460178,-0.000519597720041176,-0.00317389632605813,-0.00243359952732281,0.00067203824490214,0.00200968986509675,0.000250089451981239,-0.00190099433672319,-0.00227490421177912,-0.00176068419161268,-0.00159601661305153,-0.00111790692916713,0.000337664692562356,0.00145305777668892,0.000614900108258709,-0.00156872379777084,-0.00286019188752107,-0.00196904737169135,0.00028448834772643,0.00195211243031324,0.00164575758283103,-0.000335851141899823,-0.00232173280475489,-0.0029875728796247,-0.00256432689175234,-0.00193076209024401,-0.00114621536627002,0.000188803526980585,0.0016899456527808,0.00249916187622734,0.00243093543823036,0.00167705578830191,-1.75615730988454e-05,-0.00248361427643928,-0.00412290564749629,-0.00357186634059659,-0.0018923176019916,-0.0011788727527362,-0.00145322205694143,-0.00117298554766254,-0.000402839157235491,-0.000683903292863164,-0.00168968702111361,-0.00114418000542216,0.00118846887227253,0.00254174882836544,0.00146114660038776,0.000122435842268231,0.000596907727066665,0.00159340058974955,0.00116858525699293,0.000225455973792421,0.00063707567774518,0.00182495992511278,0.00204786603670737,0.00162104311693323,0.00198315107397562,0.00268344142701249,0.00219242047839252,0.000936572488599907,0.000653106019373517,0.00113989104596968,0.000409015541467994,-0.00198312387684929,-0.00419862259447612,-0.00473598085165516,-0.00365549740016746,-0.00139068386399011,0.00139909342169098,0.00294638198072228,0.00177219643403692,-0.000892003232919159,-0.00230286576142369,-0.00192599042699015,-0.00171246673184022,-0.00258044307874616,-0.00311700263520454,-0.00226519956210858,-0.000980967304788471,-0.000499514918527844,-0.000858645184488971,-0.00163605999507332,-0.00239668884051181,-0.00227001206393584,-0.000955528927024218,5.15982115727454e-05,-0.00060262942412681,-0.0015546264261399,-0.00085013217142027,0.000219372506638393,-0.000808702626879487,-0.00244147321332733,-0.00130341052488525,0.000813408541009863,-0.00122910703163459,-0.00538524659671591,-0.00180489879118362,0.0123924221066067,0.0255391514533052
1,NA,NA,NA,NA,NA,NA,NA,NA,NA,NA,NA,-0.000497753623361241,-0.00070049994532706,-0.00200585247982055,-0.00423232795367312,-0.00539267181390812,-0.00400889027015605,-0.00124616013332979,0.000459240416257778,0.000324470039697822,-0.00040403670012612,-0.000583247285399935,-0.00034133193189323,-0.000130531671313605,9.71528395545818e-05,0.000380421977125067,0.000379023048258986,1.25540237316812e-06,-0.000288884101967923,-0.000186063432567884,3.78239804712521e-05,0.000117270919155921,0.000131242970881296,-1.89058005428677e-06,-0.000552642320886143,-0.00113050161206463,-0.000761484341793128,0.000547938643106427,0.00127670800761326,0.000331246780802985,-0.00129848788664955,-0.00190489262940119,-0.00133360805930849,-0.000564785814544777,0.000310816346658527,0.00190008291917998,0.00343500463490365,0.00291225854855259,-3.46963514745724e-05,-0.00302113782349434,-0.00371577920622812,-0.00262273560120008,-0.00194102810993257,-0.00248590015501904,-0.00299547863568517,-0.00212119655505827,-5.69905505010126e-07,0.00212077279226275,0.00308581818271492,0.00266091846023109,0.00171246750838616,0.00147888280551633,0.00225296402997621,0.00294932138630877,0.00235805180814541,0.000587833896354972,-0.00115514999966404,-0.00197319178708,-0.0019802783736047,-0.00176557158062352,-0.00164979673925991,-0.00152561283183061,-0.00119956354747419,-0.000818429096407947,-0.000834923668644016,-0.00133016923214857,-0.00162905358528853,-0.00115247514310557,-0.000414593871760793,-0.000304775875384244,-0.000549127030889274,-0.000118931696237112,0.000790688521433047,0.000787820756400492,-0.000260299005781839,-0.00059491718708049,0.000672797789205148,0.00198545534014816,0.00187885760552309,0.00127444700503787,0.0014391066815902,0.00148700953794645,0.000311184175966872,-0.000673298058324612,0.0001840112856204,0.000987297519818853,-0.00142648505720278,-0.00586963850793509,-0.0075608923439221,-0.00492021215163962,-0.00150637893447048,-9.66374010618054e-05,0.00092677727828594,0.00325708589388629,0.00479170834910292,0.00318899873734146,0.00015237512395494,-0.00127452341296852,-0.00125750295515914,-0.00160397648951704,-0.00185230580331552,-0.00064291499941671,0.000778857061843219,0.000319525425721778,-0.00103821106482638,-0.000906013043706189,0.000140767502632144,-0.000137100414276503,-0.00115583786136675,-0.000707009441823558,0.000401795507519509,-0.000217640945247233,-0.00136217156127394,-0.00013632958873977,0.00163228559482675,-0.000250588205259028,-0.00346283497630306,-0.00126614353442545,0.00425753082526814,0.00102156149871835,-0.0150389877744104,-0.0303150950786399
1,NA,NA,NA,NA,NA,NA,NA,NA,NA,NA,NA,0.00159932572371524,0.000895823546763985,-8.4178657538736e-05,-0.00160380281960215,-0.00387813385493452,-0.00549282767806591,-0.00482841938813205,-0.00272828060424501,-0.00127181062716897,-0.000276561749463333,0.00200273241597326,0.00483910337176763,0.0052651211861976,0.00296293870462883,0.00132312658349054,0.00232141175985046,0.00368838998449572,0.00290642212936465,0.000893359855752784,-0.000416132863602314,-0.00129511696696749,-0.00249653763145119,-0.00271802297759827,-0.000655777156506332,0.00207960571166321,0.00278908471701111,0.00128178582454197,-0.00056189241985205,-0.00166153413255898,-0.00207738284970738,-0.00159811599492965,-0.000119657588968813,0.00131699751588865,0.0015909541145076,0.000907226457576904,-2.58308976661681e-05,-0.00102574050487725,-0.001587914464797,-0.000771933175290229,0.000719561566971727,0.000449335564698394,-0.0020058015231017,-0.00347168881230431,-0.00156159183064819,0.00161245962974377,0.0027464353208746,0.0021184060221815,0.00188706426180563,0.00169314060208414,-0.000173650574648576,-0.00259272040094505,-0.00271984757939148,-0.000696317823092762,0.000576262269398775,0.000124805540595574,-0.00022331779389706,0.00044757550094765,0.0010542404008449,0.00119774418157004,0.00157880222848306,0.00164461490037038,0.000154914958070407,-0.00178548250323374,-0.00166223059577675,0.000258120601902334,0.00110004862020219,2.99822095950475e-05,-0.000772872325673468,-0.000178761889520374,0.000486701914172549,0.000651239183698138,0.0014154861302238,0.0025151233169769,0.00202634960303527,-2.46870151938694e-05,-0.00129681501657331,-0.0010715787055533,-0.000893180713891439,-0.000858132826236258,0.00050872014930281,0.00218299253876175,0.00127997495316468,-0.001414224580917,-0.00185317234175209,0.000213374133350541,0.000553768221763562,-0.00154087084001375,-0.00135174828161233,0.00244305756725893,0.00427809861806594,0.00110504944015322,-0.00189245899069057,-0.000250123818624992,0.00202450603085236,9.64586914165011e-06,-0.00328039366610522,-0.00290215125306137,-0.000942983813889242,-0.00147706642489354,-0.00207002689157587,0.000925999247535891,0.00375316874720522,0.0015079296145899,-0.00181549748411314,-2.03400307183799e-05,0.00320718520852292,0.000659925177214582,-0.00427602976074049,-0.00322238412878129,0.00126066083746057,0.000561628658914515,-0.00238372167504597,0.0016682265689969,0.00751960172345356,0.00197772611437586,-0.00820141126094054,-0.00202056167688802,0.0145423951085881,0.00413932567067476,-0.0460231338343311,-0.0936926994461729
1,NA,NA,NA,NA,NA,NA,NA,NA,NA,NA,NA,0.000206585015450678,0.000514160565410648,0.000788469831613625,0.000942269110035809,0.00134632093291032,0.00218333449205588,0.00306281838951961,0.00352954967254515,0.00358859387669064,0.00348810765530061,0.0032906258478036,0.00290960060168022,0.00235456669952949,0.00174077548921048,0.00120164409126655,0.000873512302334234,0.000785845055316869,0.000746073632232225,0.000558575081740287,0.000328618588244289,0.000266970467457384,0.000284617664120468,0.000191290340612937,0.000201982416128565,0.000666459542141951,0.00127815834128775,0.00124928475434949,0.000476523586901756,-0.000167722522386171,-5.47736644760377e-05,0.000365177352362522,0.000419770673226516,0.00025001668357838,0.000333033206729283,0.000507811605049646,0.000291217597946591,-0.000150025758545169,-0.000189431387321193,0.000197794846832799,0.000341966705600605,-9.10006466749991e-05,-0.000629978176038826,-0.000706439399152714,-0.000317748792703298,0.000173046125471643,0.00048245530072144,0.000500286983190712,0.000270089154606801,9.72066730309251e-06,-7.51901147468814e-05,-3.85716903803512e-05,-6.70886903231249e-05,-0.000176588804298383,-0.000259899500853145,-0.000306611807650015,-0.000307767159600125,-0.000118401896256337,0.000262713880897714,0.000483293496908566,0.000290675899162984,-2.48854720306113e-05,-7.17274261585743e-05,1.51338710354665e-05,-8.92348422727451e-05,-0.000212686694093023,-3.26609225087537e-06,0.000287561182330087,0.000133676065847688,-0.000263140271918871,-0.000176217316486316,0.000419051606574961,0.000739816712944652,0.000467999080795423,0.000187785747018943,0.000266099493286376,0.000248019954010026,-0.000165976498121445,-0.000429849586334186,-7.5863582992497e-05,0.00040294923224593,0.00030720257053396,-0.000192558821953348,-0.000436415264505108,-0.000299042980856257,-0.000171771321586078,-0.000239944087034871,-0.000344806682175403,-0.000327457240387297,-0.000119407219489887,0.000219190367920952,0.000323033169784992,-0.000134875350721764,-0.000730869406509349,-0.000624651436305079,0.000119954095370467,0.000435904854669822,-0.000102116174618416,-0.000567285944662821,-0.000239095102865683,0.00025706298673267,0.000219951074497793,0.000102716190289343,0.000389603971782115,0.000452836614102559,-0.000140719215758089,-0.000425773205454227,0.000250072053772143,0.000617043300590758,-0.000405219456142802,-0.00131172270857416,-0.000295839739748338,0.00126841735272532,0.000862584457199667,-0.000562154507377954,-6.63931694617759e-05,0.00150249803199465,0.000347570779191564,-0.00259506609147309,-0.000686896523109937,0.00834799435423417,0.0169176312969981
1,NA,NA,NA,NA,NA,NA,NA,NA,NA,NA,NA,0.00216685621683421,0.00138596763767218,-0.000421248939065144,-0.00275725235210533,-0.00454394352431642,-0.00520389699710666,-0.00488852282330487,-0.00350957288207976,-0.000523614277829765,0.00365555073725066,0.0068805614869758,0.0070991628928061,0.004779861045213,0.00248767168205077,0.00197073296839001,0.0025674025232636,0.00265016403367735,0.00159898125433866,-0.000203793462714152,-0.00236024678105728,-0.00438742971375117,-0.005189067230984,-0.00391467692784087,-0.00150567310257177,-0.000291164687370227,-0.00144432339312672,-0.00350543248034274,-0.00408865270390457,-0.00259708485354793,-0.000521862207119916,0.000595661432679861,0.000498741750885934,-0.00049506437116964,-0.00232167513573778,-0.00448296403571202,-0.0052930732240819,-0.00316485205193739,0.00108918597498064,0.00419133793095128,0.00344509941347315,-0.000307754505827873,-0.00332508627657901,-0.00266919692237444,0.000996728414675019,0.00436593293472853,0.0048919855902323,0.00292041473087234,0.00059233778385348,-0.000769428021609286,-0.0016879313531124,-0.00312418911503087,-0.00476189097324919,-0.00518838474991412,-0.00355611227875752,-0.000567395722861797,0.00222190771002051,0.00371418340342178,0.00382409041330778,0.00311574173717588,0.00217253902788883,0.00122947499904402,0.00028461560919979,-0.000461416256567482,-0.000467392841450476,0.000571080722645334,0.00211263381277504,0.00314272292147777,0.00317363196534082,0.00249537874349404,0.00149684644396153,0.000347479535413697,-0.000586684917146307,-0.000851020749540687,-0.000822655677502837,-0.00165643968346529,-0.00356156375823957,-0.00487741066357295,-0.0039658247106793,-0.00161597260914803,-0.000345542927973064,-0.00139993052444343,-0.0036196151066008,-0.00529172051548432,-0.00576449960449921,-0.00492898054034097,-0.0026816388861679,8.03801074198418e-05,0.00111489583565483,-0.00106776398970698,-0.00518841535740044,-0.00838366143184821,-0.00908754962693248,-0.00778705280817515,-0.00541859978912829,-0.00242794192262874,0.000562035180808884,0.00254556646866888,0.00315224429584049,0.00300336632493359,0.00260468915679013,0.00167273253130329,6.71375626914994e-05,-0.00136316737865538,-0.00164426237675297,-0.00104093885843781,-0.000858836280027475,-0.00188841699091924,-0.00340929791358846,-0.00379595770590768,-0.00206300136682902,0.00108274771940042,0.00378218693143495,0.00478443679989216,0.0044086016101792,0.00342517973646572,0.00166657504874657,-0.0010693136911275,-0.00309556366434371,-0.00179809603593206,0.00267937124213979,0.00655644540642619
1,NA,NA,NA,NA,NA,NA,NA,NA,NA,NA,NA,-0.00681035515765949,-0.0113196695945517,-0.017448319591181,-0.0213417449411581,-0.0220442431788763,-0.0210791535884507,-0.0194505495134845,-0.016984711511002,-0.0139301403478624,-0.0112863629062785,-0.00943322073149488,-0.00784888844032317,-0.00637477656596541,-0.00543742886193765,-0.00475862160269802,-0.00332749440399027,-0.00129674708755889,-0.0004813718024268,-0.00192919223577181,-0.00415643419470157,-0.00502864002695702,-0.0043895193872352,-0.00337064402267284,-0.00201588131034569,0.000410972839931745,0.00306836256665211,0.00367604631565932,0.00151162762587731,-0.00146669222318607,-0.00321736668406736,-0.0038016963812062,-0.00402662571575529,-0.00339020445612714,-0.000994533682630916,0.00219557048920915,0.00371050039242871,0.00240418212470228,-9.1730527050693e-05,-0.00116272431372977,-4.16449045399503e-05,0.00144677081903222,0.000948163719089123,-0.00166505339373835,-0.00388052262471383,-0.00326584451845502,-0.000297891215208956,0.00224742104559006,0.0024853361715067,0.000954371329028092,-0.000870640162818681,-0.00203819959250584,-0.00180548148416992,0.000241675608944725,0.00270623524087021,0.00275208425709561,-0.000396975846927994,-0.00363102184348918,-0.00353022828580407,-0.000814717600403192,0.00085470050490688,-0.000150255123338994,-0.00195759224318337,-0.00244504007079804,-0.00154902084461206,-0.000111354875716785,0.00125293620541278,0.00156290142001669,-3.04046620414056e-05,-0.00224691405827571,-0.00222651705748333,0.000740729094387937,0.0038284981587644,0.00428906181059485,0.00271940226238154,0.00127199919816423,0.000415341178962692,-0.000497240777781904,-0.000854739370892865,0.000512082809412284,0.00284692786848328,0.00397654327292241,0.00319454072432013,0.00172487491015971,0.000385800800582814,-0.00125502166092772,-0.00315402439298218,-0.00407072815271725,-0.00324350381683214,-0.00146902735338283,7.43154950209046e-05,0.00101392521502586,0.00137438519222588,0.00105809123301537,0.000243392918165775,-0.000574247325665134,-0.00134213249689541,-0.0024382727818324,-0.00360579868099187,-0.00380928791660029,-0.002602567320519,-0.000906916721598705,1.47386019682116e-05,-0.000142237353993657,-0.000667398749765624,-0.000660569066813999,4.13190590089485e-05,0.000393045840374029,-0.000877343308706813,-0.00314582184777823,-0.00372305978705967,-0.00120078804813417,0.00200161526529818,0.00251751673831002,0.00069900975987558,-0.00036876881182657,-7.92080212539403e-05,-0.000724256784027766,-0.00203210439500534,0.000171314844835457,0.0072064885451244,0.0135913205579445
1,NA,NA,NA,NA,NA,NA,NA,NA,NA,NA,NA,-0.000992060056468347,-0.00194369971808861,-0.00239157489856723,-0.00141924727687748,0.000148839355287755,0.00149936384671534,0.00301590621182068,0.00433472019320913,0.0028993942465414,-0.00322897320859017,-0.0117161321565415,-0.0174126966278525,-0.0176328445098468,-0.014125931057718,-0.00970525506197184,-0.00524263196175223,-0.000764377907180425,0.00302197583793706,0.00613930149073116,0.0102012949481125,0.0152286106603583,0.0170086828643745,0.0111012901608962,-0.000468021399828267,-0.00978194043546132,-0.0114419242391861,-0.00787982773120799,-0.00489057665533288,-0.00441771312654016,-0.00415669749041925,-0.00243938564559709,-0.000214170734863295,0.00146215491242163,0.00284899180879261,0.0037750456176342,0.0029253270839984,0.000178108123457754,-0.00207859846161007,-0.001560621333347,0.000960821201868356,0.00274845417977687,0.00248052107100794,0.00115021064612275,3.28351100096214e-05,-0.000618290224370099,-0.00065585988967598,0.000698812194766418,0.00379595348733819,0.00749506152723356,0.0100142212805387,0.0105428085223034,0.00939103078183123,0.00684892271012227,0.00277016718310108,-0.00251987488879202,-0.0075339106708654,-0.0103116426422574,-0.00971393570947665,-0.0060671233670746,-0.00102133265582527,0.00303839015519269,0.00414629551840484,0.00212651211674775,-0.00130654529039731,-0.00434305321067008,-0.00674000188460866,-0.0090862306077879,-0.0108431066597845,-0.0103156410015099,-0.00666375657034379,-0.000786222668274661,0.00595086760651586,0.0123417316638079,0.0161783669284317,0.0145904193238495,0.00753761298083155,-0.000234155575018491,-0.00318999601825976,-0.000821621787839177,0.00249616879378234,0.00322767964977899,0.00182980404538924,-7.27255571666419e-05,-0.00268638266059451,-0.00647987776849934,-0.00969900039659244,-0.00978214261916932,-0.00638598514592736,-0.00129311845224667,0.0037778380227671,0.00752014853084404,0.00822785984831675,0.00510084709592551,0.000271184565496796,-0.00267885167758131,-0.00265154361707776,-0.00180540353423631,-0.00210015808971775,-0.00288014689925919,-0.00254104877405315,-0.000929568932447111,0.000892107417471699,0.00198944787756083,0.00174257881311224,-7.89926059452384e-05,-0.00235071812136933,-0.00278138778366355,-0.000371297018102901,0.00295899025571256,0.0043145488553602,0.00290550160256142,0.000287217020594532,-0.00176543942320073,-0.00245389332429014,-0.00160294137807693,0.000400020938593926,0.00226852457425242,0.00257897445822763,0.00120033806306097,-0.000630078529006539,-0.00169870670827166
1,NA,NA,NA,NA,NA,NA,NA,NA,NA,NA,NA,-0.0157402907189255,-0.0291473273767391,-0.0424207963370034,-0.0428456006294429,-0.0338432430541049,-0.0264963247225962,-0.0236201613852804,-0.0204635131639046,-0.0155215499685868,-0.0119624662806617,-0.0106010089576873,-0.00880688088362724,-0.00592821444992087,-0.00414615745543312,-0.00395879173500013,-0.0034559183879157,-0.00221604059294123,-0.00190976654726782,-0.00277226921991947,-0.00300478879037502,-0.00202032769287364,-0.00119435845417648,-0.00112702102254847,-0.0010092393174217,-0.000888245491609041,-0.00176440533473787,-0.00318182072201001,-0.00342205843156673,-0.00241533591727272,-0.00184543419846417,-0.00201067525109533,-0.00127150532939524,0.00075709755295339,0.0020576708987905,0.00119755694371282,-0.00072564255947416,-0.00203987938042349,-0.00244443582894149,-0.00220950568881495,-0.00137970748511762,-0.000639663551289082,-0.00113339193982931,-0.00250257518642183,-0.00277590928918414,-0.00106914861316554,0.00116878286902011,0.00229472947720755,0.00218375668068926,0.00116320659136981,-0.000829982931867868,-0.00305655751815515,-0.00380025232568393,-0.00262300950522487,-0.00124975177235775,-0.00106382764979696,-0.00124151789553384,-0.00053788844421554,0.000612635446214149,0.00108886290417409,0.000785059359039941,3.60177308564857e-05,-0.00127835721739178,-0.00270419450745063,-0.002678623813134,-0.00058429489820977,0.00182244221083661,0.00259483463548804,0.00217563783441221,0.00227025990009899,0.00314938183408575,0.00371594111699025,0.00344775158646726,0.0026512474570497,0.00143602009963573,-1.86352214681662e-05,-0.000743458788523554,-3.37782732326986e-05,0.0011775401316898,0.0013183010854636,0.000199404441935336,-0.00102583595255368,-0.00144113231105703,-0.000972530928865289,-5.34565438297108e-05,0.000483258212975457,1.71830254114269e-05,-0.000639128116357135,0.000138766158938708,0.0021457805613263,0.00301074554480874,0.0016481452117274,1.82039505416398e-05,-0.000227898450437358,-0.000597941769389543,-0.00280089579208553,-0.00501107418112934,-0.00428589714724126,-0.00133423951690048,0.000476370609383991,8.23701094887497e-07,-0.001001465917148,-0.00130561892616754,-0.00112323020761362,-0.000286092358908085,0.00117475360339636,0.00141214024689251,-0.000805024691589828,-0.00301876469016538,-0.00232737378525805,-0.000462552934628491,-0.000921732475286596,-0.00240905454259543,-0.00116660257307721,0.00119494456659464,-7.27202920520753e-05,-0.00283839602377522,-0.000189553318621805,0.00494961729259735,-0.00111311522268664,-0.0221041718041501,-0.041217145041534
1,NA,NA,NA,NA,NA,NA,NA,NA,NA,NA,NA,0.0133007808260617,0.00199950872999466,-0.0110840270547161,-0.0169139918811556,-0.0170122763774199,-0.017075978054109,-0.0179178285927764,-0.0179308092142136,-0.018254700530969,-0.0200238690149241,-0.0209021441679829,-0.0190872783603853,-0.0169858062229018,-0.0167140462968627,-0.0157433694289981,-0.0114022576629473,-0.00620808314226196,-0.00408735537960414,-0.00425489086207165,-0.00349193279854543,-0.00194338561339436,-0.00192280839320969,-0.00300210660657463,-0.00296262382997003,-0.0021298511286858,-0.00241499195453265,-0.00328876673728562,-0.00279803016100733,-0.00147902573918568,-0.00134538552400354,-0.00199572800569658,-0.00150125575300653,-0.000196443890642328,8.90801497428484e-05,-0.000413510762281355,-0.00026089665235407,-9.84096885456864e-05,-0.00131103837412816,-0.00248171010616893,-0.00128379241896326,0.000998216947170505,0.00112502043583085,-0.000611158058889671,-0.00103609221891254,0.000205991510004999,0.000348887591136382,-0.00107461771685013,-0.00140617632566897,-8.38158178710913e-05,0.000120343646934806,-0.00169659526606925,-0.00262496676670931,-0.000886716225950934,0.00127500173155504,0.00151663111981915,0.000666722269663467,0.000238465622108386,-7.38136284414992e-05,-0.000592896658564435,-0.000361601678032564,0.00060486750721811,0.000565941314824236,-0.000862648713780167,-0.00160623019069206,-0.000563270145364392,0.000605626311547702,0.000504772846007917,5.0204492306527e-05,0.000159406811596874,0.000192178151567468,-4.20663554310252e-05,0.000428043528969191,0.00130480252814902,0.000879496696926552,-0.000670706944727151,-0.00111140205602034,-0.000186064493331806,-0.000125846965234544,-0.00116317648005548,-0.000762115164016031,0.00140201917006699,0.00233434943441679,0.00121292558565589,0.000962253130706081,0.00232373482148418,0.0018803412679933,-0.00129521841210334,-0.00285638634542273,-0.000541077299994086,0.0015796811666009,0.000348241016471462,-0.00100174006687492,0.000532968834122016,0.0017653326564302,-0.000286581004454334,-0.002095153016068,-0.000226909316751289,0.00171440012469759,-2.31234814425108e-05,-0.0015919837791909,0.00110627049447398,0.0035284971707279,0.000447953611632634,-0.00331582947068298,-0.00108644386879675,0.00266017815506814,0.000128153892527294,-0.00450896923906985,-0.00233698409657901,0.00271351575541168,0.000627529319062958,-0.0043708830871374,-0.000527992892791929,0.00688083517542371,0.00230733765582958,-0.00804250680290508,-0.00140253603340845,0.0159649210287434,0.00326691937538381,-0.0532689304775422,-0.106603263676645
1,NA,NA,NA,NA,NA,NA,NA,NA,NA,NA,NA,-0.011278725008788,-0.0148416362235544,-0.0186051389609689,-0.0201645770882521,-0.0213267935539854,-0.0238910036767912,-0.0251676890970316,-0.0207954686754226,-0.0106218827211535,0.000329744425852319,0.00609639633094083,0.00426463641058472,-0.00226120026635446,-0.00717049455844254,-0.00607482089609945,-0.000804549289639134,0.00294884882720137,0.00228137548108265,-0.000815328961969009,-0.00367343240687212,-0.00560319715477409,-0.00572382577584296,-0.00278668356408396,0.000641244370037874,-0.00136019378781871,-0.00941359836482736,-0.0147254950208255,-0.00915924619054032,0.00301270212712978,0.00944962644694147,0.00482785155427834,-0.00441478302853415,-0.010321727385886,-0.0118426670167997,-0.0111904599061514,-0.00807084170017713,-0.00201622443996197,0.00318252342278846,0.00243312313503363,-0.00396920605817375,-0.00981778121391574,-0.00928171831450975,-0.00228468946997129,0.00586794782066757,0.00927324223237136,0.0066864781081879,0.00254365193301886,0.00145873311883538,0.00170789683040429,-0.00298316771842266,-0.0139471998982694,-0.0231628717768411,-0.0214486132586575,-0.00931906606050781,0.00356367872394525,0.00899353322030638,0.00733494408465418,0.00440255507948617,0.00436081246471076,0.00665241141024886,0.00794683772460925,0.005807783597926,0.00109865278663168,-0.00264442903619155,-0.00240901735833443,0.00175368220640593,0.00719483583896618,0.0106497713389269,0.00972930357405755,0.00452236022971064,-0.00113462887424376,-0.00223641540540598,0.00137290178536986,0.00352665407429686,-0.00077639509788785,-0.00806047295490853,-0.0105173890965018,-0.00674797986567643,-0.003566648858504,-0.00614791360764944,-0.0111621982191457,-0.0124504356529611,-0.00964161608171032,-0.00691230396801856,-0.00536371488029541,-0.00169973608258456,0.00512604830005881,0.0101398861724382,0.00762590912859373,-0.00162401362842512,-0.0106304425867725,-0.0135025031728437,-0.0107871596291069,-0.00718537224411886,-0.00532267661579322,-0.00346720249574961,0.000498766238701265,0.00483155970743443,0.00555444725003973,0.0017369060199286,-0.00300178178743149,-0.00472500542509469,-0.00326194544857117,-0.00140501120716596,-0.00157444359492764,-0.00417951572575426,-0.00782183567879535,-0.00988307727000581,-0.00813897480241188,-0.00328732682298138,0.000942056426507243,0.00160594991162011,-0.000173292865172314,-0.00108980736434017,-0.000174920280095137,0.000100820325277695,-0.00307209953383047,-0.0100610470193141,-0.0188800983385828,-0.0266059392388893,-0.0308210293816424
1,NA,NA,NA,NA,NA,NA,NA,NA,NA,NA,NA,-0.00149841250386995,-0.00107903149470712,0.000247364421408491,0.00176992572841694,0.0022115859882943,0.001833407226842,0.00194128305589203,0.00238686390310949,0.00178172547121669,0.000330158925218704,-5.88779334842471e-05,0.000957911203892436,0.00134673344044423,0.000149564192692075,-0.000739594570391411,0.000293590872008309,0.00187338346785371,0.00188016401850266,0.000709171624665217,0.000345723266280906,0.00132375217629654,0.00234660365701256,0.00222592720104586,0.000917157853765005,-0.000737551318910512,-0.001457969149671,-0.000562961337672085,0.000857685835335076,0.000948685170987673,-0.000294798818862851,-0.00095860819126603,-0.000222577587202011,0.000572260699480687,0.00061624805459104,0.000964974322304357,0.00188627628923665,0.00146626797791249,-0.00114280698162439,-0.00341057445772819,-0.00277049301111365,-0.000319542932764705,0.00128479727720432,0.00168924427826589,0.0018947676544494,0.00142255711439621,-0.000290572934806832,-0.0013098911900471,0.000283037429460009,0.00246951719874389,0.00181814686077697,-0.000851982052155087,-0.00155172671194492,0.00040322616364552,0.00149615804289471,7.88573858514496e-05,-0.00117621436158188,-0.000232105714278674,0.00105514077691282,0.000624726126131847,-0.000412750143244267,-0.000405397349161341,-0.000139463844061716,-0.000735231691693095,-0.00115685011210331,-0.000353201223326494,0.000324953902697267,-0.000594441930435785,-0.00187290952465169,-0.00155273590583782,-0.000233546289547526,0.000128974152231009,-0.000555677332038762,-0.00088960680251482,-0.000599714783701799,-0.000506598020145965,-0.000593102528128497,-0.000153909299279498,0.000600378141840885,0.000794511883026594,0.00037016718105054,3.72255551077671e-05,0.000224119742205708,0.000951518741642232,0.00193139080647686,0.0021279680164259,0.000485896634582872,-0.00217773060141813,-0.00352229681842964,-0.00263686043796874,-0.000899923827375027,0.000602494092750483,0.00209044084332266,0.00288160950634619,0.00138089501245986,-0.00143268714768841,-0.0020873570014146,-2.35642579555773e-05,0.00100525618787106,-0.0007256796970605,-0.00170893730316646,0.000345335956984272,0.00182313541876233,-0.000367814664180344,-0.00259691336794354,-0.000716840833193011,0.0021024682500963,0.000949358320582405,-0.00157108959337826,-0.000134161378651854,0.00288464922922049,0.0016995221443814,-0.00119517360113353,0.000667536567474869,0.00391449380284659,0.000129502644375279,-0.00599508513616609,-0.00132809867402273,0.00877775249410195,-0.000823276385862215,-0.0373097048995028,-0.0708962713154015
1,NA,NA,NA,NA,NA,NA,NA,NA,NA,NA,NA,0.00505871986716855,0.00559934500785975,0.00663735945905142,0.00773664614632708,0.008249755904842,0.00769473926331266,0.00608921672453633,0.00415580388335179,0.00306754973705647,0.00352329542780438,0.00488011565231528,0.0055641598219518,0.00469371305747313,0.00311050991059947,0.00247098951110836,0.00343416540416186,0.00506135192111046,0.00591164598867255,0.0053955199998752,0.00407607510893193,0.00295255351688617,0.0025196181599032,0.00239280923296104,0.00188961646779084,0.00100098685799122,0.000473931008587058,0.000733999428022436,0.00117439560844712,0.000991368614701393,0.000346974611757034,3.50767934245155e-05,0.000242288520883704,0.000433811936283668,0.00036758907395118,0.000339083895426029,0.000354545975137732,9.70589747950612e-06,-0.00053151107029592,-0.000386872903531454,0.000686377230510793,0.00158948158982231,0.00123046424080631,-2.59173232102228e-05,-0.000974177113480579,-0.00115304858101872,-0.00105012445838337,-0.00106618943720438,-0.00109118962131038,-0.00101217980546231,-0.000948453367835889,-0.000913784926059868,-0.000705291965918953,-0.000198165669923256,0.000485689472525586,0.00103413407568009,0.00107498747694024,0.000559936685436746,0.000127581587042513,0.000544138704231756,0.0015377849051017,0.00189241949584584,0.00114163350284446,0.000348331737116681,0.000479323196382886,0.000848892313733529,0.000260521517322587,-0.000952555656885679,-0.00135663579305589,-0.000552686961452942,0.000483348506834069,0.0010862491923822,0.00154697291313077,0.00195669242209195,0.00175468926501221,0.000820954724496836,-7.12507756155389e-05,-0.000295719094880909,2.57647106902681e-05,0.000654730793502978,0.0014587390611247,0.00184938294335169,0.00118194440328256,-3.06084566314979e-06,-0.000368159587667449,0.000255041134418654,0.00061890713032664,0.000186004948474761,-3.00749421517921e-05,0.00058262849080748,0.00105360405580868,0.000578164589404295,-0.000109105196846926,-0.000311046808766591,-0.000799292329318746,-0.0021971347095775,-0.00333331538306325,-0.00293442601663596,-0.00177073250191118,-0.00129110732768201,-0.0012357994483212,-0.000626454917919794,-0.000102630175387475,-0.000940038880237637,-0.00245579511926142,-0.00282479168769623,-0.00202046110885057,-0.00152510643305881,-0.00154168430976931,-0.00109536087665063,-0.000562959561087872,-0.00122192990378611,-0.00244492249410211,-0.0024394465003601,-0.00162499084839407,-0.00166151273213444,-0.00132780391225396,0.00161562085866152,0.00359635306109052,-0.00325984237642007,-0.0191368623163823,-0.0323393860364192
1,NA,NA,NA,NA,NA,NA,NA,NA,NA,NA,NA,-0.0261236638866853,-0.0370388644104356,-0.0470369782869096,-0.0427756079673847,-0.0259292955517978,-0.011453230812565,-0.00888415092975148,-0.0111335017594669,-0.00551111134766202,0.007758937448612,0.0147257158946417,0.00624929627537263,-0.00873420232785183,-0.0130506488139188,-0.00165568072910993,0.0129354607753305,0.0155389003622153,0.00455639764910387,-0.007931088324586,-0.00942490203865276,0.00145721348027905,0.0148171047374808,0.0188105875974491,0.00996004530724104,-0.00420666691987392,-0.0127372158899099,-0.0117894060197496,-0.00700980551458752,-0.00558837890468222,-0.00795914052360924,-0.00863679864785194,-0.00360762819713845,0.00525702065044431,0.0125340583449116,0.0140733991141824,0.009633025618494,0.00233517982731613,-0.00417215110077418,-0.00868971532546947,-0.0122288890136497,-0.0144241036280057,-0.0120644911783332,-0.00328763906874574,0.00822143496083427,0.0162127174840858,0.0182404823498628,0.0157288327597982,0.0087769779565896,-0.00356228104688316,-0.016789657005063,-0.0212922004788165,-0.0135740826716404,-0.00233705389745698,0.00234803509183035,0.00208487594702156,0.00505726684896235,0.0105818784369367,0.00881988011956469,-0.00267408754843323,-0.0123418068631116,-0.0102347222068015,-0.00232698903172857,-0.00102654929427981,-0.00656872784198814,-0.00780960337556014,3.47159526379315e-05,0.00849761052419407,0.00861813638836928,0.00237202876733367,-0.00234591546592711,-0.00191906510113515,0.0019110449331512,0.00592746923970555,0.00606184019501743,-0.000844805882528554,-0.0106430012242882,-0.0120871895673149,-0.000603808711574949,0.0117131228012237,0.00898623304899537,-0.00644760759545981,-0.0149774893823009,-0.00525741764826204,0.0105973210084871,0.0133269203833537,0.000908266162405802,-0.0115772268515872,-0.0123346859734541,-0.00394470682656589,0.00497730382425754,0.0100478242899564,0.0105446331016159,0.005935040033477,-0.00206239529768304,-0.00805316969078618,-0.0083802024053039,-0.00577209731940975,-0.00481839466375256,-0.00492436009339325,-0.00207601637135024,0.00372076432086654,0.0078330899272876,0.0082266857532538,0.00836579067869092,0.0106368784863706,0.0109053914702919,0.00379228899293871,-0.00825614131446351,-0.0156450606951788,-0.0122647275444878,-0.00246787769453505,0.00428975052103908,0.00383514919747618,2.41633041371259e-05,-0.0019091137171241,-0.00168263830971327,-0.00253199446458474,-0.0056542686338128,-0.00868569483897286,-0.0094738827642491,-0.00890308865544664
1,NA,NA,NA,NA,NA,NA,NA,NA,NA,NA,NA,0.0140918087124691,0.0139910325810648,0.0130290869891363,0.0110715368965488,0.00956144164565664,0.0100056779273485,0.0111823989533333,0.00912158558675902,0.0009730130300456,-0.0117329354716667,-0.0242499583665552,-0.0317896987495994,-0.0310480467595449,-0.0214144582278823,-0.00729022811113111,0.00307600865571001,0.005036093310685,0.00277633426411139,0.0030179226862872,0.00460868035082918,0.00033820128903006,-0.0100679776319996,-0.0157365211176295,-0.00772936387858625,0.00846258714994441,0.0189802659398994,0.0174032560347843,0.00910555598905205,0.00159866403221187,-0.00336566236921865,-0.00756262753626213,-0.011355497457207,-0.0132303071515967,-0.011643870417374,-0.00618272551234167,0.00101019193929108,0.00482820751592339,0.00133250825544895,-0.00671948758778562,-0.0113458011060379,-0.00789996776125879,-1.46959661320167e-05,0.0053736731294336,0.00586026588563993,0.00483732751776511,0.00669160401123303,0.0125251809488303,0.0195096938636707,0.0230372503525649,0.0204756984368366,0.0139949788755951,0.00876281738786844,0.00741840249613901,0.00751943644882846,0.0054626986737123,0.0014218814313125,-0.00129619941180259,-0.000818896459698237,0.00121592195695364,0.00177590592230548,-0.000885705449038099,-0.00642739380412483,-0.0127331203550813,-0.0166950287541043,-0.0159277190163554,-0.0108406708892685,-0.00515301679150504,-0.0036189081460094,-0.00793791732766813,-0.0142511550549278,-0.0158999844893737,-0.0102889176391612,-0.00226091312224685,0.00147332312125847,0.000743746167203518,0.0017314193965996,0.00791687912768513,0.0147406313555569,0.0153758206774652,0.00917495860496231,0.00164165020350815,-0.00229027534968207,-0.0021988589108588,-0.000569223514554018,-2.80944212383005e-05,-0.00178818805000081,-0.00472901182118335,-0.00628550665534089,-0.00558671732195837,-0.00466585408370435,-0.00512393613539786,-0.00536655311782841,-0.00329129278171525,0.00030951563722148,0.00390740651499399,0.00851408106978813,0.0145680121381933,0.0172999736370416,0.0110102637686325,-0.00174014631389774,-0.0108895400895683,-0.010572294323171,-0.00519531568459453,-0.00177405333297642,-0.00139108622881778,-0.00176253603688448,-0.00345183912373415,-0.00804330115032137,-0.0128050883182578,-0.0129537285757255,-0.00861310863809717,-0.00473528219483743,-0.00395365944442805,-0.00369310046221383,-0.00111666578945968,0.00280195607336253,0.00569463306980555,0.00748279105762428,0.00964500418654612,0.0123598319725193,0.0142249799771053
1,NA,NA,NA,NA,NA,NA,NA,NA,NA,NA,NA,-0.116622588617757,-0.249678845753643,1,-0.171377639119802,-0.514490558394328,-1,1,-0.365040895834623,-0.429441637792288,0.276443306726687,0.0797036995890386,-0.373960413834523,-0.297446537181995,0.523999977028621,0.228035863295005,-0.342477214367847,-0.230315092342839,0.430055571029526,0.0114595866507807,-0.331455054696788,-0.335880882032614,0.211193645256444,-0.100557872996426,-0.112039164510208,-0.0899475517147872,-0.0327280375021548,0.559657569109846,0.116670250323574,-0.28794791209109,0.0511868626803107,0.0427698709009858,-0.170351611840356,-0.293123125868988,0.697721915900087,0.208796542362616,-0.379110779253641,-0.272225292609616,0.709177901385874,-0.227889659083125,0.968367941186819,-0.250290786989027,-0.41515637474311,-0.614809495973843,-0.0373066367847352,0.0766854612574646,-0.230133582840528,0.153548729307354,-0.284873693662626,0.0954861330414438,0.28499953371445,-0.115173750144212,0.15367147232725,-0.0541972237928716,-0.160985786527297,0.465959394870368,0.0760759650124436,-0.176485933531111,-0.237299077154754,0.0167261352290193,0.133497760006542,-0.081669165038857,0.0969389764268946,-0.182993544871694,1,-0.239228403855384,-0.410009474422709,-0.186712239659575,0.606007477270661,-0.20109393588828,-0.295646342393813,-0.38179020303193,0.371460477007817,0.283831422568611,-0.25345269409352,-0.357321547641082,-0.136486180873537,0.858490730253297,-0.249433396943626,-0.214159128262535,-0.307796224754708,0.401300453887266,-0.11640731968624,0.0201452203912504,-0.165797507110407,0.938140883056166,0.482658048045518,-0.290264314815821,-0.448753498838041,-0.0982687828145714,0.332948159869797,-0.364219826959968,-0.442296195053659,-0.426198289944227,0.0934902361609957,0.0595575605325394,-0.130419951885349,0.662759637186054,0.217702163406066,-0.38021346017276,-0.151256749288037,0.0556888637980988,0.0408634594729698,-0.172352159439977,0.255182673801564,-0.188539325627384,-0.218113069925965,0.509091153650091,0.210218865568472,-0.320276304100767,-0.0211024498582484,0.0818637595346665,0.0947820514363009,-0.228472972405437,-0.117934399403032,0.394223979344662,0.209417978683717,-0.311999260575807,-0.204837715204418,0.241033215916622,0.0869371123458231,-0.277399867560713
1,NA,NA,NA,NA,NA,NA,NA,NA,NA,NA,NA,0.0545663427003262,0.0544948301129322,0.0549600072405827,0.0560113097190547,0.0562354289817417,0.0536850016953938,0.0479102237809066,0.0407242062232136,0.0346870902582159,0.030989872769509,0.0289196119328059,0.0269225315052992,0.0236597181269804,0.0183496242099892,0.0110571255668566,0.00307058533674098,-0.00358799028658829,-0.00768416672888872,-0.0097456609402764,-0.011203015275802,-0.0127007376890296,-0.0136269457093139,-0.013247168237867,-0.0118492881688699,-0.0105110345538266,-0.00985602132841201,-0.0092505031580794,-0.00736510385313593,-0.00359280209076207,0.00116389376249604,0.00522703326415996,0.00750272381976824,0.00780536775441654,0.00606815435463659,0.00213464517453232,-0.00315021348855815,-0.00732312307302507,-0.0078208756945024,-0.00425030739376542,0.00135646397457734,0.00645935983301005,0.00956471724842789,0.0100379776709065,0.00753025949905428,0.00230170013482756,-0.00441695601483083,-0.0110895910100233,-0.0167625730877061,-0.0209698922124275,-0.0231717408776007,-0.0229022317196881,-0.0203405317147238,-0.0162502389341785,-0.0114597638831695,-0.00678736642556466,-0.00316536959624081,-0.0010960567066105,2.7733026803034e-05,0.00137686304147966,0.00329491778533164,0.00502598998893866,0.0059837582998572,0.00659654702210322,0.00750466189454979,0.00858996631432163,0.00948454968920398,0.0105892789363589,0.0126631808003816,0.0153822729887061,0.017084370278492,0.0162676789949066,0.0129137791710408,0.00812199230736343,0.00293731374367301,-0.00205347898497799,-0.00638260739980545,-0.00967806650084402,-0.0120422550928634,-0.013894520866141,-0.0151290341753478,-0.0147943589045623,-0.0120753053665172,-0.00746856200176627,-0.00247019833634621,0.00198953348451258,0.00625196449753762,0.0107138231359407,0.0143944547686505,0.0154563843788713,0.0131015374853964,0.00827587130406915,0.0024045587574415,-0.00379787242088891,-0.00988448154415078,-0.0148437551119533,-0.0175745102248905,-0.0179040020099972,-0.0164085819691939,-0.0134858818958419,-0.00947085584618268,-0.00551718963416548,-0.00318572944517292,-0.00274627544115447,-0.00280362922567701,-0.00217096979966858,-0.00129013934067768,-0.00105267323358582,-0.00101047621914052,7.71727629240715e-05,0.00227911487446164,0.00432521637496563,0.00543158035191915,0.0061187955857589,0.00690181152497882,0.00728846213174794,0.00677833749976209,0.00604158773755259,0.00621000858514087,0.00739788639330641,0.00868909339670321,0.00935167054681862
1,NA,NA,NA,NA,NA,NA,NA,NA,NA,NA,NA,0.0276258266056759,0.0175300342351123,0.0019955036710293,-0.00509719309084478,0.00509212098483403,0.0191441422507168,0.0129031541194156,-0.0151375230684154,-0.0364120183760539,-0.0277496376874593,-0.00201733098429546,0.00992977125322447,-0.000249750867435949,-0.0114346485430454,-0.00443021232774488,0.0139824140361666,0.0220615162457198,0.00962103057555019,-0.0111655993490158,-0.0186833371826163,-0.00436029425384632,0.016971289281698,0.0219992283071226,0.00599753339835907,-0.0107792767568693,-0.00840261219247918,0.00795565449202229,0.0170446788587792,0.00972307508901427,-0.00345353974307994,-0.0101983133186048,-0.00889135436415422,-0.00210981295727475,0.00873767248384638,0.017307663368066,0.0127187322285058,-0.00544330134644699,-0.0206786510129753,-0.0175063588787747,-0.00081502455993121,0.0113754667791328,0.0106078610876299,0.00415161286121624,0.000568280056444159,-0.00052135517374019,-0.00243194406528513,-0.00391308485284547,-0.00246789955095839,6.58572946230507e-05,0.000407815986453564,-0.000348607691472935,0.00168953970468078,0.00692722686476088,0.0112483664032998,0.0110263664265844,0.00627571051919951,-0.000942252548973954,-0.00801215971982661,-0.011273680473721,-0.00786883959167017,-0.000169868371854953,0.00474081983622821,0.00288858303669759,-0.00193621335853766,-0.00457343050752446,-0.00610988283778369,-0.00965667298398021,-0.0115780781719392,-0.00544659788844459,0.00552463224518362,0.00972897118834481,0.00346018894419231,-0.00357820946239595,-0.00326889605747915,0.000529266102131665,0.00250526906502913,0.00511311487990707,0.00807448778124353,0.00203793662228513,-0.0121676963000201,-0.0110520417273738,0.0210389406053508,0.0560452083409384,0.0470154616972378,-0.00762840546787835,-0.0546316864035097,-0.052481626563444,-0.0192963615577835,0.00429515956101056,0.0123929029334358,0.0236818270802717,0.0338513717223021,0.0186103301770366,-0.0184774886762185,-0.0393321095144534,-0.0228282476236323,0.00617082913691913,0.0139645174152072,0.00144898850049557,-0.00706473711485334,-0.00129166398294789,0.00849218482030345,0.0123812608458786,0.0101105915296005,0.00393838456462792,-0.0034551784765835,-0.00640968254640484,-0.00223537160380971,0.00316077613737686,0.00398718564251688,0.00385922801980243,0.00719266192654189,0.0076559283341755,-0.00229952674848377,-0.014471638516647,-0.012214042324989,0.00436854423989708,0.0136560539586998,-0.00192326004782739,-0.0338957383339649,-0.0574588805321321
1,NA,NA,NA,NA,NA,NA,NA,NA,NA,NA,NA,0.00442041898337919,0.000238516218855622,0.0110744552991431,0.0455555895074271,0.0827307994855317,0.0956267695299351,0.0823847951161962,0.0609049050124888,0.0423566220487945,0.0266720100122537,0.01894505033792,0.0304861323431549,0.0607632355601888,0.0938375824058859,0.116467653141687,0.124497554505091,0.107608402546097,0.0498098073592494,-0.0390192387140225,-0.109321335574656,-0.114633698422294,-0.0640830365276246,-0.0113587336840899,0.00729757498958605,0.00302606306066,0.00132820918637755,0.00500627140028431,0.00299471443415378,-0.00367979121009565,-0.00477561525727843,-0.000350470930705171,0.000764941429429733,-0.00198118337069264,-0.000876948117626064,0.0045088258123922,0.00587699918452245,0.000985071452556774,-0.002551047660873,-0.000459525893288237,0.00211180804216671,0.00101366013598891,-0.00010790310817832,0.00217300472531257,0.00443291859347639,0.00289797332618402,8.42405487686548e-05,-0.000182208397379036,0.000829627822700019,0.000230602400107749,-0.000899646938395726,-7.13269758882973e-05,0.00191973008692603,0.00304574167535687,0.00377032867923877,0.00491575924637289,0.00470575171053333,0.00171373698109534,-0.00178453451407989,-0.00297571492859827,-0.00263005308491682,-0.00266368343998824,-0.00215542575497629,0.00034792656033833,0.0027633308332371,0.00201188079868686,-0.000658053307270201,-0.000974831816636268,0.00222495326285088,0.00559470289445674,0.00584008878368003,0.00295464035845416,-0.000864249077062063,-0.00321726523989962,-0.00272916227112585,-0.000224121931094778,0.00167684595614226,0.001494538076102,0.000549913682383441,0.000563192439687832,0.00116302315757899,0.00123371930944582,0.00098015083320746,0.00101232325221545,0.001107118194553,0.00128991459230221,0.00215901053130096,0.0031962917059758,0.00367718890432478,0.00599210038294373,0.0133681957949765,0.0224408377357896,0.0241879206107782,0.0161436650450675,0.00711924535539232,0.00380181699863691,-0.000366374306052464,-0.0135882189202761,-0.0284979397738159,-0.029272869038536,-0.0146615403361423,-0.000819521062725315,0.00106800312300415,-0.00215431048920678,0.000366155751342134,0.00745444297428932,0.0112636654881779,0.010218907936121,0.0081292941860589,0.00607582391614514,0.00324376328154763,0.00179814959508739,0.00355840872972912,0.00493157978550762,0.00191315840311646,-0.00255569446056647,-0.00269183710531351,0.00103875582962409,0.00331438626341019,0.00250404828707929,0.00154147648391678,0.00173893150053672
1,NA,NA,NA,NA,NA,NA,NA,NA,NA,NA,NA,-0.0994426431482061,0.0274892704910568,0.195866736695634,0.278875494843506,0.223497885303784,0.0737730617657411,-0.0875597030000019,-0.184201603665332,-0.168455456094281,-0.0571650569884516,0.0565329762074116,0.0763959177294078,-0.00203915286389655,-0.103273270976715,-0.17154833453018,-0.20526134167846,-0.195260469379114,-0.111286691179711,0.017164352515211,0.0859749043348272,0.0419532751104175,-0.0397334116403809,-0.0679543889858332,-0.0588485257543945,-0.0631116608616868,-0.038882226298826,0.0796078305262786,0.223375167085305,0.238779386306448,0.0982835310813437,-0.065449014520925,-0.144722536532355,-0.145153964091894,-0.0794382919514764,0.0620004814086297,0.185951641385466,0.127235911319652,-0.0849310518369819,-0.162541502252831,0.0707382571461674,0.375844276432033,0.375275513697519,0.0591000234815402,-0.21353339779382,-0.19991693987309,-0.0297043309498148,0.06232977807253,0.0367959410145993,-0.0201602202727411,-0.0867484995982819,-0.175095260045975,-0.222322014153252,-0.164911015867309,-0.0655890141549405,-0.0359840553576456,-0.0637178701866983,-0.0322006994878294,0.0964134510340964,0.21784032815903,0.21647104906652,0.088729577204262,-0.0736015612984664,-0.16698099526687,-0.138547272456799,-0.0208801940073782,0.0789205344616333,0.0649565738583866,-0.0500919543057901,-0.148477736569618,-0.119194505334082,0.0319900620904097,0.1747209226476,0.163441372480786,-0.0124595887556755,-0.186466180746562,-0.171558098413011,0.0247873965700327,0.196016529549469,0.172310588580034,-0.000331985555229508,-0.152361577742,-0.185116446013782,-0.106403450518364,0.0529142594147007,0.248583385314592,0.381500639550624,0.358564742022263,0.202854476909521,0.0275968447328072,-0.0938108058618266,-0.158028747558845,-0.154478913281618,-0.0647814403538227,0.0521104368390981,0.0808457746820954,-0.0085166760304185,-0.121968151529152,-0.174061352747731,-0.175879700335375,-0.16092814709262,-0.117960726100747,-0.0493274424008439,-0.0101222510720786,-0.0250484747565993,-0.0400103340662383,-0.0199900743499444,-0.0158979530508603,-0.054692919562652,-0.0447083666196786,0.0949692186631381,0.263733959831603,0.27229082003602,0.0978075994294541,-0.0781858351038829,-0.108926260405788,-0.0497646092767146,-0.0384551261348052,-0.0982716867169637,-0.138922287189594,-0.108602058124337,-0.0596573148935877
1,NA,NA,NA,NA,NA,NA,NA,NA,NA,NA,NA,0.00343655717254077,0.00511132714828211,0.00614652177731756,0.00453763436712329,0.00124164766356571,-0.00123484151647357,-0.0018187433257264,-0.00117970754081309,2.07533718956654e-05,0.00155989786855759,0.00260618409440649,0.00198998174454079,0.000110982714891072,-0.000686151768517718,0.00129692834819295,0.00472688663809784,0.00652535713638436,0.0054587550954226,0.00347989410781491,0.00318427316730396,0.00473406207608118,0.00603017596660749,0.0055159209852782,0.00384524376800499,0.0026821141536324,0.00279632956390596,0.00392595583235966,0.00581845850499896,0.00843301015399778,0.0112561079455284,0.0132643056109236,0.0137069783530066,0.0124206080161393,0.00952228588384774,0.00558991370116146,0.00207041436435418,0.000380110430632463,0.000254380449752567,0.000107808933344167,-0.000352500196246552,0.000916801973070314,0.00554787606629148,0.01181606088113,0.0159430834715257,0.0160666191101129,0.0136012036341819,0.0108892059419112,0.00903741613145836,0.00815965439144772,0.00804874750409557,0.00796677886621033,0.00725600364243384,0.00703750369445455,0.00980002245752765,0.01583979240303,0.0212421691338074,0.0213967722909487,0.0162604298245883,0.0103658422501507,0.00757218706821217,0.007651328423389,0.00856845771808423,0.0100663773712553,0.0132104982956207,0.0173513888591987,0.0196674257446183,0.018149554600309,0.0138751506217041,0.00979319342659313,0.00793930945441534,0.00819377032080926,0.0090588539382308,0.00910746708937182,0.00823217802659659,0.00812765216921818,0.0110401861746565,0.0170807129903379,0.0229557810898404,0.0245233352651306,0.0209943224115268,0.0157286082140713,0.0124010921807614,0.0113546760687928,0.0106188257642756,0.00956320390718979,0.00983471655182466,0.0126659520580423,0.016804658285877,0.0197414284737025,0.0199882685928685,0.0176260298754896,0.0137251938182015,0.0101270832327698,0.00884378322692037,0.0103557719852656,0.0128433707531039,0.0141846270724137,0.0144531217295922,0.0153439058045235,0.0173099801783545,0.0185832370521553,0.0173368136712737,0.0137836557310917,0.0097020910724348,0.00671375606710445,0.00547706077711307,0.00582848446270035,0.00713066446077182,0.00889302737254383,0.0113146952249066,0.0146463161010066,0.0178368039600434,0.0187275256312427,0.0162074296927983,0.0115204289069553,0.00683847528522197,0.00319108211233665,0.000453356986925613,-0.00141458042173337,-0.00222774431671002,-0.0023156194260876
