1,0.000284565744208098,0.00161881562003163,0.00205461416897723,0.00210616970775046,0.00189977115375539,0.00232296449179881,0.00248577163055552,0.00239051469208018,0.0019559479454343,0.00198024855744316,0.0020985609959796,0.00187947855663184,0.00207412679051133,0.00245430434765925,0.00257735004756476,0.00222152300065215,0.00170574813041258,0.00138884080075075,0.00163530389309052,0.00126636367262822,-0.00256900843175911,-0.00113037196171595,-0.00035076866377004,-0.000176248296475112,-0.000183141685468513,0.00109088872030183,0.00187356618034196,0.00107596739969607,0.000931452728865079,-8.09383558268983e-05,7.29451154386496e-05,-8.16893591633061e-05,-0.000412428552514221,-0.000202858537373896,0.000367876960977398,0.00110076748008758,0.000385818685599393,0.000564153392435429,0.000626530892946509,0.000914305032611917,0.00107341263097371,0.00102981186496853,-0.000244819083549341,-0.000313876275270797,0.000160794235905204,0.000630006262670957,-0.000236792918838269,0.000652101898105162,-0.000162379193289208,0.000121974870886721,-0.000278497863037241,-4.46255485315739e-05,0.000319920469114887,-0.000486382161826171,-0.000994426101409207,-0.00123514835722105,2.72710833817413e-05,-2.28084252800187e-05,-0.000529144492078526,-0.000493257699617278,-0.00142778929988996,-0.000994206012240539,-0.000932120595682484,-0.00011471447744027,-0.000178644216405122,0.00041630498004297,0.000263303439510754,-0.000117365558993221,-0.000336256465010898,-0.000468639266434145,-0.000512322326523762,-0.000171494493203639,-0.000243422494242029,-0.00035973122363897,0.000270768844161662,-0.000152333843306707,-0.000388617830029414,-0.000395262698085208,-0.000952877491458892,-0.000470527271052568,-4.90267915376208e-05,-0.000672528687795548,-0.000378581384034238,-0.000392097175579309,-0.000292973221247994,-0.000240867983954285,-0.000276820472497885,5.58894726232495e-06
1,0.00157078676560118,-0.000664939901112938,-0.00395844345941132,-0.00679522862392368,-0.00885304148394095,-0.0107412987424214,-0.0129926899642427,-0.0157577039283749,-0.0186695655373317,-0.0206115896510362,-0.0204618151245741,-0.0185613585588742,-0.0166605666692172,-0.0159171717886197,-0.0157881599956688,-0.0154281151108417,-0.0150831769774049,-0.0151098871590083,-0.0145951246071219,-0.0124394653958744,-0.00943589980013826,-0.00781471430926217,-0.00858145484165185,-0.0103306169456694,-0.0108921548982455,-0.00947850212279278,-0.00727231444859555,-0.00653340847541717,-0.00875699433008936,-0.0127778076821086,-0.0151030472530902,-0.0133948856260595,-0.00939787642017009,-0.00697888734284025,-0.007437088918957,-0.00859087324352714,-0.00862875017922793,-0.00847568638654828,-0.00926655211389971,-0.00974201900926541,-0.00819537339348031,-0.00560724852720274,-0.00464538843899831,-0.00626204035990341,-0.00915881513335925,-0.0119037028866771,-0.01357283971483,-0.0130337231477506,-0.0101623254868883,-0.00759210138627431,-0.00844122538301573,-0.0118235413591661,-0.0134095833528196,-0.0114290464180815,-0.00918636124917516,-0.00976328798178905,-0.0109727794887178,-0.00855867249511277,-0.00267646813730327,0.00224099201730255,0.00339536593306811,0.00201231418226122,-0.000208457255461703,-0.00348799389036891,-0.0075503664094434,-0.00974320566527265,-0.00783126147013569,-0.00319409405430982,0.000536104292712558,0.000943702781158073,-0.00233265709241248,-0.00850198892940401,-0.0150962931511733,-0.0177109414572225,-0.0133450979941347,-0.0044445346964368,0.00263237932463678,0.00402716950642379,0.00166890965948596,-0.00038914399125467,-0.000840593802601042,-0.000932397736788992,-0.0013071960913642,-0.00163537518187518,-0.00282365900926695,-0.00674526511093099,-0.0128728063164694,-0.0174470016441939
1,-0.00676093084232843,-0.00601983593571909,-0.00516648860146507,-0.00563385410115114,-0.00564212826371868,-0.00505177531539047,-0.00405706274930484,-0.00351528748300645,-0.00251114001589769,-0.00265084562148754,-0.0023003828624848,0.00163320853283544,0.00197361272089935,0.00108799421176631,-0.000736459690385161,-0.00094585562489069,-0.00154587971100195,-0.00224062599979646,-0.00127253909936975,-0.00178421632897141,-0.00202145083246652,-0.00223206550891231,-0.00193464784547714,-0.00126720404246239,-0.00138325961347441,-0.000893731042577173,-0.00115763120157908,-0.00102912197475646,-0.000659187643290871,3.22175078322218e-05,-0.000784259311479296,-0.000633981284678065,-0.00097964440503695,-0.000916332814496101,0.000199815030406114,-0.000680525767752016,-0.00101796796932963,-0.00026720902388,0.000497656187859796,0.000631781604581327,9.17076736772771e-06,-2.26521469777197e-05,-0.000190434796789596,0.000205521074668091,0.000390135252241741,-0.000145480570149736,-0.000776337912721026,0.00030083794500424,0.000219610873195109,0.000197224873458524,0.000236441740007365,0.000928437279611671,0.000615848877652425,-0.000237794502907285,0.000294484338050793,0.000422795020814881,0.000531649983008364,0.000157132926505099,0.00034798519045065,-0.000406578970859606,0.000800189119977368,0.000586048255658334,0.000808287249444817,0.000711096159771607,0.00190155607087839,0.00148702021063851,0.00228397398685409,0.000101053182010702,0.000482713223219022,0.000773977057035857,0.00115232724871639,0.000982409348392999,0.000244104801492284,0.000671840996502304,0.00129590005385083,0.00183205010879561,0.000177206839943267,0.00149325048133253,0.000848724528087708,0.00115147777539804,-0.00167936156817117,-0.000927564460562635,-0.00199648869735203,-0.0017899928642775,0.000139617498199129,-0.000346455708701399,-0.00253224326979407,-0.00275879141815327
1,0.00108464277490672,0.000152702966852658,-0.000703793205405923,-0.000492083097604734,0.000537341837610228,0.00138464132080252,0.00163900721441212,0.00170592450344653,0.00192172326899609,0.00214048561824853,0.00230263372891581,0.00279343753572725,0.00385214925384414,0.00498679807192381,0.00543236419402771,0.00505988080645903,0.00444193519845726,0.00404949097054086,0.00375141122424338,0.00319610934228098,0.00239418516010304,0.00173746977352351,0.00157115661999985,0.00186284725893593,0.00221044653494129,0.00214287163894511,0.00155185822582826,0.000864237342023344,0.000613009006660725,0.000794073752234503,0.000893454225880497,0.000655661779252803,0.000481734957566538,0.000757041821744409,0.00107874454625279,0.000683558707802234,-0.000405610254583522,-0.00123039070825293,-0.00108732587285232,-0.000402946194094866,-8.63615084858438e-05,-0.000353688344362446,-0.000631119229840493,-0.000436096043002543,0.000109146727644394,0.000595893235447953,0.000736634201613739,0.000426775799855506,-0.000198748720985797,-0.000677030699632652,-0.000573902760939049,-9.03082345953266e-05,5.90212206850182e-05,-0.000409076126830499,-0.000912331513942988,-0.000852736171879087,-0.0005223874965683,-0.000630310832987924,-0.00115453638986018,-0.00133194206703191,-0.000804593075207194,-0.000113496723297857,0.000162697279765922,0.000149126992019077,0.000163770942147146,-1.14821462560144e-07,-0.000673928896969045,-0.00151194485560247,-0.00178905291238074,-0.00142693588265796,-0.00106057336777621,-0.0010193311101343,-0.000924372820535702,-0.000553125352657169,-0.000429455652645849,-0.00101285802795914,-0.00176421829441065,-0.00172299134680109,-0.000844560829901475,-8.25062213039018e-05,-0.000112637462100551,-0.000598474302413443,-0.000897280393175492,-0.000917457218198692,-0.000924849371711112,-0.000944432843837717,-0.000827784027449319,-0.000661705055257755
1,0.00104765412829178,0.00124851206195675,0.000652694549375887,-0.00105557871002215,-0.00258733312863324,-0.00263427061292898,-0.00166506174294234,-0.00118505287154402,-0.00160521113222334,-0.00190188341923747,-0.00138057097957134,-0.000695627562941503,-0.000600368219900282,-0.000477448610673115,0.000906204793628795,0.00329088045793391,0.00453047090808845,0.0028602165868179,-0.000892280658930211,-0.00406168489132774,-0.00498305948046252,-0.00428166059840507,-0.00322155732532359,-0.00191040861613168,-7.31703919454318e-05,0.00127456568365059,0.000644370421593266,-0.00138074309317382,-0.0021607359582454,-0.000385102587425301,0.00193799847096088,0.00211578661770062,0.000305005541120451,-0.00122170601503324,-0.00164040087683492,-0.00234351009376699,-0.00409114336502725,-0.00546871674254668,-0.00503329964132604,-0.00344673612829016,-0.00236453890800892,-0.00232053742361149,-0.00277033999957599,-0.00316498722006209,-0.00277873002576001,-0.000582656362789535,0.0030101091657464,0.00504619446346055,0.00282019777947173,-0.00227053410724753,-0.00572090788331536,-0.00524308608125956,-0.00318828170684515,-0.00278810538870378,-0.00387621862663945,-0.00399580853007997,-0.00246896476173397,-0.00119222789473294,-0.00158488776819432,-0.0025738549024954,-0.00209514134381994,0.000468513138479842,0.00372877031577268,0.00542738016964961,0.00402005969913422,2.00753592443093e-05,-0.00396644754203201,-0.00536233991967006,-0.00415308012355453,-0.00264799892777035,-0.00248966254879512,-0.00284731699775875,-0.00218790584371753,-0.000880747753237543,-0.000760305193361788,-0.00227122284067782,-0.00330072911509927,-0.00151292691066907,0.00258452700888334,0.00557800641758366,0.00443158536417787,-0.000256048175072188,-0.00460193758042315,-0.00530683055734116,-0.00292240122620946,-0.000757425628270525,-0.000792272744421396,-0.00179995604573424
1,0.000182532325641915,0.000646468001094469,0.000495729509758291,-0.000861461394189078,-0.00239948018094083,-0.00277364709793648,-0.00217359243970527,-0.00193349930496467,-0.00253092210757089,-0.0030025412158432,-0.00255987278488767,-0.00182297798875108,-0.00173767239855138,-0.00188025768466016,-0.000939973414507023,0.00105929662924353,0.00208503717324682,0.00035351904749259,-0.00330451642166452,-0.00624281482378652,-0.00697954319464955,-0.00636441036275226,-0.00563354258603521,-0.00457613921969813,-0.00257767407752763,-0.000535885324289609,-0.000109552869156815,-0.00113628715021274,-0.00143349011124894,0.000209251071591865,0.00217812024685227,0.00221935872218371,0.000476023640576528,-0.00102935388743042,-0.00135962768118247,-0.00150242233837705,-0.00227996525988949,-0.00302375975416425,-0.00288124149465929,-0.00220035350244352,-0.0018268480859307,-0.00191593684206204,-0.00219100201645883,-0.00254337331541699,-0.00253847940630259,-0.00122187369762106,0.00135794917735144,0.00307736022899618,0.00175665305055794,-0.00182799122573041,-0.00445714998045244,-0.00429445361268144,-0.00281778587261439,-0.00234147388233996,-0.00296123961158923,-0.00309796294818021,-0.00218304041947537,-0.0013413915768874,-0.00154125527824167,-0.00223452106920963,-0.00211305443236576,-0.000576427639154886,0.00169361366784493,0.00315458135345459,0.00246233543100516,-0.000264438564712144,-0.00317946531543356,-0.00430952924970551,-0.00354955673735091,-0.00251974108522113,-0.00237601276207666,-0.00253994598400809,-0.00198394144512015,-0.00100683481265929,-0.00086252022239286,-0.00183317802475802,-0.00251671969924772,-0.00137555210340512,0.00130803621849118,0.00336008830575718,0.00273257081644918,-0.000365812227373752,-0.00348158202041837,-0.00429024542437251,-0.00288387049034888,-0.00133663879896062,-0.00109921874865293,-0.00158219876990717
1,0.00674533485497752,0.00635562772299636,0.00540912023728124,0.00414908379356493,0.00315695742443944,0.00266693103136983,0.0023372403973827,0.00181265834024513,0.00115458570606686,0.000629325866677632,0.000456333643209295,0.000810218789383477,0.00160034275264387,0.00219855307409578,0.00196869704027414,0.00118198760144628,0.000726155618264279,0.000707020588031959,0.000178079320788171,-0.00128881874218267,-0.00262001217446484,-0.00256144290756533,-0.00130333738554533,3.52718267020435e-05,0.000909521092459897,0.00135440512524099,0.00107715207015291,-0.000165585115885492,-0.00154610542100997,-0.00187272637139957,-0.00130981845768074,-0.00107174588350611,-0.00133610103024173,-0.000997708359009142,0.000122482792765055,0.000533822549156682,-0.000524715749357085,-0.00149296013730593,-0.000726382606748732,0.000842544269525014,0.00101474326252715,-0.000409215142638253,-0.00153408390985987,-0.00128527779202825,-0.000563909456001266,-0.000341002892204401,-0.000364840349936557,-0.000286287761226411,-0.000492523527893418,-0.00102904398733195,-0.00105596965495502,-0.000348429596244593,-0.000130227458126519,-0.00122390223329827,-0.00238167191887273,-0.00190559476336905,-0.000271437987665823,0.000436305015167893,-0.000549400591699278,-0.0018510001631542,-0.0021059140530677,-0.00149011909594243,-0.000712300210171879,0.000162683586901746,0.00114672747229605,0.00161500561131511,0.00110250118064625,0.000207469075030442,-0.000161005255233881,-4.287792686819e-05,-0.000144242504803938,-0.000575419317375481,-0.000710423244110192,-0.000291172744724122,6.9076033388793e-05,-0.000271571078211519,-0.00109507907261497,-0.00157457262369443,-0.00123010144349944,-0.000440676706817023,-1.93942029618199e-05,-0.000311328960875823,-0.000776200593720855,-0.000632278989586954,0.000115550738706727,0.000645341115500742,0.000442777598489208,-1.0895078158768e-05
1,-0.0394182845615969,-0.038885676296915,-0.0376099171774529,-0.0351362807794873,-0.0314625264026311,-0.0278250346590312,-0.0254870377696674,-0.023830049517513,-0.0212355592396483,-0.0177476492850861,-0.0148393156044087,-0.0124745242026059,-0.00902291872020822,-0.0048173255378936,-0.0028519973908141,-0.00427180007893302,-0.00593900164542838,-0.0049642543224464,-0.00323956663201308,-0.00418817340626276,-0.00680814547293718,-0.00702050084940131,-0.00431062680794625,-0.00274493224490158,-0.00475415630424347,-0.00776629939220586,-0.00849877583462888,-0.00733588431402898,-0.00643540463162662,-0.00613798162795653,-0.00558584641380078,-0.00489999539961117,-0.00441378665780023,-0.00336010399049913,-0.00156848439647606,-0.000917299580288411,-0.00262164088453476,-0.00446583394078681,-0.0035977782790293,-0.00109570802831627,-0.000581127916077673,-0.0027112496252415,-0.00440297538679824,-0.00376793264839703,-0.00246944052865539,-0.00226495424886464,-0.00237671893749702,-0.00185438620459788,-0.00175746978899527,-0.00292813945010773,-0.00388747117655042,-0.00328551635815666,-0.00255198488016584,-0.00350969322303074,-0.00487319655950458,-0.00408292573473057,-0.00167995744279059,-0.000665618103135479,-0.00174873313486046,-0.00243739992987058,-0.00131600653037678,-0.000142925602240496,-0.000501176308048024,-0.00107926160396987,-0.000145739732037242,0.00133215031899692,0.00127310818102888,-0.000143220551711121,-0.000975815186798901,-0.000684891666710374,-0.000561053951816159,-0.00115907350721534,-0.00141755725476367,-0.000762470423556039,-0.000313203739660928,-0.00108158865307129,-0.00218652357616111,-0.00200232157816238,-0.000507327583547212,0.000567034074067774,-0.000103622872211329,-0.00183203318459846,-0.00272201004897932,-0.00178819467062175,1.45925034833461e-05,0.000941415998727546,0.000440838369958119,-0.000397327335188269
1,-0.00905589434812981,-0.0063196100780134,-0.0028824850450162,-0.00111443161711211,-0.00114340350794961,-0.00154384674567964,-0.001640778766685,-0.00186911789175426,-0.00243594718117635,-0.00288637086380206,-0.00295435705476965,-0.00289661554389919,-0.00286218949932682,-0.00266823652531389,-0.00236058732107214,-0.0023468162015412,-0.00273062423241388,-0.00304189729892634,-0.00289531870128723,-0.00248511423624542,-0.00217366506171501,-0.00199755825000469,-0.00187039108142706,-0.00189798374000194,-0.00212760233085785,-0.00225680675454676,-0.00197065905275462,-0.00140999522054752,-0.00099246074988546,-0.000897607688151503,-0.000994842786676386,-0.00113289337424938,-0.00121427303251842,-0.00111060270894914,-0.000806780318611366,-0.000544901843702483,-0.000545614056233212,-0.000671403484429511,-0.00065085591488323,-0.000541801267165631,-0.000632356582426219,-0.000928667516375548,-0.0011117098343103,-0.0010364474950908,-0.000933039140957881,-0.00104300145027736,-0.00136391092411969,-0.00181181287686716,-0.00229387360868216,-0.00253413385465873,-0.00222573501724543,-0.00154582178611928,-0.00113510127498717,-0.00128620407832969,-0.00149659889238141,-0.00118645938111239,-0.000565493996699473,-0.000329325034677197,-0.000674625631623904,-0.00111672957923847,-0.00123227002175152,-0.00108792437468441,-0.000880519345157538,-0.000634175668469794,-0.000427893544721947,-0.000501065344634455,-0.000853943242943522,-0.00105920405185067,-0.000801446172384424,-0.000393528865981985,-0.000398877298390943,-0.000837627026957222,-0.00112583894881357,-0.00084100321956182,-0.000259538439426166,9.42039650642101e-06,-0.00023443452917693,-0.000581458772278332,-0.000536121111610832,-0.000113875255800089,0.000192739052393698,4.24550932125456e-05,-0.000310973782999824,-0.000358933459732036,-3.09762798789137e-05,0.000227565684862263,0.000112319805406713,-0.000130581334338409
1,0.000233541302589124,0.000195857123260534,0.000119403526551043,0.000164133073604411,0.000503984937537449,0.000973554290280898,0.00115147653321346,0.000858852088885698,0.000302815720421457,-0.000277590947108219,-0.0007447941205041,-0.000834342912129582,-0.000298442802026067,0.000553917624719791,0.000961103755830361,0.000633269594639163,0.000112972755713425,-0.00011374641402595,-0.0003590969180709,-0.00108955306365566,-0.00197859417190749,-0.00225955786192689,-0.00177929838636048,-0.00105898139555594,-0.000480720596518491,-7.91118535490298e-05,-9.32690837851524e-06,-0.000454527825688444,-0.00104633656779951,-0.00114926142971017,-0.000846412980439304,-0.00085626809474304,-0.00126671769104769,-0.00124935378652546,-0.00047048395072169,0.000129643466693086,-0.000276795811000152,-0.00098679330490592,-0.000740962746363483,0.000336193546756292,0.000885305466061137,0.000271125416271278,-0.000680727400777847,-0.00102200654639439,-0.000787205672681424,-0.000477362878184451,-0.000301432059380602,-0.000347664084678456,-0.00077021245841058,-0.00131326293555567,-0.00130378056238323,-0.000674137096937422,-0.000375798245769943,-0.00108316238647932,-0.0020113235275323,-0.00188769053638493,-0.000785385252836779,-4.13191180830275e-05,-0.000413806805358075,-0.00125003783938871,-0.00163143628480444,-0.00146168305467675,-0.00104589627684826,-0.000369130177456434,0.000585706156525756,0.00130515114191088,0.00123079888964117,0.000574869036735315,6.97721959719289e-05,-8.26559746025524e-06,-4.19799865447601e-05,-0.000300980161267006,-0.000490802266052359,-0.000272663819225194,0.000131672178699471,0.000164434893215049,-0.000364529767133526,-0.00103704777907465,-0.00129660211492189,-0.0010270745865073,-0.000600605626972506,-0.000396062440236378,-0.000385165833511891,-0.000289113922915529,-6.10113719270444e-05,2.01377161999083e-05,-0.000201300360204382,-0.000470930533494229
1,-0.00194868134144377,-0.00206802957412444,-0.00255926429338693,-0.00298158425306827,-0.00257229195580422,-0.00170827461501188,-0.00158197267551774,-0.00219514813243116,-0.00225748520405622,-0.00142024893977899,-0.000794931561955536,-0.000666819922123807,0.000218474444743322,0.00200303147253189,0.00253467493401383,0.000593623983620173,-0.00162877761677072,-0.00159199665983989,-0.000422269541585862,-0.00106786292189653,-0.00339130422120038,-0.00430500609224094,-0.00272816400749054,-0.0012307540359271,-0.00199122005606167,-0.00390782231716136,-0.00499055809791216,-0.00526470789947364,-0.00570144905239589,-0.00616161361522849,-0.00613586576725345,-0.00603753590806688,-0.00610654293714497,-0.00542192883516002,-0.00372696588678156,-0.00282374733082857,-0.00406735500793998,-0.00566101114570872,-0.00489576008665704,-0.00232077419662069,-0.0010053003030781,-0.00191236847614151,-0.00280686730675095,-0.00207212850556582,-0.000840679116868248,-0.000432715677573192,-0.00023909861859428,0.000424021926044293,0.000553279589324607,-0.000649035048615243,-0.00188453049710846,-0.00176246989265882,-0.00128456815716227,-0.00213346375671319,-0.00354966618229824,-0.00337578649919168,-0.00167291850350626,-0.000731029405472761,-0.00143283005761496,-0.0020913164622276,-0.00148443411906607,-0.00073931445689146,-0.00107192601838424,-0.00158487477074765,-0.000887934706118365,0.000442856205993714,0.000759781100488688,-9.59109619613763e-05,-0.00079777682430171,-0.000717421835603638,-0.000531854374427709,-0.00066719542227256,-0.00057931199248662,3.15747228150087e-05,0.000426499944556458,-9.03155200839834e-05,-0.000990825687790853,-0.00113701899835883,-0.000303909837061411,0.000473077752095818,0.00010504514774512,-0.00127819092295889,-0.00240743746146732,-0.00222162261279912,-0.00102389900016098,-8.54199486912677e-05,-0.000115679499182342,-0.000550025595984049
1,0.00506499848565589,0.00461697697496266,0.00361815775692165,0.00244209805876761,0.00164213001427971,0.00120682812018647,0.000763924241230285,0.0003805423885197,0.000322574126828457,0.00018294284460918,-0.000602318185531914,-0.00137072393734616,-0.000780068232945297,0.000948240612405726,0.00188279134913572,0.00114680374580889,0.000199461498061382,0.000241308178940081,-3.46776107136293e-05,-0.00232658622035675,-0.0055223735162091,-0.00677555669476959,-0.00529010518884654,-0.00296388199801978,-0.00143133245981719,-0.000557922277189427,-2.91228021724876e-05,-0.000261058373411061,-0.00102614440883109,-0.00105035446136448,5.70783634366023e-05,0.00104360948272042,0.00112463255434925,0.00123899645748882,0.0020288340766097,0.00222524044812022,0.000702171801674645,-0.00121728357850426,-0.001482551119663,-0.000404638423936454,5.07821513862083e-05,-0.000577764555830917,-0.000982861268753688,-0.000647764105622173,-0.000366197555858427,-0.000188395763603744,0.000770232171441343,0.0020796237078331,0.00198969673855398,0.000470154765920938,-0.000225616517493421,0.000666444473788275,0.000599747026959641,-0.00225883329524468,-0.00537944728037854,-0.00512206180406238,-0.00222413509839647,-0.000715032168652208,-0.00186433547020215,-0.00271408495451109,-0.00111503821252512,0.00114544757139345,0.0017025253645544,0.00126173078368552,0.00169013661767892,0.002529505071176,0.00204544707296694,0.000543111549918152,-9.36230912227387e-05,0.000296461697056216,-3.63883824352484e-05,-0.00148190113044855,-0.00213321390809984,-0.000949150145634903,0.000333954042529783,-0.00012650744047793,-0.00133724611754449,-0.00102244877616631,0.000837701183796113,0.00198829516089116,0.00117366479716363,-0.000375388353400119,-0.00101010289465275,-0.000675968178279973,-0.000176817053879397,0.000334255024332819,0.00109769075202504,0.00176705101045993
1,-0.00162864987178768,-0.000640367273669895,-0.000310236268053821,-0.000990098334095357,-0.000956138989533173,0.000243197260695105,0.000681550764410233,-0.000488389939518719,-0.00147568174083368,-0.0010935789534896,-0.000510809597930262,-0.000248973730089475,0.00120148896415539,0.00368222511174565,0.00386008108179237,0.000411294387932415,-0.00265773988054274,-0.00174325538939879,0.000273745671677261,-0.00148769560241035,-0.00556617233297807,-0.00613289928783534,-0.00250298619621514,-0.000451561250228494,-0.0031964846945618,-0.00692404331681473,-0.00742531833978166,-0.00601476622552966,-0.00576769430334156,-0.00620579793297527,-0.00545354095107253,-0.00429009375323464,-0.00411571558372081,-0.00360178933171174,-0.00140983264436212,8.97918871425318e-05,-0.0017633020707013,-0.00458758691323435,-0.00390778610748299,-0.000432483956660512,0.00074272006301257,-0.00186829076905504,-0.00412384821552259,-0.00313347301018574,-0.00116182778165896,-0.000816254951782724,-0.00092709418224235,6.00508009274137e-05,0.000542024988398282,-0.00102541807411782,-0.00256641609167474,-0.00177757316535043,-0.000534309329677463,-0.00182798513425286,-0.00421090724565243,-0.00379970157986609,-0.000814140731855595,0.000582162898421501,-0.00102304609725312,-0.00235168009101017,-0.00116697551206713,0.00034309264436061,-0.00013623440094257,-0.00102268961618446,0.000114809870573218,0.00216098317409141,0.00227010625890323,0.000436196575194892,-0.000866081093018778,-0.000754413408325938,-0.000692589397491616,-0.00135231527147539,-0.00147630199761206,-0.000434565966713762,0.000328509101924723,-0.000487771221199473,-0.00186488510853966,-0.00179566077421978,-6.99703741657842e-05,0.00138277965799727,0.000830073550671884,-0.00124590827162585,-0.00266139432346613,-0.00191786944343786,0.000129133885425681,0.00127955722965023,0.000629251149339538,-0.000488027840249927
1,-0.00162864987178768,-0.000640367273669895,-0.000310236268053821,-0.000990098334095357,-0.000956138989533173,0.000243197260695105,0.000681550764410233,-0.000488389939518719,-0.00147568174083368,-0.0010935789534896,-0.000510809597930262,-0.000248973730089475,0.00120148896415539,0.00368222511174565,0.00386008108179237,0.000411294387932415,-0.00265773988054274,-0.00174325538939879,0.000273745671677261,-0.00148769560241035,-0.00556617233297807,-0.00613289928783534,-0.00250298619621514,-0.000451561250228494,-0.0031964846945618,-0.00692404331681473,-0.00742531833978166,-0.00601476622552966,-0.00576769430334156,-0.00620579793297527,-0.00545354095107253,-0.00429009375323464,-0.00411571558372081,-0.00360178933171174,-0.00140983264436212,8.97918871425318e-05,-0.0017633020707013,-0.00458758691323435,-0.00390778610748299,-0.000432483956660512,0.00074272006301257,-0.00186829076905504,-0.00412384821552259,-0.00313347301018574,-0.00116182778165896,-0.000816254951782724,-0.00092709418224235,6.00508009274137e-05,0.000542024988398282,-0.00102541807411782,-0.00256641609167474,-0.00177757316535043,-0.000534309329677463,-0.00182798513425286,-0.00421090724565243,-0.00379970157986609,-0.000814140731855595,0.000582162898421501,-0.00102304609725312,-0.00235168009101017,-0.00116697551206713,0.00034309264436061,-0.00013623440094257,-0.00102268961618446,0.000114809870573218,0.00216098317409141,0.00227010625890323,0.000436196575194892,-0.000866081093018778,-0.000754413408325938,-0.000692589397491616,-0.00135231527147539,-0.00147630199761206,-0.000434565966713762,0.000328509101924723,-0.000487771221199473,-0.00186488510853966,-0.00179566077421978,-6.99703741657842e-05,0.00138277965799727,0.000830073550671884,-0.00124590827162585,-0.00266139432346613,-0.00191786944343786,0.000129133885425681,0.00127955722965023,0.000629251149339538,-0.000488027840249927
1,-0.00162864987178768,-0.000640367273669895,-0.000310236268053821,-0.000990098334095357,-0.000956138989533173,0.000243197260695105,0.000681550764410233,-0.000488389939518719,-0.00147568174083368,-0.0010935789534896,-0.000510809597930262,-0.000248973730089475,0.00120148896415539,0.00368222511174565,0.00386008108179237,0.000411294387932415,-0.00265773988054274,-0.00174325538939879,0.000273745671677261,-0.00148769560241035,-0.00556617233297807,-0.00613289928783534,-0.00250298619621514,-0.000451561250228494,-0.0031964846945618,-0.00692404331681473,-0.00742531833978166,-0.00601476622552966,-0.00576769430334156,-0.00620579793297527,-0.00545354095107253,-0.00429009375323464,-0.00411571558372081,-0.00360178933171174,-0.00140983264436212,8.97918871425318e-05,-0.0017633020707013,-0.00458758691323435,-0.00390778610748299,-0.000432483956660512,0.00074272006301257,-0.00186829076905504,-0.00412384821552259,-0.00313347301018574,-0.00116182778165896,-0.000816254951782724,-0.00092709418224235,6.00508009274137e-05,0.000542024988398282,-0.00102541807411782,-0.00256641609167474,-0.00177757316535043,-0.000534309329677463,-0.00182798513425286,-0.00421090724565243,-0.00379970157986609,-0.000814140731855595,0.000582162898421501,-0.00102304609725312,-0.00235168009101017,-0.00116697551206713,0.00034309264436061,-0.00013623440094257,-0.00102268961618446,0.000114809870573218,0.00216098317409141,0.00227010625890323,0.000436196575194892,-0.000866081093018778,-0.000754413408325938,-0.000692589397491616,-0.00135231527147539,-0.00147630199761206,-0.000434565966713762,0.000328509101924723,-0.000487771221199473,-0.00186488510853966,-0.00179566077421978,-6.99703741657842e-05,0.00138277965799727,0.000830073550671884,-0.00124590827162585,-0.00266139432346613,-0.00191786944343786,0.000129133885425681,0.00127955722965023,0.000629251149339538,-0.000488027840249927
1,0.000355102224277815,0.000473697695904107,0.000383054257385496,-0.000122427563835181,-0.000777889337119753,-0.00117180173859666,-0.00126688340352743,-0.00132062654050547,-0.00136421840939338,-0.00113907805949598,-0.00063145491787342,-0.000230450933591975,-5.17740685141987e-05,0.000472763727087155,0.00172729760450441,0.00283376031332416,0.00227121139589048,-0.000179140631640706,-0.0028034927045244,-0.00376576486330471,-0.00303438922388111,-0.00190661592359209,-0.00111571453116444,-0.000375201894550869,0.000359364551633767,0.00039769028448422,-0.000428788318772355,-0.000965075561667028,-6.15329812436727e-05,0.00177498801733389,0.00292988380934567,0.00263561061391471,0.00150699139498212,0.000238996442178063,-0.00118119000399108,-0.00267524940715358,-0.00347419815391614,-0.00302650812508976,-0.00190111979035912,-0.00103001426106264,-0.000475385169685261,0.000241179407803216,0.000948037958711012,0.00106082926675022,0.000991118021938853,0.0020346490116836,0.0042740509267265,0.00567663103748384,0.00436280919600396,0.00118678814939877,-0.00116994861025166,-0.00148662613807549,-0.00106925700185734,-0.00132036150555148,-0.00168075010493318,-0.000954230749678153,0.000351776321635633,0.000548071127961514,-0.000557976221656986,-0.00100001169299002,0.00078477078189465,0.00373406581164648,0.00531224901451921,0.00434579388106116,0.00193956427581909,-9.99129832619516e-05,-0.000926368652066856,-0.000812011184753381,-0.000459786914407623,-0.000419463704236733,-0.000684921708827169,-0.000644725759136655,0.000180859764904007,0.00126015124129353,0.00147649742445299,0.000693509401268777,0.000237008247114368,0.00122250181813488,0.00287997579295851,0.00335621480281656,0.00200928563868086,6.91602763662758e-05,-0.00102600479386972,-0.00109306931982633,-0.000721259867066948,-0.000180484244866719,0.00052582270743784,0.00107742257382082
1,0.000355102224277815,0.000473697695904107,0.000383054257385496,-0.000122427563835181,-0.000777889337119753,-0.00117180173859666,-0.00126688340352743,-0.00132062654050547,-0.00136421840939338,-0.00113907805949598,-0.00063145491787342,-0.000230450933591975,-5.17740685141987e-05,0.000472763727087155,0.00172729760450441,0.00283376031332416,0.00227121139589048,-0.000179140631640706,-0.0028034927045244,-0.00376576486330471,-0.00303438922388111,-0.00190661592359209,-0.00111571453116444,-0.000375201894550869,0.000359364551633767,0.00039769028448422,-0.000428788318772355,-0.000965075561667028,-6.15329812436727e-05,0.00177498801733389,0.00292988380934567,0.00263561061391471,0.00150699139498212,0.000238996442178063,-0.00118119000399108,-0.00267524940715358,-0.00347419815391614,-0.00302650812508976,-0.00190111979035912,-0.00103001426106264,-0.000475385169685261,0.000241179407803216,0.000948037958711012,0.00106082926675022,0.000991118021938853,0.0020346490116836,0.0042740509267265,0.00567663103748384,0.00436280919600396,0.00118678814939877,-0.00116994861025166,-0.00148662613807549,-0.00106925700185734,-0.00132036150555148,-0.00168075010493318,-0.000954230749678153,0.000351776321635633,0.000548071127961514,-0.000557976221656986,-0.00100001169299002,0.00078477078189465,0.00373406581164648,0.00531224901451921,0.00434579388106116,0.00193956427581909,-9.99129832619516e-05,-0.000926368652066856,-0.000812011184753381,-0.000459786914407623,-0.000419463704236733,-0.000684921708827169,-0.000644725759136655,0.000180859764904007,0.00126015124129353,0.00147649742445299,0.000693509401268777,0.000237008247114368,0.00122250181813488,0.00287997579295851,0.00335621480281656,0.00200928563868086,6.91602763662758e-05,-0.00102600479386972,-0.00109306931982633,-0.000721259867066948,-0.000180484244866719,0.00052582270743784,0.00107742257382082
1,0.00631463264027321,0.00416231375076581,0.00403838097530596,0.00941991842864631,0.0171433927573403,0.0192074762442962,0.0114309058702071,-0.00130790269168113,-0.00992494677070788,-0.010181405769786,-0.00514054814957809,0.000285874583098256,0.00401286392034628,0.00551599675076275,0.00353351759557352,-0.00203796921738508,-0.00761063048642985,-0.00853734868515588,-0.0043575632035413,0.000781186050759608,0.00309462601624766,0.00255793043710195,0.00110842350632545,-0.000214672625399537,-0.00119899306051963,-0.00135932707879594,-0.000606593302299174,-6.0084250903536e-05,-0.000636115394153869,-0.00132199485340223,-0.00024518188001732,0.00267328775286391,0.00523540982695625,0.00520136402034765,0.00235309585812704,-0.00145165947004067,-0.00359785729244422,-0.00248915902296165,0.000953429111609339,0.00362218543921156,0.0029840047531815,-0.000373841630350036,-0.0035989056295529,-0.00475806937281753,-0.00421805189256386,-0.00303618199042877,-0.00142542922364974,0.000617472744349534,0.0022892158360337,0.0025522249972898,0.00130895599798553,-0.000521568071155443,-0.00169999829897627,-0.00125869909117249,0.000730290612665385,0.0024912361274092,0.00166142287313509,-0.00196750821598091,-0.00554573950592996,-0.00609409557093965,-0.00381243545910515,-0.00132021438765495,-0.00012641770966404,0.000577862670688489,0.00170249534301181,0.00264537329426151,0.00256111850307938,0.00181078589929307,0.00111027475867953,0.0002333113920443,-0.00126062334758092,-0.00264379493137135,-0.00261439561248711,-0.0010650982183833,0.000772208903616622,0.00185615564576302,0.00206375019557559,0.00146568010596315,2.62091045035717e-05,-0.00163834989250411,-0.00225386640309733,-0.00138771931071346,-0.000299549374214614,-0.00045032250864363,-0.00152680572816966,-0.00187329606093556,-0.000832458306456729,0.000366109620404842
1,0.025998605676584,0.0247962387488414,0.0224725700136323,0.0191299019968234,0.0148675858591645,0.0104204513153459,0.00694198368534948,0.00474499281405194,0.00309926448058206,0.00154544146666247,0.000446960239437466,-3.42571237759159e-05,-0.000338190506089298,-0.000405765122907908,0.000548788139133727,0.00239694605626006,0.00347194310713839,0.00265548464546672,0.00102412661854512,0.000181011409353005,-9.87754996053525e-05,-0.0010783312944822,-0.00265057054736317,-0.0034538678320688,-0.00313942314851268,-0.00287041017044842,-0.00344089357950317,-0.00424868637651876,-0.0043255208863,-0.00325158278599424,-0.000983292531976154,0.00203690094495723,0.00450114097332666,0.00517198842496569,0.00433150650335179,0.00313422059390511,0.00157314143525422,-0.00135497904578141,-0.00528854681833035,-0.00816791510265347,-0.00899388922092381,-0.00924704200232984,-0.0105439640290736,-0.0123370970109855,-0.0130788528648216,-0.012341915323737,-0.0105698951195752,-0.00803439763011671,-0.0054619940923164,-0.00453552795179402,-0.00623300506207958,-0.00960751019419437,-0.0134867443549727,-0.0179662209223101,-0.022549630618502,-0.0246313474051734,-0.022609715014104,-0.0192744637041562,-0.0186665358465916,-0.0199284258858929,-0.0179053345815046,-0.010394567785224,-0.00141517500955413,0.00383658842292345,0.00429170746930119,0.00206903225151844,-0.000718707742675129,-0.00264596973896758,-0.00341770850033551,-0.00540222117556777,-0.0116027868128254,-0.0200539904285684,-0.0239731005001644,-0.0206245837567618,-0.0160519145348141,-0.0162373204409469,-0.0171162461891399,-0.0101670096281659,0.00377520336547921,0.0141247210070281,0.0146115109263283,0.0101313848733087,0.00719699408893071,0.00504631492094632,0.000812838457902032,-0.00291120382063603,-0.00224280307719926,0.000553799974095881
1,0.0259986056561861,0.0247962387628391,0.0224725700299979,0.019129901978852,0.0148675858428557,0.010420451337886,0.00694198370255528,0.00474499278511509,0.0030992644604888,0.00154544150388602,0.000446960264598673,-3.42571728850771e-05,-0.000338190539507899,-0.00040576505325518,0.000548788187631821,0.00239694593709139,0.00347194300021947,0.00265548489720757,0.00102412717089528,0.000181011717835133,-9.87757912360721e-05,-0.00107833186154593,-0.00265057081810749,-0.00345386771285483,-0.00313942300826042,-0.00287041022826706,-0.00344089367166767,-0.00424868633665998,-0.00432552081347737,-0.00325158281498172,-0.000983292594600726,0.00203690096543152,0.00450114102901011,0.00517198841135258,0.00433150645325853,0.00313422060232948,0.00157314148120058,-0.00135497904957393,-0.00528854686057123,-0.00816791510292969,-0.00899388918239818,-0.00924704199904358,-0.0105439640643539,-0.0123370970165082,-0.0130788528320487,-0.0123419153162336,-0.0105698951506152,-0.00803439764024994,-0.00546199406349235,-0.00453552793918988,-0.00623300508814317,-0.00960751020817874,-0.0134867443306836,-0.0179662209063371,-0.0225496306408592,-0.0246313474237372,-0.022609714995073,-0.0192744636841056,-0.0186665358618514,-0.0199284259059587,-0.0179053345694005,-0.010394567766471,-0.00141517502065724,0.0038365884045275,0.00429170748049845,0.00206903227178579,-0.000718707752413117,-0.00264596976141895,-0.00341770849357648,-0.00540222115163402,-0.0116027868153594,-0.0200539904521655,-0.0239731005016965,-0.0206245837352368,-0.0160519145306317,-0.0162373204599682,-0.017116246194929,-0.0101670096121973,0.00377520337054271,0.0141247209922053,0.0146115109224869,0.0101313848896316,0.00719699409437613,0.00504631490437202,0.000812838450192643,-0.00291120380551391,-0.00224280306922431,0.00055379995665561
1,-0.0457526080277155,-0.0403913695879554,-0.0372045140140571,-0.0396164809894781,-0.040720103010254,-0.0355214267004387,-0.0307248263803013,-0.0339516193160536,-0.039544026078846,-0.0351741693900562,-0.0198926589694102,-0.00561174143465148,-0.000533690579462842,-0.00061737071339607,-0.000245668545399091,-0.00259572640737016,-0.0130174733006614,-0.0271816316847771,-0.0333173494693435,-0.0255363208791435,-0.00986886741873771,0.00322686940577199,0.00858085049114798,0.00780531837672882,0.00439503399122643,-0.000252080905242202,-0.00655776274333153,-0.0142243374730429,-0.0213813057135637,-0.0269144558111023,-0.0322414286933492,-0.038019329209142,-0.0391913894775389,-0.0276710989944959,-0.00301604603584593,0.0225277727262716,0.0342733679905312,0.0298678267363535,0.0201494209813626,0.0156905686089619,0.0168524349677677,0.0179409390860172,0.0163415649886227,0.0142587808605299,0.0142120126538439,0.0164665040857868,0.0199068825025055,0.0226957053722154,0.0226327972459153,0.0191051399536635,0.0143066321177558,0.0107725294658776,0.00841227172849557,0.00585293168397349,0.0037051774166077,0.00378923714764134,0.00548548299830998,0.00594234132997418,0.00451629717471302,0.00414825330759783,0.00696577789462527,0.0108613811362845,0.0122823485306247,0.0107055703036592,0.00833837718714303,0.00661754645614376,0.00517415968647494,0.00361641050236727,0.00222910476299809,0.00101364100324552,-0.000220763873214125,-0.000814042475453469,5.9104537176502e-05,0.001583497183411,0.00190401842182286,0.000880212458744367,0.000473863422269183,0.00166007077577834,0.00272684009632851,0.00196201253994222,0.000526218260614719,0.000734771562102665,0.00236909186422896,0.00299674537723238,0.00189835121034854,0.00129235008480677,0.00278430870190949,0.00472994953736539
1,0.00243556483045104,0.00104179492972012,-0.00086747183804281,-0.00180118495573733,-0.00116012726538717,0.000105236470837156,0.000649757991653566,0.00020163086946301,-0.000550638829603045,-0.00113545395516823,-0.00153186938781236,-0.00140696133738061,-0.000248546814943573,0.00144963805299625,0.00220266904224609,0.00136345753008893,7.89551704061253e-05,-0.000341943716384741,-0.000244919585775882,-0.000833674443691201,-0.00212703611995924,-0.00288320928148877,-0.00237509257921698,-0.00119644218449277,-0.000334465930227346,-0.000345039410210468,-0.00135874477049835,-0.00290055610856399,-0.00371998397227102,-0.00291169295763005,-0.00132111289239223,-0.000653174509021248,-0.000992482801365213,-0.000657582589411732,0.000951339914743166,0.0020360027772508,0.00112892443977763,-0.000327734061261076,5.16802254368898e-05,0.00194632496533664,0.00275230493443512,0.00140341909505981,-0.000346919475865626,-0.000764934052139843,-0.000280768576634394,-2.64337247033453e-05,2.51939603721496e-05,0.000280694594807507,0.000258217679752093,-0.000481535210204775,-0.00111567296458759,-0.000760649216713816,-0.000180951902098769,-0.000707572687349334,-0.00190602898485182,-0.00207121160554813,-0.00097686131255692,-0.000310460330386064,-0.000963704230189322,-0.00162161535248018,-0.00093637851045969,0.00035795395067062,0.000783071749252073,0.000508032561226557,0.000849779445101895,0.00190624868005074,0.00228960614836282,0.00124893593000497,-0.000308950596012103,-0.00124819883126559,-0.00151227248506824,-0.00149072074182932,-0.00107559721357919,-0.000148679560954434,0.000648607023944869,0.000548121456657391,-0.000209563731232265,-0.000652910637950477,-0.000398037265362028,-1.8893721103197e-06,8.92372326166679e-06,-0.000216077044280283,-0.000361975148550187,-0.000510051772190323,-0.000831366235522601,-0.00113859855110565,-0.00116573879006854,-0.001032663223131
1,0.00243556483045104,0.00104179492972012,-0.00086747183804281,-0.00180118495573733,-0.00116012726538717,0.000105236470837156,0.000649757991653566,0.00020163086946301,-0.000550638829603045,-0.00113545395516823,-0.00153186938781236,-0.00140696133738061,-0.000248546814943573,0.00144963805299625,0.00220266904224609,0.00136345753008893,7.89551704061253e-05,-0.000341943716384741,-0.000244919585775882,-0.000833674443691201,-0.00212703611995924,-0.00288320928148877,-0.00237509257921698,-0.00119644218449277,-0.000334465930227346,-0.000345039410210468,-0.00135874477049835,-0.00290055610856399,-0.00371998397227102,-0.00291169295763005,-0.00132111289239223,-0.000653174509021248,-0.000992482801365213,-0.000657582589411732,0.000951339914743166,0.0020360027772508,0.00112892443977763,-0.000327734061261076,5.16802254368898e-05,0.00194632496533664,0.00275230493443512,0.00140341909505981,-0.000346919475865626,-0.000764934052139843,-0.000280768576634394,-2.64337247033453e-05,2.51939603721496e-05,0.000280694594807507,0.000258217679752093,-0.000481535210204775,-0.00111567296458759,-0.000760649216713816,-0.000180951902098769,-0.000707572687349334,-0.00190602898485182,-0.00207121160554813,-0.00097686131255692,-0.000310460330386064,-0.000963704230189322,-0.00162161535248018,-0.00093637851045969,0.00035795395067062,0.000783071749252073,0.000508032561226557,0.000849779445101895,0.00190624868005074,0.00228960614836282,0.00124893593000497,-0.000308950596012103,-0.00124819883126559,-0.00151227248506824,-0.00149072074182932,-0.00107559721357919,-0.000148679560954434,0.000648607023944869,0.000548121456657391,-0.000209563731232265,-0.000652910637950477,-0.000398037265362028,-1.8893721103197e-06,8.92372326166679e-06,-0.000216077044280283,-0.000361975148550187,-0.000510051772190323,-0.000831366235522601,-0.00113859855110565,-0.00116573879006854,-0.001032663223131
1,0.00243556483045104,0.00104179492972012,-0.00086747183804281,-0.00180118495573733,-0.00116012726538717,0.000105236470837156,0.000649757991653566,0.00020163086946301,-0.000550638829603045,-0.00113545395516823,-0.00153186938781236,-0.00140696133738061,-0.000248546814943573,0.00144963805299625,0.00220266904224609,0.00136345753008893,7.89551704061253e-05,-0.000341943716384741,-0.000244919585775882,-0.000833674443691201,-0.00212703611995924,-0.00288320928148877,-0.00237509257921698,-0.00119644218449277,-0.000334465930227346,-0.000345039410210468,-0.00135874477049835,-0.00290055610856399,-0.00371998397227102,-0.00291169295763005,-0.00132111289239223,-0.000653174509021248,-0.000992482801365213,-0.000657582589411732,0.000951339914743166,0.0020360027772508,0.00112892443977763,-0.000327734061261076,5.16802254368898e-05,0.00194632496533664,0.00275230493443512,0.00140341909505981,-0.000346919475865626,-0.000764934052139843,-0.000280768576634394,-2.64337247033453e-05,2.51939603721496e-05,0.000280694594807507,0.000258217679752093,-0.000481535210204775,-0.00111567296458759,-0.000760649216713816,-0.000180951902098769,-0.000707572687349334,-0.00190602898485182,-0.00207121160554813,-0.00097686131255692,-0.000310460330386064,-0.000963704230189322,-0.00162161535248018,-0.00093637851045969,0.00035795395067062,0.000783071749252073,0.000508032561226557,0.000849779445101895,0.00190624868005074,0.00228960614836282,0.00124893593000497,-0.000308950596012103,-0.00124819883126559,-0.00151227248506824,-0.00149072074182932,-0.00107559721357919,-0.000148679560954434,0.000648607023944869,0.000548121456657391,-0.000209563731232265,-0.000652910637950477,-0.000398037265362028,-1.8893721103197e-06,8.92372326166679e-06,-0.000216077044280283,-0.000361975148550187,-0.000510051772190323,-0.000831366235522601,-0.00113859855110565,-0.00116573879006854,-0.001032663223131
1,0.00243556483045104,0.00104179492972012,-0.00086747183804281,-0.00180118495573733,-0.00116012726538717,0.000105236470837156,0.000649757991653566,0.00020163086946301,-0.000550638829603045,-0.00113545395516823,-0.00153186938781236,-0.00140696133738061,-0.000248546814943573,0.00144963805299625,0.00220266904224609,0.00136345753008893,7.89551704061253e-05,-0.000341943716384741,-0.000244919585775882,-0.000833674443691201,-0.00212703611995924,-0.00288320928148877,-0.00237509257921698,-0.00119644218449277,-0.000334465930227346,-0.000345039410210468,-0.00135874477049835,-0.00290055610856399,-0.00371998397227102,-0.00291169295763005,-0.00132111289239223,-0.000653174509021248,-0.000992482801365213,-0.000657582589411732,0.000951339914743166,0.0020360027772508,0.00112892443977763,-0.000327734061261076,5.16802254368898e-05,0.00194632496533664,0.00275230493443512,0.00140341909505981,-0.000346919475865626,-0.000764934052139843,-0.000280768576634394,-2.64337247033453e-05,2.51939603721496e-05,0.000280694594807507,0.000258217679752093,-0.000481535210204775,-0.00111567296458759,-0.000760649216713816,-0.000180951902098769,-0.000707572687349334,-0.00190602898485182,-0.00207121160554813,-0.00097686131255692,-0.000310460330386064,-0.000963704230189322,-0.00162161535248018,-0.00093637851045969,0.00035795395067062,0.000783071749252073,0.000508032561226557,0.000849779445101895,0.00190624868005074,0.00228960614836282,0.00124893593000497,-0.000308950596012103,-0.00124819883126559,-0.00151227248506824,-0.00149072074182932,-0.00107559721357919,-0.000148679560954434,0.000648607023944869,0.000548121456657391,-0.000209563731232265,-0.000652910637950477,-0.000398037265362028,-1.8893721103197e-06,8.92372326166679e-06,-0.000216077044280283,-0.000361975148550187,-0.000510051772190323,-0.000831366235522601,-0.00113859855110565,-0.00116573879006854,-0.001032663223131
1,0.00243556483045104,0.00104179492972012,-0.00086747183804281,-0.00180118495573733,-0.00116012726538717,0.000105236470837156,0.000649757991653566,0.00020163086946301,-0.000550638829603045,-0.00113545395516823,-0.00153186938781236,-0.00140696133738061,-0.000248546814943573,0.00144963805299625,0.00220266904224609,0.00136345753008893,7.89551704061253e-05,-0.000341943716384741,-0.000244919585775882,-0.000833674443691201,-0.00212703611995924,-0.00288320928148877,-0.00237509257921698,-0.00119644218449277,-0.000334465930227346,-0.000345039410210468,-0.00135874477049835,-0.00290055610856399,-0.00371998397227102,-0.00291169295763005,-0.00132111289239223,-0.000653174509021248,-0.000992482801365213,-0.000657582589411732,0.000951339914743166,0.0020360027772508,0.00112892443977763,-0.000327734061261076,5.16802254368898e-05,0.00194632496533664,0.00275230493443512,0.00140341909505981,-0.000346919475865626,-0.000764934052139843,-0.000280768576634394,-2.64337247033453e-05,2.51939603721496e-05,0.000280694594807507,0.000258217679752093,-0.000481535210204775,-0.00111567296458759,-0.000760649216713816,-0.000180951902098769,-0.000707572687349334,-0.00190602898485182,-0.00207121160554813,-0.00097686131255692,-0.000310460330386064,-0.000963704230189322,-0.00162161535248018,-0.00093637851045969,0.00035795395067062,0.000783071749252073,0.000508032561226557,0.000849779445101895,0.00190624868005074,0.00228960614836282,0.00124893593000497,-0.000308950596012103,-0.00124819883126559,-0.00151227248506824,-0.00149072074182932,-0.00107559721357919,-0.000148679560954434,0.000648607023944869,0.000548121456657391,-0.000209563731232265,-0.000652910637950477,-0.000398037265362028,-1.8893721103197e-06,8.92372326166679e-06,-0.000216077044280283,-0.000361975148550187,-0.000510051772190323,-0.000831366235522601,-0.00113859855110565,-0.00116573879006854,-0.001032663223131
1,0.00407134473584048,0.003412428646695,0.00207266696204478,0.000582225852300056,-0.000346045199179912,-0.000650736883163638,-0.000869857107355543,-0.00125684517160884,-0.00153146693666795,-0.00154226188678219,-0.0014663598546818,-0.00120886376568929,-0.000379830987682794,0.000861510511422026,0.00172590799889338,0.00190220426642718,0.00189797099367972,0.00181312476744555,0.000763021162372368,-0.00164561963096421,-0.00408744389632432,-0.00482519915982493,-0.00372764845167239,-0.00203502241790865,-0.000692982656379293,-2.33384676429083e-05,-0.000436825974973409,-0.00196071465997338,-0.0032965813607948,-0.00295138098887016,-0.00137419753338985,-0.000405787738518626,-0.000462706943882729,-0.000103460229389896,0.00110058412901015,0.00135660461916309,-0.000436728553604659,-0.00241396139389582,-0.00224105677678121,-0.000584647328348176,4.8636966711868e-05,-0.000878714932211366,-0.00158985216656493,-0.00112508853762705,-0.000421381508105334,-5.11992936749195e-05,0.000777840104132288,0.00222055349460515,0.00288773423876343,0.00205570522212817,0.000961115000060353,0.000558925865320248,-0.000273034336197853,-0.00251268434569241,-0.00446261347906685,-0.00378199102784382,-0.00126176486274954,-5.71531412880688e-05,-0.0012323155373366,-0.00247182707752724,-0.00169552402314643,0.000277178252640731,0.00164699096941501,0.00226144298763131,0.00285783711280541,0.00314536240387753,0.002406032201141,0.0011525264702259,0.000462108053207011,0.000140216557634076,-0.000769968349428218,-0.00188131471135833,-0.00167874056288309,-9.28714455499247e-05,0.000890885029712685,-2.91452866729713e-06,-0.00137385563561931,-0.00111848643948509,0.000593221912818187,0.00169631911125379,0.00111459122486579,-0.000155094089222096,-0.000842565479898916,-0.000959881159271703,-0.00110144211762719,-0.00124598207442084,-0.00105338009891209,-0.000722847921599268
1,0.00407134473584048,0.003412428646695,0.00207266696204478,0.000582225852300056,-0.000346045199179912,-0.000650736883163638,-0.000869857107355543,-0.00125684517160884,-0.00153146693666795,-0.00154226188678219,-0.0014663598546818,-0.00120886376568929,-0.000379830987682794,0.000861510511422026,0.00172590799889338,0.00190220426642718,0.00189797099367972,0.00181312476744555,0.000763021162372368,-0.00164561963096421,-0.00408744389632432,-0.00482519915982493,-0.00372764845167239,-0.00203502241790865,-0.000692982656379293,-2.33384676429083e-05,-0.000436825974973409,-0.00196071465997338,-0.0032965813607948,-0.00295138098887016,-0.00137419753338985,-0.000405787738518626,-0.000462706943882729,-0.000103460229389896,0.00110058412901015,0.00135660461916309,-0.000436728553604659,-0.00241396139389582,-0.00224105677678121,-0.000584647328348176,4.8636966711868e-05,-0.000878714932211366,-0.00158985216656493,-0.00112508853762705,-0.000421381508105334,-5.11992936749195e-05,0.000777840104132288,0.00222055349460515,0.00288773423876343,0.00205570522212817,0.000961115000060353,0.000558925865320248,-0.000273034336197853,-0.00251268434569241,-0.00446261347906685,-0.00378199102784382,-0.00126176486274954,-5.71531412880688e-05,-0.0012323155373366,-0.00247182707752724,-0.00169552402314643,0.000277178252640731,0.00164699096941501,0.00226144298763131,0.00285783711280541,0.00314536240387753,0.002406032201141,0.0011525264702259,0.000462108053207011,0.000140216557634076,-0.000769968349428218,-0.00188131471135833,-0.00167874056288309,-9.28714455499247e-05,0.000890885029712685,-2.91452866729713e-06,-0.00137385563561931,-0.00111848643948509,0.000593221912818187,0.00169631911125379,0.00111459122486579,-0.000155094089222096,-0.000842565479898916,-0.000959881159271703,-0.00110144211762719,-0.00124598207442084,-0.00105338009891209,-0.000722847921599268
1,0.00407134473584048,0.003412428646695,0.00207266696204478,0.000582225852300056,-0.000346045199179912,-0.000650736883163638,-0.000869857107355543,-0.00125684517160884,-0.00153146693666795,-0.00154226188678219,-0.0014663598546818,-0.00120886376568929,-0.000379830987682794,0.000861510511422026,0.00172590799889338,0.00190220426642718,0.00189797099367972,0.00181312476744555,0.000763021162372368,-0.00164561963096421,-0.00408744389632432,-0.00482519915982493,-0.00372764845167239,-0.00203502241790865,-0.000692982656379293,-2.33384676429083e-05,-0.000436825974973409,-0.00196071465997338,-0.0032965813607948,-0.00295138098887016,-0.00137419753338985,-0.000405787738518626,-0.000462706943882729,-0.000103460229389896,0.00110058412901015,0.00135660461916309,-0.000436728553604659,-0.00241396139389582,-0.00224105677678121,-0.000584647328348176,4.8636966711868e-05,-0.000878714932211366,-0.00158985216656493,-0.00112508853762705,-0.000421381508105334,-5.11992936749195e-05,0.000777840104132288,0.00222055349460515,0.00288773423876343,0.00205570522212817,0.000961115000060353,0.000558925865320248,-0.000273034336197853,-0.00251268434569241,-0.00446261347906685,-0.00378199102784382,-0.00126176486274954,-5.71531412880688e-05,-0.0012323155373366,-0.00247182707752724,-0.00169552402314643,0.000277178252640731,0.00164699096941501,0.00226144298763131,0.00285783711280541,0.00314536240387753,0.002406032201141,0.0011525264702259,0.000462108053207011,0.000140216557634076,-0.000769968349428218,-0.00188131471135833,-0.00167874056288309,-9.28714455499247e-05,0.000890885029712685,-2.91452866729713e-06,-0.00137385563561931,-0.00111848643948509,0.000593221912818187,0.00169631911125379,0.00111459122486579,-0.000155094089222096,-0.000842565479898916,-0.000959881159271703,-0.00110144211762719,-0.00124598207442084,-0.00105338009891209,-0.000722847921599268
1,0.0145834378729681,0.0143073804668843,0.0139095694823492,0.013532494927599,0.0130322759537957,0.0120839322337272,0.0105880500692663,0.00886751606554448,0.00739001179977539,0.00632888578054924,0.00547314532111809,0.00457005757713791,0.00365407250279759,0.00295342026362189,0.00253394518405514,0.00218628425361356,0.00170378992729514,0.00113915874352966,0.000684641290557231,0.00039934074785819,0.000207810575462375,0.000115147537325555,0.000223472642320921,0.000494321454497459,0.000670976260728651,0.00054286224628175,0.000174728664388724,-0.000221990804083916,-0.000530758224359218,-0.000726967279758739,-0.000765571903270867,-0.000675730856586121,-0.000711195101069428,-0.0011634038205921,-0.00196306471417085,-0.0026442777253024,-0.00280037670869415,-0.00245687194748889,-0.00191706473306219,-0.00137642956850037,-0.000824936508242224,-0.000240577378497697,0.000297444663454272,0.000709022455346542,0.00102562185656918,0.00135507582808625,0.00174384280557494,0.0020598558514866,0.00202366851199187,0.00145152969655538,0.000528530124157989,-0.000241868279440283,-0.000457433325009582,-0.000153627998971118,0.000321705572091879,0.000667955263757847,0.000776630639221843,0.000665781282122246,0.000491729932536877,0.000569738763970484,0.00111128763012758,0.00186794747838714,0.00224796131228988,0.0019123449907239,0.00112300534485499,0.000410610702259895,4.51392883897839e-05,-6.06976158747941e-05,-9.46833548480797e-05,-0.000172251107804833,-0.000311535396535945,-0.000398120440675775,-0.000241639936260363,0.000177821234289333,0.000605206550602588,0.000824480092984636,0.000968540514350913,0.00126876856315139,0.00156996898789696,0.00142786492859326,0.000740582178444527,-3.19695514052754e-05,-0.000413555761306306,-0.000409044113807155,-0.000290437095146423,-0.000155091406079499,4.13307920004158e-05,0.000212973746233303
1,0.0148310356230015,0.01544219225174,0.0160875964059617,0.0165436686359577,0.0166022083995641,0.0169414732049074,0.0163322516364035,0.0155186599364896,0.014523411162263,0.0133592086723686,0.0124832582546102,0.0110628281306981,0.00992844515095115,0.00893066378169749,0.00797276359150789,0.0075113249658747,0.00702827195808986,0.00643432721775827,0.00602314815386862,0.00586825408504321,0.00572269000901926,0.0054622205359145,0.00498183135179531,0.00502807634129265,0.00480477137056567,0.00422521564732392,0.00389319345522487,0.00364769135172072,0.00315955949852587,0.00280202945895525,0.00306853247191263,0.00279870517925218,0.00277256923997626,0.00285021633772686,0.00222650596297314,0.00219791380015089,0.00187911900173532,0.00150599892850156,0.00112278834843327,0.000949338622836748,0.00146193342953183,0.00102554047857151,0.00123434633885822,0.00110048814993213,0.00105797758935733,0.00085861086294603,0.00106272840019006,0.00119658137434087,0.00123359497603381,0.00130750486329134,0.000916623506791225,0.000568101962529433,0.000430948676824805,0.000106584055061809,4.12435825047908e-06,-7.83695052311018e-05,0.00025494367849177,-4.31428574385606e-05,9.82063538250699e-05,0.000199362731343022,8.01167112118861e-05,0.000180116665966956,0.000749377222243552,0.000962153910877284,0.000688812460250432,0.00056190590118721,0.00066050951438168,0.000490990770976474,0.000293076264597403,-0.00011866295729579,-1.66736513129706e-05,-0.000237432344238897,-0.000616254298586583,-0.000802081980731728,0.000553962863723889,0.000114152399971701,0.000215523160925102,5.87140749397363e-05,0.00019534037877289,0.000717535095003718,0.000582711598476671,8.56825458024346e-05,0.000366812118582693,0.000116443444810876,0.000163432764815674,0.000186943328651878,0.000266456422619576,4.4647178271795e-05
1,0.0148310356230015,0.01544219225174,0.0160875964059617,0.0165436686359577,0.0166022083995641,0.0169414732049074,0.0163322516364035,0.0155186599364896,0.014523411162263,0.0133592086723686,0.0124832582546102,0.0110628281306981,0.00992844515095115,0.00893066378169749,0.00797276359150789,0.0075113249658747,0.00702827195808986,0.00643432721775827,0.00602314815386862,0.00586825408504321,0.00572269000901926,0.0054622205359145,0.00498183135179531,0.00502807634129265,0.00480477137056567,0.00422521564732392,0.00389319345522487,0.00364769135172072,0.00315955949852587,0.00280202945895525,0.00306853247191263,0.00279870517925218,0.00277256923997626,0.00285021633772686,0.00222650596297314,0.00219791380015089,0.00187911900173532,0.00150599892850156,0.00112278834843327,0.000949338622836748,0.00146193342953183,0.00102554047857151,0.00123434633885822,0.00110048814993213,0.00105797758935733,0.00085861086294603,0.00106272840019006,0.00119658137434087,0.00123359497603381,0.00130750486329134,0.000916623506791225,0.000568101962529433,0.000430948676824805,0.000106584055061809,4.12435825047908e-06,-7.83695052311018e-05,0.00025494367849177,-4.31428574385606e-05,9.82063538250699e-05,0.000199362731343022,8.01167112118861e-05,0.000180116665966956,0.000749377222243552,0.000962153910877284,0.000688812460250432,0.00056190590118721,0.00066050951438168,0.000490990770976474,0.000293076264597403,-0.00011866295729579,-1.66736513129706e-05,-0.000237432344238897,-0.000616254298586583,-0.000802081980731728,0.000553962863723889,0.000114152399971701,0.000215523160925102,5.87140749397363e-05,0.00019534037877289,0.000717535095003718,0.000582711598476671,8.56825458024346e-05,0.000366812118582693,0.000116443444810876,0.000163432764815674,0.000186943328651878,0.000266456422619576,4.4647178271795e-05
1,0.0148310356230015,0.01544219225174,0.0160875964059617,0.0165436686359577,0.0166022083995641,0.0169414732049074,0.0163322516364035,0.0155186599364896,0.014523411162263,0.0133592086723686,0.0124832582546102,0.0110628281306981,0.00992844515095115,0.00893066378169749,0.00797276359150789,0.0075113249658747,0.00702827195808986,0.00643432721775827,0.00602314815386862,0.00586825408504321,0.00572269000901926,0.0054622205359145,0.00498183135179531,0.00502807634129265,0.00480477137056567,0.00422521564732392,0.00389319345522487,0.00364769135172072,0.00315955949852587,0.00280202945895525,0.00306853247191263,0.00279870517925218,0.00277256923997626,0.00285021633772686,0.00222650596297314,0.00219791380015089,0.00187911900173532,0.00150599892850156,0.00112278834843327,0.000949338622836748,0.00146193342953183,0.00102554047857151,0.00123434633885822,0.00110048814993213,0.00105797758935733,0.00085861086294603,0.00106272840019006,0.00119658137434087,0.00123359497603381,0.00130750486329134,0.000916623506791225,0.000568101962529433,0.000430948676824805,0.000106584055061809,4.12435825047908e-06,-7.83695052311018e-05,0.00025494367849177,-4.31428574385606e-05,9.82063538250699e-05,0.000199362731343022,8.01167112118861e-05,0.000180116665966956,0.000749377222243552,0.000962153910877284,0.000688812460250432,0.00056190590118721,0.00066050951438168,0.000490990770976474,0.000293076264597403,-0.00011866295729579,-1.66736513129706e-05,-0.000237432344238897,-0.000616254298586583,-0.000802081980731728,0.000553962863723889,0.000114152399971701,0.000215523160925102,5.87140749397363e-05,0.00019534037877289,0.000717535095003718,0.000582711598476671,8.56825458024346e-05,0.000366812118582693,0.000116443444810876,0.000163432764815674,0.000186943328651878,0.000266456422619576,4.4647178271795e-05
1,0.0148310356230015,0.01544219225174,0.0160875964059617,0.0165436686359577,0.0166022083995641,0.0169414732049074,0.0163322516364035,0.0155186599364896,0.014523411162263,0.0133592086723686,0.0124832582546102,0.0110628281306981,0.00992844515095115,0.00893066378169749,0.00797276359150789,0.0075113249658747,0.00702827195808986,0.00643432721775827,0.00602314815386862,0.00586825408504321,0.00572269000901926,0.0054622205359145,0.00498183135179531,0.00502807634129265,0.00480477137056567,0.00422521564732392,0.00389319345522487,0.00364769135172072,0.00315955949852587,0.00280202945895525,0.00306853247191263,0.00279870517925218,0.00277256923997626,0.00285021633772686,0.00222650596297314,0.00219791380015089,0.00187911900173532,0.00150599892850156,0.00112278834843327,0.000949338622836748,0.00146193342953183,0.00102554047857151,0.00123434633885822,0.00110048814993213,0.00105797758935733,0.00085861086294603,0.00106272840019006,0.00119658137434087,0.00123359497603381,0.00130750486329134,0.000916623506791225,0.000568101962529433,0.000430948676824805,0.000106584055061809,4.12435825047908e-06,-7.83695052311018e-05,0.00025494367849177,-4.31428574385606e-05,9.82063538250699e-05,0.000199362731343022,8.01167112118861e-05,0.000180116665966956,0.000749377222243552,0.000962153910877284,0.000688812460250432,0.00056190590118721,0.00066050951438168,0.000490990770976474,0.000293076264597403,-0.00011866295729579,-1.66736513129706e-05,-0.000237432344238897,-0.000616254298586583,-0.000802081980731728,0.000553962863723889,0.000114152399971701,0.000215523160925102,5.87140749397363e-05,0.00019534037877289,0.000717535095003718,0.000582711598476671,8.56825458024346e-05,0.000366812118582693,0.000116443444810876,0.000163432764815674,0.000186943328651878,0.000266456422619576,4.4647178271795e-05
1,0.0148310356230015,0.01544219225174,0.0160875964059617,0.0165436686359577,0.0166022083995641,0.0169414732049074,0.0163322516364035,0.0155186599364896,0.014523411162263,0.0133592086723686,0.0124832582546102,0.0110628281306981,0.00992844515095115,0.00893066378169749,0.00797276359150789,0.0075113249658747,0.00702827195808986,0.00643432721775827,0.00602314815386862,0.00586825408504321,0.00572269000901926,0.0054622205359145,0.00498183135179531,0.00502807634129265,0.00480477137056567,0.00422521564732392,0.00389319345522487,0.00364769135172072,0.00315955949852587,0.00280202945895525,0.00306853247191263,0.00279870517925218,0.00277256923997626,0.00285021633772686,0.00222650596297314,0.00219791380015089,0.00187911900173532,0.00150599892850156,0.00112278834843327,0.000949338622836748,0.00146193342953183,0.00102554047857151,0.00123434633885822,0.00110048814993213,0.00105797758935733,0.00085861086294603,0.00106272840019006,0.00119658137434087,0.00123359497603381,0.00130750486329134,0.000916623506791225,0.000568101962529433,0.000430948676824805,0.000106584055061809,4.12435825047908e-06,-7.83695052311018e-05,0.00025494367849177,-4.31428574385606e-05,9.82063538250699e-05,0.000199362731343022,8.01167112118861e-05,0.000180116665966956,0.000749377222243552,0.000962153910877284,0.000688812460250432,0.00056190590118721,0.00066050951438168,0.000490990770976474,0.000293076264597403,-0.00011866295729579,-1.66736513129706e-05,-0.000237432344238897,-0.000616254298586583,-0.000802081980731728,0.000553962863723889,0.000114152399971701,0.000215523160925102,5.87140749397363e-05,0.00019534037877289,0.000717535095003718,0.000582711598476671,8.56825458024346e-05,0.000366812118582693,0.000116443444810876,0.000163432764815674,0.000186943328651878,0.000266456422619576,4.4647178271795e-05
1,0.0148310356230015,0.01544219225174,0.0160875964059617,0.0165436686359577,0.0166022083995641,0.0169414732049074,0.0163322516364035,0.0155186599364896,0.014523411162263,0.0133592086723686,0.0124832582546102,0.0110628281306981,0.00992844515095115,0.00893066378169749,0.00797276359150789,0.0075113249658747,0.00702827195808986,0.00643432721775827,0.00602314815386862,0.00586825408504321,0.00572269000901926,0.0054622205359145,0.00498183135179531,0.00502807634129265,0.00480477137056567,0.00422521564732392,0.00389319345522487,0.00364769135172072,0.00315955949852587,0.00280202945895525,0.00306853247191263,0.00279870517925218,0.00277256923997626,0.00285021633772686,0.00222650596297314,0.00219791380015089,0.00187911900173532,0.00150599892850156,0.00112278834843327,0.000949338622836748,0.00146193342953183,0.00102554047857151,0.00123434633885822,0.00110048814993213,0.00105797758935733,0.00085861086294603,0.00106272840019006,0.00119658137434087,0.00123359497603381,0.00130750486329134,0.000916623506791225,0.000568101962529433,0.000430948676824805,0.000106584055061809,4.12435825047908e-06,-7.83695052311018e-05,0.00025494367849177,-4.31428574385606e-05,9.82063538250699e-05,0.000199362731343022,8.01167112118861e-05,0.000180116665966956,0.000749377222243552,0.000962153910877284,0.000688812460250432,0.00056190590118721,0.00066050951438168,0.000490990770976474,0.000293076264597403,-0.00011866295729579,-1.66736513129706e-05,-0.000237432344238897,-0.000616254298586583,-0.000802081980731728,0.000553962863723889,0.000114152399971701,0.000215523160925102,5.87140749397363e-05,0.00019534037877289,0.000717535095003718,0.000582711598476671,8.56825458024346e-05,0.000366812118582693,0.000116443444810876,0.000163432764815674,0.000186943328651878,0.000266456422619576,4.4647178271795e-05
1,0.0148310356230015,0.01544219225174,0.0160875964059617,0.0165436686359577,0.0166022083995641,0.0169414732049074,0.0163322516364035,0.0155186599364896,0.014523411162263,0.0133592086723686,0.0124832582546102,0.0110628281306981,0.00992844515095115,0.00893066378169749,0.00797276359150789,0.0075113249658747,0.00702827195808986,0.00643432721775827,0.00602314815386862,0.00586825408504321,0.00572269000901926,0.0054622205359145,0.00498183135179531,0.00502807634129265,0.00480477137056567,0.00422521564732392,0.00389319345522487,0.00364769135172072,0.00315955949852587,0.00280202945895525,0.00306853247191263,0.00279870517925218,0.00277256923997626,0.00285021633772686,0.00222650596297314,0.00219791380015089,0.00187911900173532,0.00150599892850156,0.00112278834843327,0.000949338622836748,0.00146193342953183,0.00102554047857151,0.00123434633885822,0.00110048814993213,0.00105797758935733,0.00085861086294603,0.00106272840019006,0.00119658137434087,0.00123359497603381,0.00130750486329134,0.000916623506791225,0.000568101962529433,0.000430948676824805,0.000106584055061809,4.12435825047908e-06,-7.83695052311018e-05,0.00025494367849177,-4.31428574385606e-05,9.82063538250699e-05,0.000199362731343022,8.01167112118861e-05,0.000180116665966956,0.000749377222243552,0.000962153910877284,0.000688812460250432,0.00056190590118721,0.00066050951438168,0.000490990770976474,0.000293076264597403,-0.00011866295729579,-1.66736513129706e-05,-0.000237432344238897,-0.000616254298586583,-0.000802081980731728,0.000553962863723889,0.000114152399971701,0.000215523160925102,5.87140749397363e-05,0.00019534037877289,0.000717535095003718,0.000582711598476671,8.56825458024346e-05,0.000366812118582693,0.000116443444810876,0.000163432764815674,0.000186943328651878,0.000266456422619576,4.4647178271795e-05
1,0.0304729080668711,0.0259506848407645,0.0194607266719418,0.0127808290054299,0.00430304985606345,-0.00626930772905077,-0.0135999055424207,-0.0115679795199144,-0.00160419820929558,0.00777490238284972,0.0103086254952194,0.00766571768993085,0.0047996312006422,0.00306552824991346,0.000600163753797567,-0.00277126424352669,-0.00480931998608813,-0.00479251575224104,-0.00486970529486008,-0.00644305008046597,-0.00755548441944143,-0.00549307539109289,-0.000587668618614146,0.00417017978407408,0.00650244896086427,0.00646624179743505,0.00539644633897129,0.00469455678429842,0.00521872736838969,0.00626578524681776,0.00530063657993374,0.000505630091206299,-0.00601899839976294,-0.00945083594066709,-0.00773432985398781,-0.00438160958676104,-0.00414872902788854,-0.00688181980097902,-0.00779411064835767,-0.00380033766548848,0.00258995139371443,0.00661672939410174,0.0068893759776687,0.00611352946515265,0.00697132926402588,0.00901848606930322,0.00989420949929531,0.00834908986910943,0.00534618686046784,0.00272595900462491,0.00145371329286981,0.00106326747586483,0.000405501133009523,-0.00113792325259698,-0.00307768463184832,-0.00440632033601762,-0.00460216970597838,-0.00378456282270001,-0.00202410870391745,0.000832602388769033,0.00427339626109546,0.00658121695886482,0.00602513084827283,0.00276747449044823,-0.000912566668032966,-0.00266102858835282,-0.00218578963156357,-0.00116701241524275,-0.00116332827001475,-0.00187891360218551,-0.00164300697646347,0.00045160290927182,0.00311410877270468,0.00386968300800827,0.00163715458249758,-0.00196821446647277,-0.00421827801802532,-0.00396986376522612,-0.00231331264752566,-0.00065952832755567,0.000948468847202122,0.00312096089527181,0.00543131885443326,0.00649465893970458,0.00573415931606203,0.00417380419165081,0.00314103801445498,0.00286894192329079
1,0.0304729080668711,0.0259506848407645,0.0194607266719418,0.0127808290054299,0.00430304985606345,-0.00626930772905077,-0.0135999055424207,-0.0115679795199144,-0.00160419820929558,0.00777490238284972,0.0103086254952194,0.00766571768993085,0.0047996312006422,0.00306552824991346,0.000600163753797567,-0.00277126424352669,-0.00480931998608813,-0.00479251575224104,-0.00486970529486008,-0.00644305008046597,-0.00755548441944143,-0.00549307539109289,-0.000587668618614146,0.00417017978407408,0.00650244896086427,0.00646624179743505,0.00539644633897129,0.00469455678429842,0.00521872736838969,0.00626578524681776,0.00530063657993374,0.000505630091206299,-0.00601899839976294,-0.00945083594066709,-0.00773432985398781,-0.00438160958676104,-0.00414872902788854,-0.00688181980097902,-0.00779411064835767,-0.00380033766548848,0.00258995139371443,0.00661672939410174,0.0068893759776687,0.00611352946515265,0.00697132926402588,0.00901848606930322,0.00989420949929531,0.00834908986910943,0.00534618686046784,0.00272595900462491,0.00145371329286981,0.00106326747586483,0.000405501133009523,-0.00113792325259698,-0.00307768463184832,-0.00440632033601762,-0.00460216970597838,-0.00378456282270001,-0.00202410870391745,0.000832602388769033,0.00427339626109546,0.00658121695886482,0.00602513084827283,0.00276747449044823,-0.000912566668032966,-0.00266102858835282,-0.00218578963156357,-0.00116701241524275,-0.00116332827001475,-0.00187891360218551,-0.00164300697646347,0.00045160290927182,0.00311410877270468,0.00386968300800827,0.00163715458249758,-0.00196821446647277,-0.00421827801802532,-0.00396986376522612,-0.00231331264752566,-0.00065952832755567,0.000948468847202122,0.00312096089527181,0.00543131885443326,0.00649465893970458,0.00573415931606203,0.00417380419165081,0.00314103801445498,0.00286894192329079
1,-0.00306556094339072,-0.00380689860303196,-0.00437058515601585,-0.0040007513515663,-0.00302030286784571,-0.00209003672349084,-0.00129905718972267,-0.000557842974028944,-0.000220881263012451,-0.000589148384365856,-0.00118317639573018,-0.00118126061949919,-0.000357016569207502,0.000904738357087709,0.00216157372111958,0.00289984513792518,0.00241232714997786,0.000584280611519716,-0.00137306294212625,-0.00194384363868494,-0.00116815323036157,-0.000624001001463981,-0.00134606677188387,-0.00259662334464394,-0.00303269219579594,-0.00227901791723983,-0.000889394586436332,0.000452003696934433,0.00109741805063646,0.000616234633106671,-0.000402434094642246,-0.000573042600023221,8.10147417720231e-05,-0.0011319589018175,-0.00680094880146065,-0.0152842580162744,-0.0211921197379894,-0.0208988572671123,-0.0162839069121778,-0.0119123170153044,-0.00968035513894527,-0.00789397219165977,-0.00497948288841243,-0.00191784777339077,-0.000442059440960207,-0.000484024166572006,-0.000627476807192551,-0.000245898253443677,5.13591505306721e-05,-0.000228418901889071,-0.000797899350181375,-0.00132530000375564,-0.00188635930742098,-0.00238084074647116,-0.00224947737404246,-0.00128068985183205,-0.00021874836367175,6.69352019233571e-06,-0.00057643903976512,-0.00112194869781135,-0.00110083141304962,-0.00073819699752864,-0.000312404810686395,0.000356326896624459,0.00139985185542546,0.00232534668564366,0.00243724786785204,0.00169084588263946,0.000718709021915842,6.63659892259361e-05,-0.000214540162800425,-0.000235909182553229,-1.33564978410661e-05,0.000288978378545579,0.000269696663388608,-0.000221418296944442,-0.000766778669308188,-0.000902697679320497,-0.000763878363221338,-0.000814846146814929,-0.0010764242224699,-0.00110392110750812,-0.000739547598217705,-0.000372728526834898,-0.000284845947401635,-0.000211870346213061,0.000131374652693417,0.000500758541832624
1,0.0036313137323889,0.00303743201204032,0.00277027351046755,0.0032661258443536,0.00345794183216075,0.00214762003467861,-8.32719747982935e-05,-0.00141125345900317,-0.00124761670630846,-0.00119629211994887,-0.00304006121935796,-0.00640228055733605,-0.00907593390688977,-0.00936586450680998,-0.0074891295239885,-0.00488805890611488,-0.00292814856797374,-0.00232004121173013,-0.00301949952056102,-0.00421484743231293,-0.00478764787295827,-0.00418389262925523,-0.00267003011808686,-0.00066018626621922,0.00169222015209591,0.00393804465297798,0.00503988294672197,0.00444162406888537,0.00316758480247348,0.00296026947042538,0.00419808678850675,0.00537101436118448,0.00485160524696227,0.00257975184099113,-0.000266858739435882,-0.00258971447759127,-0.00384458861787706,-0.00379048856897324,-0.0025919194600581,-0.00105951059490028,-0.000150740853556819,-0.000165395273017843,-0.000774586418180512,-0.00164088625699588,-0.00244336314204929,-0.00245192417272655,-0.00095048721736557,0.00159973913970379,0.00347086683904507,0.00326168857689346,0.00128280878629727,-0.00095913970311301,-0.00226844148657346,-0.00237907360845746,-0.00155964231686934,-0.000334499363492391,0.000521120974894096,0.000423458069503724,-0.000377548905434288,-0.000993084093450669,-0.000845553842179214,-0.000100951693918994,0.00083046942390208,0.00172257791589292,0.0023312454460811,0.00230611971160855,0.00164138771672118,0.000813136930370106,0.000106676084177693,-0.000799683222126646,-0.00210725923774735,-0.00312293018557508,-0.00291955212734507,-0.00166780235248165,-0.000562964522915266,-0.000278278216015337,-0.000182664192485582,0.00055584246103102,0.001700819237338,0.00234782823173507,0.00217389546811564,0.00158385818338669,0.000803281250188803,-0.000375780742749576,-0.00182622479151373,-0.00280876850389955,-0.00287896607629534,-0.00254810630716307
1,-0.00216181965295981,0.0370818508200292,0.0990736181604488,0.134066240946033,0.0869086426876553,-0.0393698695481914,-0.144051570182695,-0.0977342571656266,0.107172285819275,0.306806274214168,0.32667932060591,0.177096047851843,0.0211916967392503,-0.0421063534012145,-0.070507105204217,-0.132578368894503,-0.17639019680766,-0.121006728585287,-0.00582465747759908,0.05414293841174,0.0315301864027413,0.00756768489498594,0.0367020396668494,0.0820686003377098,0.0988255668254219,0.0983607391833452,0.0987691845817071,0.079489871173382,0.0253156184572543,-0.0349427808633829,-0.0706077313533431,-0.0870304305887446,-0.0899409787989152,-0.0593855518908697,0.00177552420055616,0.0398917280379969,0.0213354024334977,-0.00601672724714497,0.0218103084097878,0.0859700877551388,0.111243884346546,0.0734742813159635,0.0189253998439147,-0.0156610551507264,-0.0400508408977291,-0.0639906424578944,-0.0722594837154968,-0.060625034294425,-0.0485775169310294,-0.0409186491791509,-0.0199686787191542,0.00980267365946208,0.0141442217542123,-0.0154791337955569,-0.0420932570107571,-0.0410668241528329,-0.035603131116849,-0.0484670015577038,-0.060200941309998,-0.0481747545208,-0.0292342961828247,-0.026250346268669,-0.0261695198860785,-0.0113086057123359,-0.000418344058801701,-0.0143513161420872,-0.030506540424752,-0.020511628418161,-0.0053926402817801,-0.0173244964178529,-0.0327789846681839,-0.0119568562040353,0.014984773989557,-0.0132623903955844,-0.0636172687165795,-0.0189948638993922,0.150039028178665,0.307981993589256,0.30924113570447,0.172130325530612,0.0338217122654818,-0.0238248566488917,-0.0306144294357464,-0.0365883985620785,-0.0441123897767017,-0.0378747961005184,-0.0233800624326026,-0.014479341528741
1,-0.126904488708974,-0.131067407003505,-0.133817088049805,-0.119823841770364,-0.08149294994816,-0.0413132714162963,-0.0342516598721829,-0.0598471546939372,-0.074752666957191,-0.0480403172919308,-0.00339198717928557,0.0151032760179488,0.00305176322386558,-0.00541213851991618,0.00959837126952134,0.0320493594353364,0.0423220434868057,0.0434056952947302,0.0455483151424545,0.046979486519021,0.0433365658019067,0.0400881314736266,0.0414056133239358,0.0387944076698723,0.0247053781227011,0.00771436768796097,0.000169795564982422,-0.00114436579378552,-0.00722371484669004,-0.0160931447346568,-0.015973764555457,-0.0056777047684049,0.00498173220562315,0.0147057815933058,0.0332587398205932,0.0606924767461114,0.0801719410829271,0.0797079565012035,0.0687693461167402,0.0637498354107136,0.0664604092386769,0.0674718961427763,0.0635199591140134,0.0598259441408935,0.0587018291043258,0.056828024948433,0.0531349213686205,0.0503889887859161,0.0485529642443634,0.0440930712419174,0.0367282544676666,0.0303423297305763,0.0262454150504317,0.021681920842064,0.0162724716106313,0.013805294016195,0.0154858092615271,0.0170177336846109,0.0153271894600335,0.0133697481665571,0.014797356640015,0.0178359604114373,0.0182979590863797,0.0156644984377472,0.0123810793092431,0.00945261335092784,0.00649167436293574,0.00436857134168633,0.0040514795917268,0.00392104331854526,0.00177831095860181,-0.00113922417018752,-0.00152920017295699,0.000858634531506475,0.00279156523535296,0.00252184216597406,0.0020466038229765,0.00343876412502997,0.0055619334263497,0.00598262809816852,0.00436208007427208,0.00232456746100773,0.00104062589171416,0.000434051894371734,0.000254592343443605,0.000619837654964428,0.00142800409404131,0.0020775563191755
1,0.00301949468004281,0.00233945506321831,0.00133150492359668,0.000536487609207548,0.000238786820120573,0.000485163140172773,0.00129366846925816,0.00250776066888037,0.00356078954265193,0.00378742305224566,0.00312494455838941,0.00227809903927412,0.00197103113979136,0.00212746097144212,0.00199420676503781,0.00106238472695974,-0.000324176074606441,-0.00134368176669941,-0.00153722984921423,-0.00115508158752764,-0.000749666887827516,-0.000618221602318059,-0.000711792037860981,-0.000917504158446825,-0.00115942634064226,-0.00114656343802988,-0.000281328542099502,0.00181373625709647,0.00458906250619062,0.00665167036124092,0.00682936957508229,0.00515420330928595,0.0026890264876247,0.000481370708440565,-0.00112664135458473,-0.00227743626524468,-0.00310396759108045,-0.003645443122406,-0.00399151431495071,-0.00420198096897106,-0.00412728768396331,-0.00350443318516191,-0.00221447917577411,-0.00034810318046663,0.00183121605657544,0.00376634158823563,0.00461915897408982,0.00385262524256191,0.00190373537173549,-8.26292290936337e-05,-0.00138168657822035,-0.00224971186480794,-0.00314355417317635,-0.00376811957802037,-0.00339771468914574,-0.00197313442440272,-0.000272526092749636,0.00110620902435166,0.00236184605109457,0.00375395916598631,0.00469980603911413,0.00421057959742743,0.00219370632841809,-0.000158482235756985,-0.001461615288882,-0.00139232147694734,-0.000743920509533424,-0.000466319646244884,-0.000843199079435308,-0.00147981832980637,-0.00183977341377872,-0.0017195058025683,-0.00130636527305938,-0.00089291060532215,-0.000592420468274568,-0.000322069937531921,2.66943867295311e-05,0.000489952785051706,0.0010542637939519,0.00164840240471698,0.00211701033117695,0.00236262443687618,0.00258304311650903,0.00322306371040781,0.00454057305739219,0.0062555205743271,0.0077274488301784,0.00848379531860299
1,-0.0219095594839391,-0.00920135668601407,0.00270595676863472,0.00154032746105326,-0.00819158729195646,-0.0142734216152176,-0.0137605206314131,-0.011320344602745,-0.00615499515600249,0.00732568281205559,0.0257612671947323,0.0352424801101963,0.0284359370318894,0.0153522672744479,0.0101731026613212,0.0126005523022572,0.0106156681060714,-0.000495429718265328,-0.011231369692231,-0.0119920950637979,-0.00632414981401563,-0.00485904744155263,-0.0108770057339269,-0.018551192066159,-0.0234040787213834,-0.0266319717294881,-0.027235514438062,-0.0172366816698757,0.00848675075928806,0.0399452075105922,0.0569030651626186,0.0484287832397792,0.0237800294351729,0.00143649531516488,-0.00936215560553588,-0.0128182862952135,-0.0155703443730051,-0.0178717914184139,-0.0167318828348622,-0.012489016785473,-0.00837992914158558,-0.00583731260924303,-0.0038234387231153,-0.00198550442520595,-0.00128267201661725,-0.00147124374308127,-0.000766449000765057,0.00128480977099343,0.0027730304718947,0.00221101166317972,0.000592207275074585,-0.00038277249567642,-0.000598334295815128,-0.000791829378606224,-0.000826933009928865,-0.000221663299387664,0.000438752566016554,0.000174325605444281,-0.00071437303806654,-0.00100881291648491,-0.000385830361106621,0.000359280562482134,0.000748642426489532,0.00105626087353627,0.00131895124804338,0.00112460594597596,0.000563611599547542,0.000278935274735659,0.000292452227895978,-0.000148535674517447,-0.00116009714217657,-0.0017070780471693,-0.00109459017601488,-6.4526143797039e-05,0.000323577531716523,0.000144587598902568,0.000113619488315564,0.000261455087027684,7.72026165822837e-05,-0.000364943872594559,-0.000401799057266672,0.000129690190748377,0.00059999366562824,0.000507836644018766,0.000102707284849402,-8.03344616810975e-05,0.000101818728698078,0.00035247619301515
1,0.0480581046500594,0.0411418123269485,0.0355426846829578,0.0347123258477557,0.0302297351574445,0.0163680578913512,0.00135661987186797,-0.00370967968803004,0.00120097986263534,0.00845498449815363,0.012054861685316,0.00820636792591856,-0.00472759347446239,-0.0211443413909551,-0.0316191138078379,-0.0364313256671549,-0.0456137581131957,-0.060039527392882,-0.065133395132575,-0.0522619117946554,-0.0335064202049216,-0.0233051252884104,-0.0179611897375196,-0.00859502070700646,-0.00273560211813972,-0.0129202746484181,-0.030960390002341,-0.0355929419106964,-0.0234571252389602,-0.0110426480318946,-0.00563147963361743,0.00330377573859586,0.0194755212173021,0.028682886201115,0.0214966589182763,0.0084062042662465,0.00137929367759693,-0.00345771377451065,-0.0127819406655609,-0.0206993296279014,-0.020315506856023,-0.018243548892058,-0.0229097610205669,-0.0285896181668823,-0.0257708578651421,-0.0185652167807016,-0.0168113064090987,-0.0184364331250304,-0.0150772341387686,-0.00913802213992376,-0.00986547198349186,-0.0171684416332001,-0.0239244942092594,-0.0298496871993468,-0.0388537345892459,-0.0475816347620528,-0.0510309959007635,-0.0537416011031908,-0.0602997327921981,-0.062460845783983,-0.0534114917670916,-0.0455038625242583,-0.0517892933068254,-0.0598325055842244,-0.0515163859386316,-0.0390510434172624,-0.0452829244982853,-0.0550805264792622,-0.0334718963005924,0.00495778807996672,0.000807532488217966,-0.0578343351532249,-0.106308324608158,-0.0998469903031785,-0.0793663811443137,-0.08892587380197,-0.0858659864118962,-0.0135690641434252,0.0754051602431511,0.0708096112944023,-0.0271992096641949,-0.0958361457492227,-0.0663292962433966,-0.0120433170589891,-0.0152569480337954,-0.0416036269902644,-0.0214328003658686,0.0224952603368429
1,-0.00051725820288695,-0.00468676706943683,7.97322630878838e-05,0.0155529351985679,0.0218540210295046,0.00544877782886299,-0.0158749296810337,-0.013375333084972,0.0136549327309252,0.0367485334023971,0.03520460148418,0.0174070317899,0.00151066473512973,-0.00905252622118002,-0.0205305178969439,-0.0305540712658994,-0.0291854150525257,-0.0150493901689428,0.00129562708547137,0.0103791268512516,0.0115402246444392,0.00739833077228003,-0.000268123878290005,-0.00650410812985225,-0.00333807489120108,0.0105948038848211,0.0255005470710579,0.0304991424238592,0.0249781571763785,0.0160758279751434,0.00879621159509192,0.00357481448488972,0.000210886139492494,-0.00212731439235725,-0.00699709572897866,-0.0160921369619231,-0.0231127186983908,-0.0193773995298727,-0.00672869700586887,0.00232986407055069,0.000444078936287617,-0.00525479822191155,-0.00440542189490323,0.00186751639906824,0.00449717371700409,0.000887705949593531,-0.00274120878854944,-0.00250737136447832,-0.00179484681998598,-0.00332174003700914,-0.00400832033690346,-0.0015537616885748,0.000269789941300225,-0.00184850737773612,-0.00395172910062858,-0.00101462779725026,0.00352625922240346,0.00206853721187894,-0.00465452105920683,-0.00751681243626745,-0.00257631988474127,0.00312609445658385,0.00282167188104854,0.0001713371028913,0.00237436731902374,0.00804163174730554,0.00934976997679815,0.00417187648753625,-0.00144518871483523,-0.00303165111502679,-0.0028915831278562,-0.00367403165676627,-0.00322568496448294,0.000288805366064793,0.00319429341760724,0.00144507593160625,-0.00224755490472539,-0.00210714751232022,0.00151712201521637,0.00255675117600429,-0.00119178747090043,-0.00464993306757666,-0.00328372348857719,0.000607854391675211,0.00229388924048646,0.00140755274843762,0.000739514448382828,0.00105291699852117
1,0.0183437952992982,0.0184159408591933,0.0149582884562642,0.0089682858615836,0.00704801927198417,0.0103808568224091,0.00973818624956913,-0.00195430571843858,-0.0167844151625465,-0.0197458140268996,-0.00795917347818342,0.00594941863384868,0.0105958899372913,0.00859495001317434,0.00926279487002013,0.0144845029765523,0.0174492155362014,0.0129531482721044,0.00384518963907254,-0.00268480787397873,-0.00226115245488323,0.0030067846973294,0.00604813888627742,0.00114604685297248,-0.0089578638513057,-0.0137739560984347,-0.00624136034006462,0.00756757105344708,0.0138277490370209,0.00648384866500873,-0.00616106260734206,-0.0114235405524594,-0.00554138715679908,0.00450228433092104,0.00935460027850965,0.0053436304279435,-0.00326945598438755,-0.00763533618863654,-0.00202280996824644,0.00932950772333996,0.0150891506113018,0.0092801019520321,-0.00126229225504471,-0.00525597446328963,-0.000654089167643868,0.00471293752072022,0.00491974314463928,0.00242029805355237,0.00195356711355998,0.00395272069670138,0.0068217664749044,0.010727935884522,0.0149402800025271,0.0152089018355506,0.00900639098401701,0.00125503971168239,-0.000590955959562045,0.00335970925199991,0.005189605365163,-0.000457450866495179,-0.0100015938244553,-0.0160562641998565,-0.0153519057255309,-0.010107151169449,-0.00459571654651025,-0.0020964498475271,-0.00289905051014383,-0.00383172318182012,-0.00164275853454843,0.00246531788423887,0.00407722128014587,0.00162629812647896,-0.00221149526201714,-0.00557251820390814,-0.00882682412821101,-0.00936835721975982,-0.00185748413860143,0.0113662202356162,0.0167295177439044,0.00512787143154725,-0.012416120551924,-0.0154888190001605,-0.000652080962130874,0.0137014167378462,0.0116508712867649,-0.00168940067938816,-0.0116457834619181,-0.0140335059370136
1,-0.0757415869030487,-0.0716272703904757,-0.056778955089948,-0.0282099905006943,0.0070685909268775,0.0367305469135895,0.0528223770986962,0.0556131051361142,0.0498562955914501,0.0404050136535705,0.0313439529478554,0.0259199375085775,0.0245945400398755,0.0235713808377884,0.0171853439369558,0.00302489393811811,-0.0150010692809834,-0.0288089141290353,-0.0317843440922996,-0.0230435716240418,-0.00700898587575338,0.0102536825569821,0.0238301202754654,0.030244401214321,0.0273876923741199,0.0157751428809512,-0.000594998446974415,-0.0158378273832369,-0.0250147153752946,-0.0257466670889261,-0.0185375572053772,-0.00678663364532817,0.00440005666919774,0.0112472167879876,0.013312289395186,0.0114912297198044,0.00482769095761881,-0.00824952173093596,-0.0248775102991274,-0.036316096889454,-0.033984577191867,-0.017257863042456,0.00521515432740749,0.0218734689494804,0.0264524381217335,0.0215734070651648,0.0151118563295194,0.0122974725818219,0.0111469356854856,0.00663566659663051,-0.00122180801327954,-0.00632926824627322,-0.00443558795981058,0.00125011845397882,0.00496702678546601,0.00597287011164571,0.00707723705763286,0.00762864210023295,0.00381588268750743,-0.00349912879699765,-0.00707161862606753,-0.00239275470292277,0.0056374874553482,0.00899812739474104,0.0066257536825427,0.0038542335000642,0.0034358820284428,0.00185724671356891,-0.00518539219776493,-0.0171622744039075,-0.028982637422394,-0.0340309560545737,-0.0271706720302083,-0.00886951815724757,0.012225592325863,0.0244930602605447,0.0238886347409055,0.0173837669019639,0.0139295307335354,0.0143116089348103,0.0126826914044322,0.00607617675772865,-0.00174706980975081,-0.00594201467936273,-0.00642573376047739,-0.00653574183610672,-0.00804853463323063,-0.00965123163963444
