1,0.0018949674478308,0.00174353941381744,0.00146326508332217,0.00136246415387653,0.00134304840727495,0.00119013500370935,0.00101027414386223,0.000984917365971949,0.000996510852266486,0.000884168493056059,0.000785768664560926,0.000857882248438635,0.000936690591050393,0.000839739319570043,0.000722328065424271,0.000768940692981168,0.000818395696071672,0.00067591612367357,0.000510875740971972,0.000545158743720187,0.000626038462990142,0.000524781063571567,0.000385356077563959,0.000439517594888805,0.000542045758400889,0.000448850422079872,0.000302728865673174,0.000361255515870518,0.000484446194485066,0.000397980937377973,0.000235728947232339,0.000289422129676087,0.000434243550919255,0.000362459336523457,0.000189456235226704,0.00023786589951591,0.000399080421555009,0.000332610245615594,0.00014159314027884,0.000189068950362525,0.00037693175754594,0.000313042185243528,9.05089714091645e-05,0.000140717329956352,0.000376615415504933,0.000312351207578221,3.23077490147483e-05,0.000119584125271022,0.000495896284095743,0.00032020195612148,-0.000630162285472746,-0.00141446260162903,-0.0012569300589127,-0.000610908342821403,-0.000326972508672974,-0.000465658917605527,-0.000576834444833363,-0.000578071032712124,-0.000676512799018258,-0.000829590723333773,-0.000880581244028456,-0.000907448791505505,-0.000972124511714245,-0.000885812534251684,-0.000631308985727497,-0.000581384768451709,-0.000870062067986677,-0.00102773350507013,-0.000710723170147531,-0.000294113974054877,-0.000229350294829178,-0.000328180811362877,-0.000245957726672685,-0.000152501316456721,-0.000297326572882284,-0.000412807398593618,-0.000218056084925422,-3.00776584194473e-05,-0.000184256013916251,-0.000348644919085928,-0.00014490282702484,8.13321164057079e-05,-8.93813374385211e-05,-0.000289997043691148,-5.03552634532056e-05,0.000232643655752263,1.13638621970225e-05,-0.000304184086727055,-8.29920717269061e-05,0.0002601173493324,1.38279115033946e-05,-0.000383278900681461,-0.000110457200658498,0.000365078768342464,7.67353326089903e-05,-0.000478534045435186,-0.000142843119399938,0.000546262028489064,0.000157784180987441,-0.000714317081547122,-0.000209299395130813,0.000996717257452762,0.000220429233095842,-0.00186471669987709,-0.000489235348644534,0.00602014888750801,0.0122077479696694
1,-0.0100650738913393,-0.00832005457357887,-0.00610154300652699,-0.00395335447682932,-0.00249708029397766,-0.00182358962628459,-0.00153446418092607,-0.00115689173698108,-0.000500489830549178,0.000227248206343234,0.000646524422996286,0.000623200966320958,0.000369878425393821,5.2976478013278e-05,-0.000474988331042425,-0.00132051741040673,-0.00213384407429906,-0.00240847152366719,-0.00212080835522777,-0.00172905120825728,-0.00156994463489557,-0.00160234934746306,-0.00172196786271872,-0.0019019401405993,-0.00194670764993177,-0.00157791404694141,-0.00100006015145393,-0.000957216341421763,-0.00183716092615338,-0.00299773512133417,-0.00343760256009329,-0.00300221037109516,-0.0024534352826322,-0.00235240147078652,-0.00238180280007505,-0.00198886926852015,-0.00128256214774858,-0.000862385348655792,-0.000922155442320438,-0.00101539416425478,-0.000820818568616488,-0.000723004817391626,-0.00127121117920126,-0.00225095336252323,-0.00275675637798578,-0.00226688296210487,-0.00126372477954462,-0.000581759911980839,-0.000475391100891898,-0.000663302719287273,-0.000998814603391018,-0.00154826193989788,-0.00207360803663903,-0.00206994575291919,-0.00155939536021954,-0.001358959106871,-0.00213646543630563,-0.00345244467500105,-0.00415462105848974,-0.00363227794270049,-0.00236268781036397,-0.00129090188329783,-0.000978625128606581,-0.00132145338407597,-0.00176024375411021,-0.00168482153873395,-0.000887682604155948,0.00022008161538345,0.000931244423568955,0.000847791241936235,0.000148087793511387,-0.000647949555478533,-0.00103395655561211,-0.000749697358269685,5.29933321598008e-05,0.000826957906709502,0.00104357983450498,0.000713294462975078,0.000377615641179219,0.000517278516965369,0.00106632560907283,0.00153342663164402,0.00147665963573118,0.000838842022818476,-2.61300011201726e-05,-0.000584863629019772,-0.000503414745081088,0.000102217873873656,0.000806424601848654,0.00124877255861744,0.00133722187768281,0.00119479225383667,0.0010434966575783,0.00102321423995289,0.000925674093627649,0.000261496877043577,-0.00106514189759199,-0.00224358687522308,-0.00221293907294662,-0.000947826830436149,0.000370066760750909,0.000702966482037937,0.000279955923893738,6.61928007854584e-05,0.000494066151838446,0.00116437319832396,0.00156549155904706
1,-0.00513926743370252,-0.00415754627278986,-0.00375323195603006,-0.00447769155533972,-0.00521318371301849,-0.00459239366014597,-0.00248890857376871,-0.000460213971761547,-0.000572814849045145,-0.00303232350140359,-0.00522708437198638,-0.00434840787336022,-0.00102421811169595,0.00107940617905999,-0.000269576517276882,-0.00326395391058121,-0.00479617419530598,-0.00435286019387782,-0.00364214444022259,-0.00335402132647111,-0.00246100697198948,-0.000768040516510915,-3.75679294597475e-05,-0.00148844834091832,-0.00350247473400067,-0.00332147019881646,-0.000574809948026278,0.00223081141963188,0.00278956826839316,0.00143988592291766,0.000169636874172596,0.00012713510522655,0.000836223041340567,0.0013262281285451,0.00120664263451431,0.000733800633062387,0.000365988210989876,0.000193806297445143,-0.000442289625768311,-0.00228330341916383,-0.00459967438359232,-0.00511645737300359,-0.002718496374567,0.000283286373206515,0.000363567015197575,-0.00263136178652168,-0.00506709020602347,-0.00438677865171488,-0.00233316079861634,-0.00186495978484302,-0.00276839296794495,-0.00267824831294394,-0.00126408145603563,-0.000535756240982899,-0.00120983769758976,-0.00159937427355583,-0.000687256073745424,0.000183133113307754,-0.000246862700650219,-0.00108318733592139,-0.000983829094456823,-0.000251433323901651,0.000187608312050891,0.000462942673088662,0.000963617390473459,0.00114666936102381,0.000657951694607917,0.000429542585099085,0.00102566069432619,0.00112621366098242,-0.000365902600695023,-0.00180246822054908,-0.000816602575604009,0.00174243708195565,0.00258283610345966,0.000655093093930859,-0.00159736191340176,-0.00210627962726839,-0.00164293740424437,-0.00144193615149124,-0.000923007200333892,0.000511985471859155,0.0014222908957322,0.000225964004435752,-0.00206242299489023,-0.00306076735139538,-0.00225587647237369,-0.00113355305991636,-0.000606178317233308,-0.000240903780298396,0.000108243392488383,-0.000185700943758249,-0.0010362874240526,-0.00126914869895067,-0.000389626910417107,0.000450873672479979,2.61851803440294e-06,-0.00138274941557803,-0.00232192204612325,-0.00214363006500662,-0.00142364175421239,-0.0010626223305934,-0.00133582431932933,-0.00178654304179027,-0.00179854400445922,-0.0012781365080361,-0.000760939885180001
1,0.00174620894240096,0.00104294216682099,-0.000429784322219184,-0.000657032787084511,0.000942654000876786,0.00260489508652206,0.00263109946599105,0.00152030412028026,0.000835264165839789,0.00090218894688654,0.000832218479688507,0.00030607369184299,-3.39353884371008e-06,0.000214866145742398,0.000327510502165396,-0.000114792619299919,-0.000600089978334495,-0.00053615016725761,-0.000187518418533372,-0.000109833730360442,-0.000224090848774949,-0.000172811226317293,-0.000137577965422686,-0.00044527423339602,-0.000685660036269908,-0.000278454335885137,0.000158869852875831,-0.000717744297286771,-0.0027468875430694,-0.00376163253583961,-0.00225240337128696,0.00040112160445549,0.00158860493649726,0.000777579856026556,-0.000251998714777102,-0.000235924100811857,0.000140241806012575,-5.94724307489969e-05,-0.000460040313576826,-0.000368000480229114,-0.000122232068902051,-0.000347113344661309,-0.000700268223710054,-0.000532967868840828,-0.00017612059232075,-0.000339624945121741,-0.000700657958561557,-0.000456405740625776,-2.28546068647972e-05,-0.00064032108406753,-0.00217243190813665,-0.00287389366945412,-0.00189278269600646,-0.000586690106060495,-0.000476522411686275,-0.00109306235449935,-0.00103460981188874,-0.000294390975988712,-0.000128764778508206,-0.000972285805641349,-0.00181513835139313,-0.00170701880423163,-0.000848916923093412,-1.3961870790169e-05,0.000298791754415717,-5.55798786692208e-05,-0.000903353939897045,-0.00161209097328641,-0.0015115795341929,-0.000721445157815026,-9.01188749118376e-05,-0.000126208356238777,-0.000472310894403805,-0.000617840991654184,-0.000596989991097807,-0.000677819500186416,-0.000823093015734244,-0.000848619032500331,-0.000803602133655268,-0.000836534835019442,-0.00090136468123081,-0.000886797788800742,-0.000853145305752534,-0.000899020622484592,-0.000961967090854721,-0.000954975495518262,-0.00093547310451747,-0.00096654093604176,-0.00098213764229893,-0.000939505515929362,-0.000922788892684601,-0.000965195641507322,-0.000968404220696328,-0.000912103952039445,-0.000914845447257839,-0.0009828001962644,-0.000967727856957978,-0.000881136862763476,-0.000926792969329071,-0.00109196645557574,-0.00109430491909723,-0.000915199209599038,-0.000922477847839609,-0.00117406686510257,-0.00111530984996477,-0.000433767829147058,0.000275284896073202
1,0.000918500002923039,0.000943389890346147,-0.000684850345500365,-0.00174765028890711,-0.00091545289549444,-0.000487917777878266,-0.000733892259565216,-0.000975568759435497,-0.000976730420808813,-0.00110379614992251,-0.000484884646563266,0.000412727213499053,0.000622308711395014,0.00056584509755897,0.000517698384287613,0.00092408522962284,0.000730510875391666,0.00031073287718808,0.000469654590330215,0.000323624027964264,0.00020693741105493,0.0001001354855239,-2.20140756796994e-05,-9.34890712116498e-05,-0.000177784885954324,-0.000252329755139336,-0.000325618839738695,-0.000395072706196764,-0.000524983659729195,-0.00294813107511693,-0.000726819532056666,-7.47088134449569e-05,-0.000287331975131089,-0.000455731948075133,-0.000563341880257084,-0.000645741923134935,-0.00069842923741259,-0.000705389079358021,-0.000682315498580444,-0.0006555059607809,-0.000690524386400604,-0.000717214891169604,-0.000717549002555273,-0.000733921274894911,-0.000733497205668954,-0.000722207999677593,-0.000734978935000186,-0.000755983482833678,-0.00079314145042364,-0.000848423034764956,-0.000878451245945655,-0.00293781787507186,-0.00041832864831548,-0.000507386935253429,-0.000823080225487161,-0.00108725178028202,-0.000975172428277382,-0.000291263840806799,-0.000630422622567295,-0.000585798403904825,-0.00139556721627354,-0.00130366086069778,-0.00110894262736583,-5.56137559923897e-05,-0.000607879887137841,-0.000108522663319732,-0.000622705219422315,-0.00120575464809125,-0.00118016236476848,-0.000535616729592014,-0.000469696200754655,-0.000522219159801551,-0.000596677086010189,-0.000647576153302687,-0.000694476445567638,-0.000729629267039122,-0.000756291147389732,-0.00077997212264691,-0.000841378354315303,-0.000809920474323711,-0.00082898352566918,-0.000844763216774957,-0.000881317350458488,-0.00086132983026932,-0.000879451796025776,-0.000886836831900162,-0.000947094107744739,-0.000894725070471836,-0.0009073909261339,-0.000921397711914906,-0.000930124973988811,-0.00094124510936755,-0.000950442173277111,-0.000958798158836593,-0.00102252411829529,-0.00096682291278416,-0.000981678449602619,-0.000990651560166533,-0.00100188951899405,-0.00097632358789479,-0.00096742555827678,-0.00101547557903281,-0.00101555786129737,-0.00103216987445975,-0.00101390474899343,-0.00104582968893752,0.000204112799495171
1,0.0019106051998361,0.00160494494515051,0.000784851442742429,0.000320798163988112,0.000563241192757857,0.000910773334510839,0.000813660357869228,0.000535277508079801,0.000539517529646982,0.000706166235404648,0.000658392371037486,0.000449556143480745,0.000386962359063769,0.000444360854447545,0.000363944524127469,0.00017470240414319,0.000129848887869599,0.000222163291812016,0.000207676060945516,7.40472134030945e-05,6.28665064605904e-05,0.000208982715629524,0.000260086883681954,0.000131977792832139,6.55186284608256e-05,0.000181376415600454,0.000216147277531498,-6.08387430118817e-05,-0.000410632853229842,-0.000396476161033554,1.60894517606813e-05,0.00040405533664023,0.000429201883919372,0.000209905306080671,7.3965093969619e-05,0.000113809750304394,0.000154236480130798,9.07021547411624e-05,4.08848215851521e-05,9.93638676294317e-05,0.000147080685333645,7.2196371053046e-05,9.98313525046868e-06,0.000108064240883277,0.000195828003286103,5.49014129846981e-05,-7.91872771994662e-05,0.000175573784338745,0.000484499012917805,-5.47528335301806e-05,-0.00152220977171691,-0.00261439191700941,-0.00217491715984464,-0.000811802382095994,-0.000106061673658786,-0.000480057815799739,-0.000897666494346527,-0.000683453894172015,-0.000468051640156286,-0.000894532012019056,-0.00141993251604688,-0.00118666786298682,-0.000404202927671626,-1.2181327270433e-05,-0.000368755347192717,-0.001033833529966,-0.00155167915215682,-0.00171967089042546,-0.00133572462517417,-0.000448555861383593,0.000282333463807571,0.000217594206434413,-0.000346325159702232,-0.00058326381668472,-0.000349256585772562,-0.00021532583698658,-0.00036202536003449,-0.000344000775452713,-5.05671495099058e-05,2.89875259542605e-05,-0.00024801336226643,-0.000356815004000754,-8.07513559348827e-05,6.30552809957052e-05,-0.000190414530857996,-0.000318039832269523,-5.76751758307736e-06,0.000194142961027932,-0.000118069066013859,-0.000374866831619247,-6.52730589685291e-05,0.000265373306766126,1.49134008378127e-05,-0.000291474442140505,1.79379189320095e-05,0.000375182551710651,-2.49860703598337e-05,-0.000544299728723718,-0.000139191133746053,0.000501147349387665,-7.59396666394352e-06,-0.000883687491760377,-8.8425719038554e-05,0.00150810571957782,7.16206851514301e-05,-0.0054321068101113,-0.0104831297581494
1,0.00152621917392981,0.00159526148213196,0.00102010148300025,0.00015938955725403,-0.000330711518184756,-0.000311967257176526,-0.000131178834062773,-3.17970720065119e-06,0.000178934528782371,0.000487967597504024,0.000768959551596282,0.00088195399554003,0.000907082465197995,0.000954789619109775,0.000890426557108803,0.000455330952785715,-0.000302841492190176,-0.000903479832836673,-0.000908427609096485,-0.000444576174391642,-3.82892615036212e-05,4.83097937307164e-05,4.28994619090517e-05,0.00017543848693613,0.000314569410910792,0.0003019695864932,0.000317361497468305,0.000533964207850346,0.000632093194009364,0.00014332790555116,-0.000764738380719443,-0.00133144175151489,-0.00113389442787692,-0.000569748305650819,-0.000245469199564141,-0.000246151835727737,-0.000253494549982136,-8.93169288538331e-05,0.00017112034285649,0.000437740316955093,0.000630087579800431,0.000545943548593719,1.52180430115223e-05,-0.000775595565691845,-0.00132299230832,-0.00126896328550252,-0.000758092251150977,-0.000298378618663442,-0.000280971037139643,-0.000613858047556981,-0.000824078689580787,-0.000570730553993037,-3.67735110877732e-05,0.000283774913822477,0.000154132704664356,-0.000214480328076583,-0.00052802246342587,-0.00072196756700027,-0.000825475365174633,-0.000763631709608248,-0.000483707164055325,-0.000121179938394889,0.00014298732429463,0.000287616359909038,0.000387989089375651,0.000478623979978998,0.000590540374770576,0.000745941818725449,0.000780665912293976,0.000405716769764197,-0.000335186764582218,-0.000897373420366776,-0.000820664111687464,-0.000305688092480771,0.000113571208843588,0.000293556934109596,0.00047656589234979,0.000702781471626501,0.000745699515351639,0.00064977570155289,0.00079033852266619,0.00120156037843433,0.00130132907577263,0.000612700761273288,-0.000525761673348946,-0.00129010613407488,-0.00124584310279552,-0.00064870125755867,-2.8768308613536e-05,0.000269521079315105,0.000226970983900898,7.41297549007314e-05,8.11774708164847e-05,0.00029560806452178,0.000487692836328435,0.000386903700976937,-8.12144147666061e-05,-0.000755628716478718,-0.0012912624638437,-0.00132000544766075,-0.000832293600592671,-0.000361174583564328,-0.000390266814704887,-0.000534752415564554,0.000143578389878662,0.00174817915144665,0.00309528808677673
1,0.000786402383590623,0.00140412059005079,0.0013578872869946,0.000489338923982174,4.58890806220857e-05,0.000515381415185701,0.000751995549915119,0.000136186956344986,-0.000268035584256143,0.000236965780878062,0.00063544447952868,0.000134017859300339,-0.000334827733224685,8.04022631855084e-05,0.000526212246555247,0.000115856828302618,-0.000367766312012741,-2.56008566008603e-05,0.000405375713577794,2.32240046735832e-05,-0.000439079448304014,-4.07026509989805e-05,0.000481618347008883,9.74276888934256e-05,-0.000502449338958488,-0.000199630294131836,0.000406682092263466,0.000153774157453768,-0.000452178288791849,-0.000240012912175125,0.000351703710548712,0.000152282435662787,-0.0004421024696728,-0.000249531582714457,0.000366592213016048,0.000196359197497387,-0.000438597586458478,-0.000299082608909984,0.000340228564184919,0.000214016886647794,-0.000449254039176061,-0.000356596921535779,0.000313499937288686,0.000243317427558232,-0.000439597086634436,-0.00039283240686272,0.000317891307765716,0.000339463771365622,-0.000350733751006249,-0.000497102022220641,-0.000130297282821878,-0.000426670109047844,-0.00107678142531498,-0.000617449884238397,0.000574330910581899,0.000606005863297732,-0.00045468283025718,-0.000595786800292153,0.00033672031690779,0.00026161916613221,-0.0011179529028329,-0.00150903744667152,-0.000216261654270689,0.000493914836439124,-0.000486387094496443,-0.0012379592766556,-0.00061818151864923,-0.000289262939629609,-0.00111882695729815,-0.00122816043243246,0.000229698401792877,0.000999778673904217,-0.000168229310281376,-0.00100353928906527,5.38556833920012e-05,0.000849155778429811,-0.00028805504910201,-0.00117249499959549,1.91448952149287e-05,0.00101829686319377,-0.00022302026562615,-0.00136112765967322,-8.52217793734233e-05,0.00118672993700386,-0.000153375031555214,-0.0015994096882106,-0.000196032147441461,0.00143782377109325,-8.18265448043753e-05,-0.00200160075901623,-0.000387096378976715,0.00188037701602939,0.000178767053558904,-0.00249581566346446,-0.000673654720584338,0.00251590014169567,0.000505538604795852,-0.00338831434003017,-0.00106416379385932,0.0038711159601168,0.000919886202382703,-0.00582897866922982,-0.00124493447208796,0.0105165598324075,0.00240876939314383,-0.0347271410000616,-0.0698428686418806
1,0.00201249695195571,0.00160669966434224,0.000654052138929551,0.000161792134939276,0.000367478620668216,0.000637632464407289,0.000592524846643627,0.000477010346553897,0.000473475472799301,0.000420015079185099,0.000276363152784675,0.000246598026494738,0.000350049990082368,0.000366538571256569,0.000253675535065945,0.000183449119237622,0.000165878472232706,5.69201269771114e-05,-8.31261349647505e-05,-5.49694978060344e-05,8.57053164358135e-05,0.000100811793286582,-5.36821749896887e-06,-2.72975185735547e-05,3.36199417025895e-05,8.2692196112788e-07,-0.000100496315284637,-9.91659824860491e-05,-3.98149286615634e-05,-8.70725355124335e-05,-0.000158121533838873,-6.96934520671988e-05,5.56206772497347e-05,-2.09295258262188e-05,-0.00017609029492327,-0.000122289625323901,3.92891933964634e-05,-3.99796551420195e-06,-0.000165844304770069,-0.00011651799317125,5.69357237170109e-05,-3.33046868661313e-06,-0.000202165201844018,-0.00013597560910128,8.86845065881658e-05,-1.798006255882e-06,-0.000277584745080439,-0.000127938158453134,0.000289509247224373,-1.75586635826619e-05,-0.00127728561690876,-0.00231186369969194,-0.002142306138464,-0.00134822218927955,-0.00103815701504395,-0.00123075391564775,-0.00120946129433719,-0.000924849423143748,-0.000985915103727031,-0.00150426290587991,-0.00189428038262118,-0.00177803924140374,-0.00136223145903269,-0.000966515211366037,-0.000788725552957281,-0.00102411152017901,-0.00160415447496209,-0.00192712445432264,-0.00146029979848006,-0.000530792905457211,4.92902677704521e-05,3.49929585787834e-05,-0.000147881113800707,-0.000210635829221317,-0.000263638112940612,-0.000334394625076229,-0.000272279202044423,-0.00015109220001186,-0.00020163380444238,-0.000344644257713078,-0.000310211396456594,-0.000159410348349098,-0.000151119097572483,-0.000200897414113221,-5.94201284425111e-05,0.000105222646674896,-4.73546806274427e-05,-0.000342463525975667,-0.000353540035792577,-0.000202363873118117,-0.00031657387213091,-0.000549993096172763,-0.000434762771951647,-0.000162666443986659,-0.00029758639910149,-0.000627756723957873,-0.000475343490808022,-7.54879448336965e-05,-0.000264440558578549,-0.000776332987989292,-0.000528549010182289,0.000169117571116928,-0.000235663613181281,-0.00144299943428905,-0.000721234870546539,0.00296814492959285,0.00651767104909862
1,0.000990920730920664,0.000447533424335678,0.000211396006421616,4.45873181602607e-05,0.000388479281423049,0.000248284132633003,0.000164111052309401,7.67442973290677e-05,-6.6557764452746e-05,-0.000139983050239767,-0.000182116945363298,-0.000236366544761779,-0.000244700847945367,-0.000218706104065269,-0.000290025083179213,-0.000342687193097824,-0.000384555524767016,-0.000412147519365913,-0.000473631119136453,-0.000475932476148078,-0.000485807256584536,-0.000494097034884788,-0.000534149987666765,-0.000606112711019957,-0.000609325405704464,-0.000621704551659441,-0.000651264520591166,-0.000567099307718699,-0.000590285593307094,-0.000650920134059874,-0.000608622164978367,-0.000635000567377197,-0.000590397851400581,-0.000655146379484606,-0.000603127708588946,-0.000713503252013137,-0.000587815434070382,-0.000669359680867565,-0.000604610972254616,-0.000686429958212109,-0.000677590957477214,-0.000673676891335795,-0.000641029757157074,-0.000628865241673271,-0.000679007769788242,-0.000667084853124056,-0.00066861460525125,-0.000661293665376927,-0.000650026571388018,-0.000673330913259829,-0.00068351213978568,-0.00623041005299596,0.00295358337902085,0.00195253699839126,0.0021356923255591,0.00170172820797676,0.00103733542944484,0.00175304885553373,0.00118835885860014,0.00145767220009718,0.0012609579216476,0.000354143788884542,-0.000225999173662395,0.000671527118099036,0.000267913459682578,0.000491834323410156,0.0009859377791539,0.00125263346850124,0.000638412859056192,0.000835890176617671,0.000876832107108871,0.000407901877960359,8.34545467380821e-05,-0.000197252126885594,-0.000355763163009559,-0.000440705930652818,-0.00056977893337784,-0.000565448247039857,-0.000586887118117829,-0.000530425244203769,-0.000437376029359449,-0.000490873340165621,-0.000540745166756285,-0.000633959385901939,-0.000623454931247824,-0.000719222780515949,-0.000757219530350017,-0.000816907309956427,-0.000808191342820397,-0.000852545918609504,-0.000862999773727946,-0.000914004215476716,-0.000894245528423987,-0.000916408798518731,-0.000890613219094227,-0.000884835437978015,-0.000910099932311947,-0.000909217777724347,-0.000885214166948867,-0.000903284918510661,-0.000920602756317113,-0.000897306048306401,-0.000922669783125052,-0.000935828715422637,-0.00090800248904932,-0.000911114237399424,0.00458047527082117
1,0.000826528494942025,0.000727024744545446,0.000401378138626285,-3.91337399312519e-05,-0.00036603363710519,-0.000405881154388332,-0.000153151714199495,0.000218526961353049,0.000440023510347665,0.000309096528184227,-0.000148228771378989,-0.000658345420033513,-0.000892971037200319,-0.000743718599202303,-0.000409835051184082,-0.000175722184089899,-0.000113141824560792,-7.37184133123847e-05,3.14054155134968e-05,8.45997617346939e-05,-2.69825548215863e-05,-0.0001943470912531,-0.000251913159522665,-0.000279378423710064,-0.000517041565693432,-0.000971746243068061,-0.00131563413382008,-0.00124678073946605,-0.000795703788259772,-0.000221594103934741,0.000225473979506674,0.000376084505547603,0.000181194523169559,-0.000188033009157706,-0.000443410618913731,-0.000512554003925025,-0.000603863820963113,-0.000814071010393214,-0.000899644842792924,-0.000659457247092377,-0.000324882192202836,-0.000246284776803662,-0.000336941480311381,-0.000205991050072463,0.000214063896928351,0.000564200023033479,0.000592258061890227,0.000394127698780444,6.51396060575848e-05,-0.00044275965933771,-0.00092633486802729,-0.000821889999836678,0.000152113249768604,0.00149286801933624,0.00239259375319545,0.00255685886410451,0.00225854295676342,0.00176924347808871,0.00112346648788542,0.000389125575172677,-0.000189030197681461,-0.000382574094468957,-0.000129444864207962,0.000461823964045038,0.00105532373919281,0.0011581735838897,0.000581197147757173,-0.000193746249324889,-0.000437179549200195,6.77965017992221e-06,0.000618588555826527,0.000925679595389362,0.000959334797320466,0.000924541355884045,0.000833581849385645,0.000667218939950587,0.000538421405960499,0.000438623108193426,0.000138786944733127,-0.000366174835014554,-0.000625578714799069,-0.000315792579428376,0.000208040002791954,0.000381977818138424,0.000246438808076732,0.000264337040842832,0.000448307297011397,0.0003105424572869,-0.000229270263319314,-0.00052970591868462,-0.000137521988219369,0.000493708191585895,0.000631947603175753,0.000256800739552254,-7.21613557290723e-05,-0.000104097734784148,-0.000102564130624039,-0.000226592945042015,-0.000248330461980473,-1.12210668046231e-06,0.000315584563378657,0.000445429900260308,0.000339892329273006,-5.41811563907757e-05,-0.000891886025891075,-0.00202423028035081,-0.00283431039057991
1,-0.000527462165567094,-0.000366753646094509,0.000680955434805952,0.00177465026477197,0.001212115172744,-0.0011310637594546,-0.00314705186556274,-0.0028662067838594,-0.000529236986846371,0.00199029472939927,0.00284418879753634,0.00122967086689307,-0.00196802783392691,-0.00434255284763907,-0.00404484865253707,-0.00187980844216717,-8.98128521829022e-05,0.00076148914436569,0.00183109160859285,0.00294382178463515,0.00203817313174248,-0.00141083539080622,-0.00467458331528725,-0.00488500396300129,-0.0022101892118318,0.00114833079439158,0.00329056693106367,0.00290400348175446,-0.000491904220264239,-0.00490699785156856,-0.00657084188538359,-0.00423530303686448,-0.00101279862063031,-0.000142980766145051,-0.00108583352225633,-0.00191818635573959,-0.0029330336237523,-0.00464886862762537,-0.00465248043572242,-0.000758590975044271,0.00400564262093095,0.0042631209596653,-6.48110637380128e-05,-0.00338346772150899,-0.00214731840195181,0.00115795808638453,0.00260893098953208,0.00147244667240365,-0.00102153142007477,-0.00374040924575425,-0.00475256771395216,-0.0019193547077947,0.00336262246501207,0.00601543065641508,0.00336061052324066,-0.00106045794970377,-0.00207085041481125,0.000916257600493964,0.00447957970345847,0.00583522400185377,0.00450969714690341,0.00134734049506324,-0.00158105521163154,-0.00165010338178817,0.00129957994206364,0.00390392197560452,0.00326301059682166,0.000457072651887103,-0.0017956072601617,-0.00290059719024427,-0.00341561662177448,-0.0025938638440568,-8.53029665961458e-05,0.00171261095023834,0.000563900925435235,-0.0016031373839196,-0.00120127744963927,0.00142632929511421,0.00258483449609681,0.00081195913889065,-0.00178266619871259,-0.00344295536412265,-0.00430019678975846,-0.00395254342388718,-0.00129862233935807,0.00253145461257365,0.00431241555867778,0.00266575832454752,-0.000537640228261083,-0.00285596194909576,-0.00302430994572411,-0.000758753201698603,0.00215030188566967,0.00169552753973257,-0.00339085205237755,-0.0077026348414142,-0.00526696814548888,0.00126170655348989,0.00374063147472903,0.00058511028084407,-0.00197854512474027,-0.00154183109373562,-0.00289874343009533,-0.00626483339154582,-0.0025415124810424,0.0120599004448998,0.0258634152593027
1,-0.00231293357453843,0.000812451034187589,0.00156545492122895,0.000885491993728671,-0.000549322847827938,-0.00130254458748613,0.000342324800948646,0.0027708761378662,0.00169526732578618,-0.00302012312419375,-0.00535897373877869,-0.0016106431577203,0.00324060802883963,0.00250776703586553,-0.00217488097729657,-0.00388178770316028,-0.00126585653416811,0.000553965356139052,-0.00054126594914905,-0.000651442900704957,0.0021007515836784,0.00323558543330726,-0.000811001429348757,-0.0060827111167896,-0.00620877072161452,-0.00103540798041735,0.00402006799556176,0.00533057956256666,0.00397456274802455,0.00235662278750848,0.00136270534203842,0.000785611174782375,0.000129454361007753,-0.00111002971046492,-0.00246445335573053,-0.0023832638486958,-0.000713995069195228,-0.000285904480581856,-0.0035284608337065,-0.00781308312121443,-0.00719106698230121,-6.03990882641625e-05,0.00716557917538196,0.00658055006017477,-0.00155389975582487,-0.00835333654175674,-0.00672105824959512,-0.000109228547150231,0.00197311913002096,-0.00345610630961257,-0.00873649487520289,-0.00567028460111541,0.00396333588754061,0.011579452262116,0.0128122321324966,0.0103983423670755,0.00732207942418484,0.00323755049604735,-0.00123188339166358,-0.00261083696770648,-0.000100136494622483,0.00164549604642605,-0.00086365779719344,-0.00422399474348012,-0.00335388683341353,0.000555085982783865,0.00227295960540008,0.000733040658315254,-0.000338620301161718,0.000823527003006141,0.00193146357872997,0.00154494226519741,0.00110456790459157,0.000942932605441982,-0.00120748467632037,-0.00566964667456826,-0.00844216887162119,-0.00603972657761442,-0.000385494882365833,0.00349506616223128,0.00311869980445856,5.93204912462397e-05,-0.00283224580101216,-0.00396484430735455,-0.00349531883295473,-0.00256695244954219,-0.00194012025212675,-0.00129672739157982,-0.000409492160490466,-0.000236540379517258,-0.00142683921901199,-0.00261557757776654,-0.00229027162172368,-0.00146486134503565,-0.00181568338918847,-0.00211191107375353,-0.000111481306199757,0.00260189093328744,0.00221363240156425,-0.000794134177258599,-0.00197851477901789,-0.000695835924177324,-0.00127510539925613,-0.00401714427424604,-0.00205798750437136,0.00773603464171213,0.0172659177757506
1,-0.00137966284793478,-6.00988059655805e-05,0.000651232598013252,-0.000172433587497522,-0.000812786573908042,-4.21871414983954e-05,0.000719939370848799,9.60596975385641e-05,-0.000924987604877359,-0.00108673834277084,-0.000900064822547897,-0.000943183101563605,-0.000548727048669484,0.000215746233075187,-0.000211208373474214,-0.00202373420301694,-0.00304156036112158,-0.00217970465345463,-0.00108517691258658,-0.000684646806101696,0.000527912579517675,0.00265258900054377,0.00260094832679947,-0.000849405330651365,-0.00376476826160932,-0.00247057927691241,0.000848481365362197,0.00193238863692535,0.000980625849270389,0.000991699473749996,0.00199177595468925,0.00173263842001958,0.000444412480804068,0.000152275732592244,0.000495884764895038,-0.000300710683148075,-0.00151376453465257,-0.0014285859748524,-0.00138479235449473,-0.00345571994373906,-0.0053755785365821,-0.0032898442534437,0.00111410953808821,0.00209914766250918,-0.00137955453110017,-0.0042619711835945,-0.00347370147994042,-0.001700639811272,-0.00166867943417248,-0.00210970812651645,-0.00149723797966494,-0.000970761071940274,-0.00119114762731787,-0.000426801388049292,0.00200461652032491,0.00401217738450743,0.00421183910490974,0.00365651289217794,0.00292422240781676,0.00135423280393532,9.22425142029226e-05,0.0014153982247409,0.00399310320029223,0.00377208248101191,0.000775070585008031,-0.000480203285522229,0.0011963202868861,0.00164381238982347,-0.000725333381941695,-0.00174980005472047,0.000631984812097919,0.00227496869757982,0.000515516181554432,-0.00100900140251881,6.32964155231619e-05,-0.000397848402080569,-0.00483187785870154,-0.00762788758388577,-0.00395180598679001,0.00146364495692453,0.00198510800538898,-0.000483195671267644,-0.000890118687133956,-0.000850942103205021,-0.00385768951171883,-0.00629771636194043,-0.0034665014561881,0.000427016138496938,-0.000935366411181526,-0.00400795226518813,-0.00192477899042842,0.00188767280770108,-6.05558303430342e-05,-0.00409970125174475,-0.00163418313271713,0.00342196604262579,0.00095199986868888,-0.00482562428929789,-0.00168740233203568,0.0055262869045114,0.00107622426467291,-0.00916522272321529,-0.00226438090640713,0.0157057080969389,0.00350906685902252,-0.0531113327807002,-0.106796035098923
1,-0.00808659998179362,0.00492233484884963,0.00448869652331929,-0.00582619988360733,-0.015209806090632,-0.0158423075340934,-0.0084616253776657,0.000681731404510444,0.00630505676332582,0.00644101334133573,0.000912754794364368,-0.00813447517079435,-0.0143401830103977,-0.0111575054548236,-0.000332481786299965,0.00793094318082588,0.00672329724902188,0.000548658215881126,-0.0023326088081479,-0.00142932668896201,-0.00174369752304049,-0.00337378113115516,-0.00193297009899673,0.00135885038870764,-0.000499649134571456,-0.00790039707733037,-0.0109729028265413,-0.00362484183324074,0.00593112042661836,0.00594868900500778,-0.00234496500203818,-0.00720249122970174,-0.00306214556881823,0.00335541264766537,0.00381503223663682,-0.00162698124083516,-0.00731979162795149,-0.00896338030650767,-0.00548798657489158,0.00156908479676598,0.00762381927819966,0.0071375771859099,-0.00049076838771267,-0.00830784777935545,-0.00768368590269208,0.00250417627161514,0.0129078396694311,0.0112015361331599,-0.00459710328038909,-0.01974054604658,-0.0149707675252575,0.0102155189446069,0.0312845381491904,0.0241912133149551,-0.0045042338747221,-0.0233752231207935,-0.0138038990572298,0.00885290566219599,0.0173587212646948,0.00595726147723585,-0.00809914680795121,-0.00994764367878531,-0.00192635281386533,0.00569213526368451,0.00769175208142947,0.00497231358059125,0.000226297189422908,-0.00375369850912755,-0.00541979195801989,-0.00569243536979958,-0.00495171017621665,-0.000311485964624048,0.00874832241474177,0.0140731196861852,0.00683377079076752,-0.00773040578200135,-0.0135606826913808,-0.0051053823713092,0.00459568994166837,0.00299845117870845,-0.00467071733958857,-0.00640226939782895,-0.00302187926981201,-0.00371931868615949,-0.00700294443194327,-0.00205616802153141,0.010254484846925,0.013714349922064,0.000603903202479827,-0.0138423033351298,-0.0114428156752062,0.00312593908515257,0.00921164013721043,-0.00104495112493197,-0.0137751860841737,-0.0139401032281805,-0.00346615986264442,0.00549221216513818,0.00681561684769694,0.00333463094653741,-0.00128978593924867,-0.00606085081106222,-0.00936343096940817,-0.00833144352886084,-0.00272724572180216,0.0038174004643956,0.00755028739359798
1,-0.00049153397216628,0.000613909073649666,-0.000410610311389448,-0.00147198182515229,-0.00133580534127997,-0.000361592433846702,0.000887405218930937,0.00165155657724458,0.00065904290085772,-0.00196633828532278,-0.00347939216619242,-0.00166523249103978,0.00154049096062892,0.00223398165630062,-0.000115275212158927,-0.00232328764120737,-0.00238697409752131,-0.00166574312909784,-0.00159919522931418,-0.00127752575948747,0.000228215561422829,0.00147941528593964,0.000624495987271878,-0.00161614088485162,-0.00273470083950844,-0.00152744986334419,0.000905032526864247,0.00273943114754172,0.0029997911889561,0.00195584483595379,0.000737883345471424,0.000280810159149603,0.000303520785315925,-0.000132742706059119,-0.000930124393099696,-0.000894251880091623,0.000123301410308585,0.000284858324433479,-0.00184357717499228,-0.00473138880957702,-0.00519761458975498,-0.00231575363251313,0.0011377481053918,0.00167274171474574,-0.00101493789454121,-0.00380149743716096,-0.00381972335798153,-0.00170470082527086,-0.000422169364252767,-0.00120580882428367,-0.00211628716249468,-0.00118771187959243,0.000629613318127831,0.00120743655809363,0.000676828931809759,0.000890177632000722,0.00200802956422752,0.00219250267257642,0.000909377866550543,1.84528792868122e-05,0.000768579484755172,0.00194882463130419,0.00216212028648766,0.00192673383465713,0.002147307183618,0.00229563761069329,0.00167890580772578,0.000974717559850014,0.000881131848433192,0.000638542813424792,-0.000416952303896601,-0.00116431781571347,-0.000447090409542383,0.000599403299706758,-2.87595541630381e-05,-0.00221743567131671,-0.00399060477325186,-0.00408975314409066,-0.00268952397204902,-0.0004006153316789,0.00169467592311445,0.00188718736751614,-0.000365877212959553,-0.00315819807151385,-0.00431529860588498,-0.00394012775565855,-0.00316106853415832,-0.00186378341912263,4.6176798650599e-05,0.000760445446196911,-0.00101670157125167,-0.00307754300116247,-0.0025513070082761,-0.000607960867768043,-0.000476490357341319,-0.00179949137513802,-0.00155798202162938,1.51569274251528e-05,-0.000161176169883426,-0.00171920574006545,-0.00118089641280239,0.000579390337478891,-0.00136623455806539,-0.00561972708397818,-0.00270472651395082,0.0106516803167276,0.0233100790954577
1,-0.000657654182401046,1.24249969486456e-05,-0.000507002926492639,-0.00118539461945222,-0.00093487216233612,-0.000162959101120741,8.4520217254358e-05,-0.000222711351475446,-0.000384948698807008,-0.000300259630781063,-0.000278027788500168,-1.04448347020281e-05,0.000853356394980409,0.00136639055280163,7.53657178966805e-05,-0.00273943212254935,-0.00500873481500097,-0.00526725199455136,-0.00384857052700571,-0.00165142314695554,0.000718824908121363,0.00231699662208928,0.00215667856608182,0.000871740227877282,0.000466856665624071,0.00149961156804501,0.00205975931072899,0.000657523579773667,-0.00140752968300006,-0.00198950313829105,-0.00106382148893047,-7.87433175908347e-05,0.000572591274958789,0.0015420906314354,0.0026672485148076,0.00298787411132029,0.00230420315216318,0.00115480934888001,-0.000350416782387342,-0.00207909451554045,-0.0027643048576822,-0.00130723828903978,0.000946051791074431,0.00127540374331403,-0.00078788385659756,-0.00277628623298742,-0.00271013719288415,-0.00143639751443114,-0.000810181822457956,-0.00114882550515993,-0.00154912593315792,-0.0015459605856325,-0.00131049996882027,-0.000893738582694148,-0.000201718436891873,0.000607572882609375,0.00118760531941309,0.00120622272955195,0.000484263731063805,-0.000558608418078421,-0.000846583190893924,0.000134455872336403,0.00137598773771508,0.00165335775808639,0.00134829027132888,0.00155557505964588,0.00186498256706891,0.000993065102844248,-0.000563912040901116,-0.000834832144348319,0.000422113863086437,0.00125465629703747,0.000783673365465809,0.000318723045865887,0.000363889700673248,-0.000578242776464677,-0.00272863694044556,-0.00347376902963514,-0.00125426030088427,0.00151685489928877,0.0018848636878932,0.000424571451861588,-0.000740981423071219,-0.00166976181520262,-0.00319948622479416,-0.00391522389424015,-0.00222390777841142,6.52652370964901e-05,7.35195354311102e-05,-0.00141889992732036,-0.00149648212772835,-0.00026382713252282,-0.000178732646317847,-0.00108578285869587,-0.000664933435427173,0.000610685771399666,8.89127763139541e-05,-0.00159076741559261,-0.00124410283720611,0.000430096896253396,-0.000344889022636075,-0.00237914700014397,-0.000269883360630274,0.00412387240284851,0.000168224952125762,-0.0154770320090432,-0.0300245168663453
1,0.00280108995783213,0.00272981346907031,0.00357692568872103,0.00343784091393218,0.00200825562991902,2.95862159322979e-05,-0.00199737746417039,-0.00313305389024077,-0.00195510170628754,0.0011310385780714,0.00323540839779302,0.00237929040046048,5.01812361459741e-05,-0.00125917200128356,-0.00141460847367458,-0.00165029621703017,-0.0017960402191628,-0.000813372076989616,0.000874665502581529,0.00174854282848713,0.00131959734401654,0.000251975852866515,-0.000896770409204883,-0.00160431187545029,-0.00109528253575952,0.000286884331196724,0.000577110565409988,-0.00117588321992557,-0.0029585076443972,-0.00243437992483031,-0.000362489523888954,0.000821617239317618,0.000748748437312763,0.00091492363461132,0.00148996822234704,0.00103963651715677,-0.000718900613098761,-0.00224448437331581,-0.00234068604823179,-0.00118220206243258,0.000580164295593377,0.00203380936927999,0.00192761441261347,0.000286962936319135,-0.000654006952444774,0.000737666130770975,0.00262951126481159,0.002124755008583,-0.000340576170011708,-0.00181849435966264,-0.00134691031359679,-0.000494408546286351,8.75590809750193e-05,0.00119885676263909,0.0022869033990256,0.0017151858479485,0.000157748203545083,0.000191614481139801,0.00192308315012735,0.00249256129588016,0.000697250571227492,-0.00130526860388791,-0.00174293191701924,-0.00127233756669121,-0.000487129829526367,0.000984354414269362,0.00199405892188409,0.000408637395634237,-0.00269046037726195,-0.00341052999786129,-0.00102457937643319,0.000755466909487801,3.29991863106116e-05,-0.000511172917969205,0.000838016044398593,0.00165505141139644,0.000508140335712781,4.47909592331541e-05,0.00155209076889484,0.00170648900466741,-0.00124851950525873,-0.00340234151533103,-0.00182370861241754,0.0001566580785477,-0.000495943882587113,-0.000527577586418637,0.00273879179784942,0.0045837206598689,0.000741623763144794,-0.00358762254190914,-0.00171049145001501,0.00269211858482521,0.00200413340432348,-0.00170696508567136,-0.00131238592165772,0.00132321824987169,-0.000435953452680771,-0.00318873679906417,0.0010093618515512,0.0066570615188084,0.00177939814483352,-0.00709585479598829,-0.00122682535324081,0.0131040519504744,0.00185015903618702,-0.0456661936963618,-0.0900698580004136
1,0.00152889079947016,0.000862014018432333,0.000598879235758076,0.000759230530460009,0.000783313543213815,0.000407079836859836,1.42551844710681e-05,-2.13403673834378e-05,0.000219126976904072,0.000562145818260085,0.000970772807044717,0.00122455291466395,0.000969402650948581,0.000340761249192134,-3.45278015023709e-05,7.49706618359269e-05,0.000205375528008922,6.5954363245524e-05,3.36242807561504e-05,0.000362358067008017,0.000572863226038223,0.000215349309316437,-0.000309536808100752,-0.000341151670076201,4.72773036594987e-05,0.000270328500326045,0.000103281882365636,-0.000243553697165666,-0.000594244496133101,-0.000801093864504665,-0.000615367441521464,-0.000114302360193719,0.000119703944807981,-0.000184139856943766,-0.000432788883846236,-9.53647853201289e-05,0.000313967518075664,3.16394991957125e-05,-0.000595401870898904,-0.000572747515580119,0.000141138691189369,0.000579966128542608,0.000295537693486558,-9.96231262133662e-05,-4.66042529962962e-05,0.000247801083337329,0.000429063492270565,0.000486131131692602,0.000393916476106426,3.04249609541785e-05,-0.000339182710823671,-0.000230577843623792,0.000234588650433132,0.000421079701813376,0.000232621126202481,0.000238232144329942,0.000582548778263359,0.000699862628565029,0.000385110881804707,0.00018078331769722,0.000317256503210572,0.000254603692832589,-0.000220090568818776,-0.000421605654063129,6.37453041978375e-05,0.00054287922659757,0.000295505841890531,-0.000301946061398439,-0.000500871724626428,-0.000313728125886925,-0.000153623606748532,-1.8070171322826e-05,0.000190526328021079,0.000176632336518878,-0.000146782004698309,-0.000218895914694706,0.000245669366829127,0.000594405254137342,0.000287446347814857,-0.000164502978537762,-0.000179944906117946,-0.000163487096250137,-0.000563826975917614,-0.000774104938357389,-0.000186708267151836,0.000503232228076023,0.000394399224876274,-4.04349198106502e-05,7.27809312266459e-05,0.000316786392522417,-7.74963342902169e-05,-0.000479016207297178,2.39684169667242e-05,0.000602128413536462,2.39173321139319e-05,-0.000788959427979741,-0.000188960726132947,0.000927510151803368,0.000470672184617271,-0.000721490841449679,-6.25097485613679e-05,0.0014791184203391,0.000229236604526228,-0.00275003405379515,-0.000787907182517422,0.00835561715841138,0.0170099931129899
1,0.00461983814225331,0.0045200931007976,0.0041498030104874,0.00320589209832889,0.00117490102981943,-0.00189020332543333,-0.004432099739474,-0.00438773253178582,-0.00166108557103062,0.00112931520734083,0.00113717535815017,-0.00166906673821821,-0.0045253984523379,-0.00491554888041801,-0.00303396863357719,-0.0009891925283112,-0.000179139485800839,-0.000301090605555387,-0.000819935815992601,-0.0021183923867607,-0.00428180782606979,-0.00559339531739234,-0.00386495866471748,0.000501128245654847,0.00406364564668138,0.00370511914841476,-0.000216281685768038,-0.00459850563037101,-0.00678750287783636,-0.00641169955419052,-0.00472353716255469,-0.00313142862561033,-0.00230664760365595,-0.00203104716141933,-0.00169188490959726,-0.000959439527429495,0.000229085035972076,0.00216127923013776,0.00492948113903946,0.00727881305831257,0.00706848458584819,0.00383955566290073,0.000108105930864077,-0.00108471190850601,0.000508156589302367,0.00249915775379606,0.00289759843269799,0.00181129406427161,0.000456115711642724,-0.000158245058612394,0.000495674773031141,0.00225271773320834,0.00399133955500908,0.00443817792951062,0.00344590229709052,0.00186900535490064,0.000382344670143198,-0.000767058250962904,-0.00128031863501388,-0.00129286599328271,-0.00193700603406022,-0.00386383935375445,-0.00546238810523469,-0.00447593084070697,-0.00148581907698375,0.000337158368865609,-0.000608160625253262,-0.00272607399470726,-0.00452055539545526,-0.00687424718753871,-0.0103773408883221,-0.0127922394111062,-0.0116519881200459,-0.00777271997867857,-0.00367939820046637,6.92743541605978e-05,0.00412634808648793,0.00700467704419694,0.00602586337048194,0.00179671620294908,-0.00142112698949415,-0.000770492666889666,0.00212740048523141,0.00404470951515012,0.00388884691800584,0.00247829664678179,0.000609191842743328,-0.00113945560237205,-0.00203253331476461,-0.00198207068130873,-0.00184648372382767,-0.00209738428405615,-0.00220062117502096,-0.00191835909815463,-0.00187873349916412,-0.00210449555413827,-0.00148330348956005,0.000256913808605042,0.00143663180095999,0.00044353431287103,-0.00233636450689101,-0.00549600727155752,-0.00791775314733467,-0.00805717956587415,-0.004131386984489,0.00286005577063531,0.00824672585639696
1,-0.00774799233029277,-0.00742882859276683,-0.00595232261507928,-0.00479382869491296,-0.00572874411429236,-0.00769888891182635,-0.00801667391472893,-0.00586468420369979,-0.00281300375597215,-0.000419331576374304,0.000992348569609725,0.00140752992635829,0.000589038506915607,-0.00125636351892666,-0.00330762901251358,-0.00485880984662757,-0.00554720821492705,-0.00493029568470948,-0.0027161813674752,0.000392042470611642,0.00275452269178622,0.0030320601589322,0.00120248796841782,-0.00146861514762175,-0.00313480688216838,-0.00250083048437766,-5.17304315330591e-05,0.00200461340904123,0.00185666813318175,0.000159655416349658,-0.000793897971301583,4.09713665945333e-05,0.00140498110031029,0.00179821595746255,0.00142715670801952,0.00126444395278824,0.001049454489916,-0.000411824676151973,-0.0030095250976947,-0.00465064161510309,-0.00353691366962039,-0.000580268646225512,0.00133524290883269,0.000620428125623462,-0.00117797140087283,-0.00139816749331967,0.00021722516797329,0.00104617298516008,-0.000969485396560721,-0.00432388027609854,-0.00546132907782226,-0.00298391988410973,0.000827714759945586,0.00283812449162024,0.00227379626481383,0.000636089294398623,-0.000517521820954769,-0.000711044107839065,-0.000101438937440079,0.000892579165747698,0.0015172626521105,0.00116766523327705,0.000222473585807847,-0.000163062479742848,0.000641523597357363,0.00198481789691485,0.00262810341664377,0.0019482374179951,0.00041009413899129,-0.00087712798238293,-0.00102468866704974,-6.12219093918398e-05,0.00109322038537218,0.00141509385364991,0.00056101298052802,-0.00100056465860821,-0.00226348120385289,-0.00208257375142917,-3.58776728077714e-05,0.00258889578169086,0.00329267588253934,0.000740205474355271,-0.00354125143031148,-0.00649180996680077,-0.00630163710653697,-0.00337411848176128,0.000649976667949304,0.00360545314361005,0.00334050472990111,-0.000341953335182943,-0.00422908470936889,-0.00442883575716913,-0.00123975042231894,0.000903335278843898,-0.000571514634126302,-0.00286872604285815,-0.00222989106503046,0.000550519930819782,0.00199781354788975,0.0015261026166824,0.00121862285949348,0.000970775519817835,-0.00131439435569725,-0.00406550161465891,-0.00183176433453802,0.00653815596526641,0.0141294281382986
1,-0.00986550409491915,-0.00364748838259743,-0.00016689122399427,0.00171807430700532,0.00405098927707215,0.0101767486871829,0.0191781135177589,0.0223805656903968,0.0120936712672286,-0.00632628476648733,-0.0177082913868656,-0.0142818562647893,-0.0041474744751735,0.00037499565426824,-0.00240969881865816,-0.00515901560071086,-0.00373073707985938,-0.000898795163371879,0.000864498824519444,0.00300385773709966,0.00563412448359735,0.0048708206450927,-0.000821637938536846,-0.00579925707315088,-0.00339315132709039,0.00522771526671217,0.0125609922930892,0.0139328459447352,0.0111417778193896,0.00762615928539034,0.00446903442033353,0.00203202392957813,0.00161367261194023,0.00334550248057042,0.00477058827912913,0.00338801909361841,-0.000761305367601217,-0.00579438704472857,-0.00930344022677865,-0.00855758758376357,-0.00260672659469563,0.00427552273116216,0.00484532556427908,-0.00238908411933902,-0.00968240045286262,-0.00918873798067921,-0.00312016378860225,9.40099355624113e-05,-0.00202262662544594,-0.00401728666268397,-0.00271604349276,-0.0022376780638238,-0.00604500168197042,-0.0102533464339549,-0.00957786984406006,-0.00521806797702329,-0.00113253259123169,0.00379854480970465,0.0126098694768855,0.020915888884276,0.0191478520104118,0.00602646379530558,-0.00706434765450137,-0.00902050015784361,-0.00160262429975955,0.00502063145891452,0.00544897099541064,0.00274126968385158,0.00129710340992339,0.00169480545072354,0.00255682734716878,0.00290177550845971,0.00146136836356714,-0.00298346012434525,-0.00900015881773175,-0.0124145595433038,-0.0101613745163407,-0.00295667271353839,0.00603866129734243,0.0131274246191104,0.0144019827935873,0.00738694951436791,-0.00534891583777064,-0.0159517741383901,-0.017297661743088,-0.0093541935826762,0.00128096664750998,0.00747737237922497,0.00659942441948314,0.00105831610877605,-0.00432547040251574,-0.00605712177539175,-0.00445597042257795,-0.00225948625302141,-0.000547431705910206,0.00223497781385706,0.0061943141916867,0.0075988465781629,0.00360490795643553,-0.00232276036080581,-0.00384897112767657,-0.000392771591631202,0.00202021849568457,-0.000529738957685488,-0.00471229445416288,-0.00581858677759151,-0.00461992489249941
1,-0.00541174260865063,-0.00535657892876706,-0.00345923939405246,-0.00256065099640157,-0.00384521311779107,-0.00461534000927788,-0.00346940096246051,-0.00251770457553047,-0.00284474862854456,-0.00254744114594896,-0.00103452574980789,-0.00080535101241086,-0.00289521497892942,-0.00452821926430502,-0.00351186753013444,-0.00147575179406001,-0.000543420548781093,-2.3134744975728e-05,0.00122376143189751,0.00201483126384172,0.00102376223665868,-0.000574257577169668,-0.00108514371984647,-0.00105335384799865,-0.00180298329950812,-0.00283641640330767,-0.00278779086524938,-0.00169297067663443,-0.000569018731029658,7.91042201342407e-05,-1.09494605613492e-05,-0.00115354159136327,-0.0024481451625693,-0.00195761480932077,0.00032174989673095,0.00146993647402205,-0.000533691324412722,-0.00360709063911013,-0.00420630823754831,-0.00184290506326334,0.00102169601708635,0.00237913799663225,0.00196156846488105,0.000278538417676444,-0.00147292552469569,-0.0014587085804294,0.000633288813798316,0.0021964028057786,0.000683283581152772,-0.00250800313631405,-0.00336693432106472,-0.000368103165983236,0.00378361541568673,0.00561591580463716,0.00441188694447625,0.00214425821774,0.00130759979845152,0.00286075079234571,0.00515467192200614,0.00515239217123131,0.00191318838888233,-0.00166146293241365,-0.00206680068730414,0.000330547743687681,0.00187672252740434,0.000433640216541242,-0.00240483949479486,-0.0040507662201632,-0.00389153573195777,-0.00285990201703701,-0.00164726867289122,-0.000395761271326123,0.000662196018881289,0.00112824059491246,0.000852099121347649,0.000233821147563873,9.83467072872557e-05,0.000798499791661911,0.00131115744956034,0.000210667922017294,-0.00204580450941183,-0.00320484029913448,-0.0023623000434041,-0.0012574751422969,-0.00119279600624278,-0.00083250401405266,0.00088803024352746,0.00193207526115824,0.000261289420373956,-0.00207904239083767,-0.00166509360832823,0.000759880405043489,0.00146181300081949,-0.000354960070656496,-0.00204505312000336,-0.00242143217975244,-0.00254260004298068,-0.00194642568067049,0.000613519696241127,0.00265383904841343,0.000431565142686274,-0.0033818854563652,-0.00215841258175864,0.00218595828408752,-0.00180833842405637,-0.0179229089371438,-0.0329865120777031
1,-0.0170773891106721,-0.0118677947981736,-0.00649630435989756,-0.00471760084435946,-0.00554128534712373,-0.0053238632135173,-0.0038087365100532,-0.00343908062392018,-0.0041951002793752,-0.00389942672473076,-0.00275080417126539,-0.0029563674685269,-0.00427115113237519,-0.00419470439685732,-0.00251208801476821,-0.00163603948386726,-0.00226799410652223,-0.0024359155253606,-0.00123524581451129,-0.000155337558815916,-0.000180670539150718,-0.000560285123199833,-0.000873219095941735,-0.00154965942990604,-0.00205370660217596,-0.00123498048220405,0.000290963197737248,0.000716749993475929,8.59410005658034e-05,0.00012948076968744,0.00106269540155601,0.00132144172915716,0.000564742313690303,0.000104931747936021,0.000199243206925992,-0.000244224254190684,-0.0011217815074529,-0.0012087276420063,-0.000862814001296286,-0.00153149298638855,-0.00245082356553272,-0.00132957710845272,0.0012612010039339,0.00195185184321112,-7.4633276137881e-05,-0.00160618800573253,-0.000654812311259079,0.000549553039299155,-0.000284321091123196,-0.00180120983633625,-0.00178274923784461,-0.000734924124377478,-0.000248699208874825,-0.000172276827783868,0.000274038742312577,0.000615988982342053,0.000399967877011242,0.000443660655533584,0.00108758294193567,0.00117996248387087,0.000310053614382078,-0.000162773239884118,0.000248825445352985,1.8209283679127e-05,-0.00129721574683739,-0.00157791405206797,0.000284609516230105,0.00203388220923451,0.00145638127768954,-0.000310230915470555,-0.000975940671009035,-0.000238026857328322,0.00111451516877281,0.00265839675426083,0.00326141682283243,0.00153113344317291,-0.00113274955862597,-0.00147847414160829,0.000143708258351971,-0.000234907444133903,-0.00295774764708323,-0.00316222578207093,0.000665231020263057,0.00301772079786122,0.000554756045326954,-0.00183476654278714,0.000143604790135754,0.00228274559279384,3.66622122243143e-05,-0.0023509963066255,0.000197218012258027,0.00313699213106222,0.000396361584992455,-0.00331781876634007,-0.000736733185302541,0.00331203710348937,0.000257654706309118,-0.00446263196258112,-3.48124614584222e-05,0.00725304615664957,0.00254088262479524,-0.0075040617377784,-0.00124170049444583,0.0149474357767767,0.00272261310646194,-0.0503759920923974,-0.100226008617431
1,-0.0104636511067939,-0.0137427875142064,-0.00854955436127369,-0.00077103614062235,0.00556751067655981,0.00764646621172549,0.00203155051977699,-0.00849033487308848,-0.0127167979005254,-0.00526046270604752,0.0028188615837248,-0.00127247384478224,-0.0119122894816037,-0.0131530627480636,-0.00361866378942644,0.00262303435258193,5.60396995430423e-05,-0.000975568065196164,0.00432385466295671,0.0039252376496961,-0.0103651286968436,-0.0248022681391236,-0.0207144829788959,-0.00160978676308332,0.0112058797113539,0.00637294242116759,-0.00724924368454172,-0.0167918100670228,-0.0194741660272646,-0.0185217282058874,-0.015099949715534,-0.00903639137837065,-0.00228997412610088,0.0016986017259697,3.91247034814413e-05,-0.00750095429974618,-0.0149704678989417,-0.0116299061848038,0.00614136611616978,0.0252576529515309,0.026661169541792,0.00783612781283871,-0.0123247595925289,-0.0144667128699894,0.000803540797028823,0.016610145686184,0.0188467571128843,0.00768999941002502,-0.00564261428214685,-0.00908200297931749,0.00082477170710149,0.0156715653280486,0.0225394347794357,0.0167007134859993,0.00550909186310911,-0.00106401967945224,-0.000461686523463456,0.00304803152454092,0.00446363134974082,0.000913981150423737,-0.00720206583298921,-0.0144458908984078,-0.0137554590784852,-0.00561044769000407,0.000221718607815724,-0.00331157214397848,-0.0109845312871091,-0.0134724475648049,-0.0109309203480654,-0.0107009573089067,-0.0143006539472932,-0.0159225710181978,-0.0131300402388632,-0.00920410101863833,-0.00381276996793378,0.00765364094552989,0.0210881211203535,0.0210264375924547,0.000281781397882597,-0.024723901233302,-0.029435682289777,-0.00987222642722507,0.0137191474427789,0.021688543466774,0.0144195053303573,0.00509281176273113,0.00165497353562039,0.00155772836956114,-0.000189822421051034,-0.00390563463160642,-0.00589894252590195,-0.00337700409397534,0.00160292960054331,0.00303782813825304,-0.00241661154722284,-0.00984577638694883,-0.0104822838977103,-0.00296064591878764,0.00360898028713752,0.000656297268217365,-0.00883947375142125,-0.0144155559315893,-0.0115872586872925,-0.00668990276738946,-0.00790802930123125,-0.0152569593366119,-0.0216391736776442
1,-0.00167142779389362,0.000444339107231073,0.00148055805783276,0.000352415007942142,-0.000694851900385984,0.000135968532070763,0.00147194137506812,0.00121210813347705,-0.000245165280825965,-0.000910887532466376,-6.58505047708147e-05,0.00128967141025527,0.00196962604138129,0.00145025233820828,-5.46563999028749e-05,-0.00155088233230138,-0.00202578857634794,-0.00165096717542657,-0.00127103188933475,-0.000701632761150428,0.000847693525632742,0.00253787975426256,0.00226728756413674,-6.56583612519412e-05,-0.00187304382146536,-0.00140960841360727,0.000154732713540717,0.0012092438623057,0.00188895846322357,0.0024943385649836,0.00220657006077829,0.00104793833529282,0.000743105761716656,0.0018172219370074,0.00226490501985754,0.00101777970363148,-9.06905521258494e-06,0.000374611347939258,-1.243641471671e-05,-0.00255146634206316,-0.00409723124928885,-0.00152798663697684,0.00247165798322424,0.00290463901125371,-1.04078703877519e-05,-0.00180041451416368,-0.00105405488874322,-0.000476935664067923,-0.00111170126390192,-0.00101057733156473,-7.87670231039428e-05,-0.000880273384786356,-0.00344283082540908,-0.00420937250680975,-0.00182443063225346,0.000521257178052181,0.000383889408243299,-0.000479515057381086,3.10355797106254e-05,0.000989714680221354,0.00112290563795003,0.00121383435092159,0.00164228560256507,0.000984824781165017,-0.000817207049919055,-0.00135073300167132,0.00014028503429131,0.00108472937700199,0.000105068228170246,-0.000621057682635318,0.000262546791644169,0.000709765536742957,-0.000356976008728083,-0.000522935003562708,0.00119976090970209,0.00154007210325435,-0.0012529335117808,-0.00341595052464783,-0.00173945391561681,0.000898974899913974,0.00083805821180416,-0.000105611378743653,0.000891155809437549,0.00150109046982205,-0.00111627493035193,-0.00372982766134911,-0.00209786769586451,0.00115840749744223,0.00114518314618817,-0.000571694307429205,0.000126745100713421,0.00116520799112063,-0.00133567860917161,-0.00371420753252938,-0.00051015282952882,0.00389878946288125,0.00180829936187266,-0.00270941778034928,-5.87620663079491e-05,0.00566114058673328,0.00209598566249625,-0.00639219047231965,-0.00217457390159659,0.0109538754848408,0.0027304214861088,-0.0378412770940582,-0.0766132347230899
1,0.00472782138533834,0.00535452111801682,0.00573191281957275,0.00483307915559372,0.00326449724884093,0.00267302183089502,0.00337967241742287,0.0039314449722605,0.00328064664197747,0.00213866963034448,0.00159076845849437,0.00143182256917118,0.000803000450865454,-0.000103579572360957,-7.03361901193134e-05,0.00131649336127904,0.0027038155196184,0.00246592476889251,0.000817957425991445,-0.000419486399846569,-0.000272661136141217,0.000188879402998943,-0.00025292046882619,-0.000940073051818757,-0.000541534761228313,0.000458553691010444,0.000344969031898401,-0.0009221023598176,-0.001468965433852,-0.000542672009451906,0.000360655883060446,0.000228010484602414,0.000203590168506906,0.00115644742826326,0.0016473257673697,0.00029437419556988,-0.00149349301543911,-0.00146963301581415,-4.63814354452197e-05,0.000588045978997975,-2.45844526363115e-05,-0.000538165943738456,-0.00064624026504756,-0.0012670537179309,-0.00204710261255237,-0.00148298898397048,0.000132632533182964,0.000569745729523063,-0.000798226809698654,-0.00176599457763693,-0.00064181133124297,0.00135297832179937,0.0022354841950909,0.00188793881203075,0.00121079211312658,0.000353805512228078,-0.00074057344945988,-0.00136593960794862,-0.00102249989409398,-0.00035492405311377,-6.72317105756548e-05,7.43386536914414e-05,0.000341464074533171,0.000382233570141111,0.000242149340961006,0.000628128966591035,0.00132918464897003,0.000998065688111005,-0.000518411462209656,-0.0014296455250129,-0.000776478610462483,-3.84201613332635e-05,-0.000515562601401065,-0.00114070207365558,-0.000727073438531178,-0.000341976271860389,-0.00117593889247924,-0.00196390006518765,-0.00118169287996306,-0.00011307455197862,-0.000746184684018658,-0.00206675209983143,-0.00174768171253703,-0.000369572707014321,-0.000325770679420856,-0.00128985611210908,-0.000709951702120293,0.0013867838964412,0.00212481385198515,0.000671802956504486,-0.000539373278889421,-0.000256336118164668,-0.000244807106309253,-0.00151780670441148,-0.00237233447474594,-0.00166312161625903,-0.00071142728061524,-0.000528799700163951,-0.000393690282621151,-0.000328765314129953,-0.00123026901333034,-0.00150655563297697,0.00136987107542907,0.00397790921014973,-0.00202658156345414,-0.0175058485316013,-0.0307496871683393
1,-0.0216777905265033,-0.01534954168058,-0.00296300754445866,0.00305898369844293,-7.73764506440955e-05,-0.00448996923714962,-0.00228864361839154,0.00492363126833784,0.00798566408912382,0.00114473600392184,-0.00988209581009425,-0.0128332052567677,-0.00334043552988827,0.00804510889807908,0.00756547188478418,-0.00401449295385614,-0.0116355642445942,-0.00541761737772717,0.00711924601822389,0.0128626496891249,0.0105773396249278,0.00858132110069842,0.00896293707553752,0.00458202074718184,-0.00742736989727888,-0.0185595422523273,-0.0194919011761003,-0.0114223941240725,-0.00232685764919971,0.00334765673101778,0.0064025054758341,0.00785850877623684,0.00753152334557772,0.00596610592744362,0.00340848642249725,-0.00197579553958072,-0.0107953379679229,-0.0181974723191782,-0.0173532945429402,-0.00776465968640849,0.00331133482209101,0.00873731342782591,0.00819710383001304,0.00610042160446511,0.005358880707381,0.00504926081002655,0.00281278250034589,-0.00227135591688388,-0.0086833516193261,-0.0128313015904915,-0.0106061077597834,-0.000626552365062594,0.0123830562916245,0.0186183269404188,0.0113687288907673,-0.00371259026631332,-0.0107690012778914,-0.000312270693124006,0.0170123933582946,0.0196558665446043,0.000755896810312073,-0.0213852856343877,-0.023790626629145,-0.00568366210484417,0.012291691060458,0.0137409918721207,0.00262846101491832,-0.00763339342408198,-0.0118307990594513,-0.0132578680894841,-0.0125489594381198,-0.00593032894729717,0.00560624409224175,0.0137070604817549,0.012784248697244,0.0074849921700828,0.00538196753799092,0.00562251066736685,0.000966118826474904,-0.00963180671667274,-0.01730267313763,-0.0148479779969204,-0.00643589922816012,-0.000532253194153398,0.00269413882575265,0.00888593171885343,0.0155467047166695,0.0109574294030654,-0.00804063972652891,-0.0252390233772726,-0.0211930713429389,0.00249901322619017,0.0234379215275524,0.0231084220394102,0.00474042345200854,-0.0139162967292723,-0.0188771743305747,-0.00923623935676154,0.00526509647333739,0.012421917415292,0.00778109985693565,-0.000482417354203513,-0.000909087598174985,0.00561203205814831,0.00608454911296175,-0.0055141215407799,-0.0179368693860651
1,-0.000647118848226214,0.00543859007053804,0.00313539594010059,0.000688125320277067,0.00483852530841133,0.00984860041455971,0.00434221063209961,-0.0104332353308649,-0.0179739437825281,-0.00671982471308397,0.0139893549374239,0.0247417680700792,0.018372044787732,0.00443971593096215,-0.00562382286236485,-0.00979485013849501,-0.0118542112934428,-0.013594229953017,-0.0134186159766605,-0.00924269218086327,-0.00104919455341079,0.00751360267327694,0.010284966199813,0.00425207195761956,-0.00593854590861653,-0.0120891850420994,-0.0112295952341332,-0.00758812212018523,-0.00601350024168923,-0.00665937561981789,-0.00649165709682542,-0.0029615820051232,0.00433305964223063,0.0127267046244555,0.016840336150314,0.0131751322754532,0.00536232545166371,0.00169220683162052,0.00580105460067948,0.0122884600865802,0.0133007464031847,0.00753358826871331,0.000916560939752564,-0.000544167667159812,0.0027703176847238,0.00460893146897856,-0.000137435886499837,-0.00876795492894633,-0.0127911748491547,-0.00804323049601319,-0.000352595591277094,0.00186786291253149,-0.00190899524318322,-0.00588852759790726,-0.0076808449716177,-0.00964868258364504,-0.0110493303715726,-0.00707869130343575,0.00180198695950295,0.00733051534530738,0.00495321038305363,0.00159285661329722,0.00583589736243439,0.0148723406285765,0.0179944549846223,0.0108228617997179,8.5867893435676e-05,-0.00480557821368244,-0.000631788004093359,0.00775120364435722,0.0107558126069414,0.00170117788374391,-0.0147208286906464,-0.0243274978760253,-0.0185969369452605,-0.0051975877892616,0.00198425973108662,0.000231732579776711,-0.00150547470523321,0.00284933584607039,0.00980070390610877,0.0136719294822569,0.0124305286371884,0.00551015815814626,-0.00586430123084458,-0.0145635691376249,-0.0123234183986591,-0.00175268206125345,0.00442579422913969,0.000110259351694175,-0.00610713557496112,-0.00476772135228654,0.000495826897063623,0.000354753487849635,-0.00514441998117743,-0.00808739072996811,-0.00569153132866429,-0.00254538709015417,-0.00119497429568849,0.000812622640972371,0.00391089695282965,0.00422065027612195,0.000599726831584491,-0.0017531810269773,0.00213650203112259,0.0102832077564852,0.0162718562627315
